"annee";"identifiant";"code_cours";"activite";"domaine";"famille";"type";"stat_com";"oi";"public_cible";"date";"jour";"debut";"fin";"lieu";"responsable";"session";"nombre_sessions";"etat";"source_2026";"classification";"contrainte_calendrier";"decision_calendrier";"validation_humaine";"commentaire"
"2026";"QV26:L5";"";"Formation personnel CFF";"F5/6";"";"Formation";"";"OI_NON_DOCUMENTE_2026";"Centre de formation pour la sécurité AfS";"2026-01-23";"Vendredi";"08:00";"12:00";"Caserne G1";"C op";"";"";"SOURCE_CLASSEUR_2026";"classeur ligne 5";"HUMAN_REVIEW";"";"";"OUI";"Aucun lien sourceLine 2027 prouvé ; absence non présumée volontaire"
"2026";"QV26:L6";"010JSP.6";"Cursus JSP - module 1 | Petzi découvre les pin-pon";"F7";"JSP";"";"010JSP";"OI_NON_DOCUMENTE_2026";"C site JSP | Moniteurs JSP | JSP";"2026-01-26";"Lundi";"18:00";"20:00";"Caserne G1";"Resp for JSP";"";"";"SOURCE_CLASSEUR_2026";"classeur ligne 6";"RECONDUIT";"";"";"NON";"Référence source de 1 occurrence(s) 2027"
"2026";"QV26:L7";"070F1.7";"Séance personnel DAP | Kick-off";"F1/8";"DAP";"Séance";"070F1";"DAP:Y1";"EM | C site | Échelons 0 et I | FOBA 2";"2026-01-28";"Mercredi";"19:00";"21:30";"Caserne G1";"C DAP";"";"";"SOURCE_CLASSEUR_2026";"classeur ligne 7";"HUMAN_REVIEW";"";"";"OUI";"Aucun lien sourceLine 2027 prouvé ; absence non présumée volontaire"
"2026";"QV26:L7";"070F1.7";"Séance personnel DAP | Kick-off";"F1/8";"DAP";"Séance";"070F1";"DAP:Y2";"EM | C site | Échelons 0 et I | FOBA 2";"2026-01-28";"Mercredi";"19:00";"21:30";"Caserne G1";"C DAP";"";"";"SOURCE_CLASSEUR_2026";"classeur ligne 7";"HUMAN_REVIEW";"";"";"OUI";"Aucun lien sourceLine 2027 prouvé ; absence non présumée volontaire"
"2026";"QV26:L7";"070F1.7";"Séance personnel DAP | Kick-off";"F1/8";"DAP";"Séance";"070F1";"DAP:Y3";"EM | C site | Échelons 0 et I | FOBA 2";"2026-01-28";"Mercredi";"19:00";"21:30";"Caserne G1";"C DAP";"";"";"SOURCE_CLASSEUR_2026";"classeur ligne 7";"HUMAN_REVIEW";"";"";"OUI";"Aucun lien sourceLine 2027 prouvé ; absence non présumée volontaire"
"2026";"QV26:L7";"070F1.7";"Séance personnel DAP | Kick-off";"F1/8";"DAP";"Séance";"070F1";"DAP:Y4";"EM | C site | Échelons 0 et I | FOBA 2";"2026-01-28";"Mercredi";"19:00";"21:30";"Caserne G1";"C DAP";"";"";"SOURCE_CLASSEUR_2026";"classeur ligne 7";"HUMAN_REVIEW";"";"";"OUI";"Aucun lien sourceLine 2027 prouvé ; absence non présumée volontaire"
"2026";"QV26:L8";"010JSP.8";"Cursus JSP - module 2 | Petzi apprend les bases";"F7";"JSP";"";"010JSP";"OI_NON_DOCUMENTE_2026";"C site JSP | Moniteurs JSP | JSP";"2026-02-03";"Mardi";"18:00";"20:00";"Caserne G1";"Resp for JSP";"";"";"SOURCE_CLASSEUR_2026";"classeur ligne 8";"RECONDUIT";"";"";"NON";"Référence source de 1 occurrence(s) 2027"
"2026";"QV26:L9";"013Y1DAP.9";"Cours de cadres exercice DAP 1";"F7";"FOCO";"Cours";"013Y1";"DAP:Y1";"C sct | Formateurs";"2026-02-05";"Jeudi";"19:00";"21:30";"Local Y1";"C sct";"";"";"SOURCE_CLASSEUR_2026";"classeur ligne 9";"RECONDUIT";"";"";"NON";"Référence source de 2 occurrence(s) 2027"
"2026";"QV26:L10";"011PR.10";"Cursus PAPR - module 2 | Matériel PR";"F7";"PR";"";"011PR";"OI_NON_DOCUMENTE_2026";"Form PR | PAPR N'26";"2026-02-10";"Mardi";"18:00";"21:00";"Caserne G1";"C PR";"";"";"SOURCE_CLASSEUR_2026";"classeur ligne 10";"HUMAN_REVIEW";"";"";"OUI";"Aucun lien sourceLine 2027 prouvé ; absence non présumée volontaire"
"2026";"QV26:L11";"012G1DPS.11";"Instr demi-sct - KICK-OFF";"F7";"FOCO";"Instruction";"012G1";"DPS:G1";"Section 5A | Réserve | Réguliers";"2026-02-14";"Samedi";"07:30";"10:30";"Caserne G1";"C sct";"";"";"SOURCE_CLASSEUR_2026";"classeur ligne 11";"MODIFIÉ_VOLONTAIREMENT";"";"";"NON";"Instruction source de la couverture MOA 2027"
"2026";"QV26:L12";"012C1DPS.12";"Instr demi-sct - KICK-OFF";"F7";"FOCO";"Instruction";"012C1";"DPS:C1";"Section 1A | Perm B2";"2026-02-14";"Samedi";"07:30";"10:30";"Caserne C1";"C sct";"";"";"SOURCE_CLASSEUR_2026";"classeur ligne 12";"MODIFIÉ_VOLONTAIREMENT";"";"";"NON";"Instruction source de la couverture MOA 2027"
"2026";"QV26:L13";"012B2DPS.13";"Instr demi-sct - KICK-OFF";"F7";"FOCO";"Instruction";"012B2";"DPS:B2";"Perm B2";"2026-02-14";"Samedi";"07:30";"10:30";"Caserne C1";"C sct";"";"";"SOURCE_CLASSEUR_2026";"classeur ligne 13";"MODIFIÉ_VOLONTAIREMENT";"";"";"NON";"Instruction source de la couverture MOA 2027"
"2026";"QV26:L14";"012B1DPS.14";"Instr demi-sct - KICK-OFF";"F7";"FOCO";"Instruction";"012B1";"DPS:B1";"Section 1A";"2026-02-14";"Samedi";"07:30";"10:30";"Caserne B1";"C sct";"";"";"SOURCE_CLASSEUR_2026";"classeur ligne 14";"MODIFIÉ_VOLONTAIREMENT";"";"";"NON";"Instruction source de la couverture MOA 2027"
"2026";"QV26:L15";"0152F7PL/VL.15";"Conduite, formation continue";"F7";"AUTO";"Conduite";"0152F7";"DPS:G1";"Section 5A | Réserve | Réguliers";"2026-02-14";"Samedi";"10:30";"11:30";"Caserne G1";"C sct";"";"";"SOURCE_CLASSEUR_2026";"classeur ligne 15";"MODIFIÉ_VOLONTAIREMENT";"";"";"NON";"Cadence de conduite 2027 redéfinie par la MOA"
"2026";"QV26:L16";"0152F7PL/VL.16";"Conduite, formation continue";"F7";"AUTO";"Conduite";"0152F7";"DPS:C1";"Section 1A | Perm B2";"2026-02-14";"Samedi";"10:30";"11:30";"Caserne C1";"C sct";"";"";"SOURCE_CLASSEUR_2026";"classeur ligne 16";"MODIFIÉ_VOLONTAIREMENT";"";"";"NON";"Cadence de conduite 2027 redéfinie par la MOA"
"2026";"QV26:L17";"0152F7PL/VL.17";"Conduite, formation continue";"F7";"AUTO";"Conduite";"0152F7";"DPS:B1";"Section 1A";"2026-02-14";"Samedi";"10:30";"11:30";"Caserne B1";"C sct";"";"";"SOURCE_CLASSEUR_2026";"classeur ligne 17";"MODIFIÉ_VOLONTAIREMENT";"";"";"NON";"Cadence de conduite 2027 redéfinie par la MOA"
"2026";"QV26:L18";"0152F7PL/VL.18";"Conduite, formation continue";"F7";"AUTO";"Conduite";"0152F7";"DPS:B2";"Perm B2";"2026-02-14";"Samedi";"10:30";"11:30";"Caserne B2";"C sct";"";"";"SOURCE_CLASSEUR_2026";"classeur ligne 18";"MODIFIÉ_VOLONTAIREMENT";"";"";"NON";"Cadence de conduite 2027 redéfinie par la MOA"
"2026";"QV26:L19";"0151F7EA.19";"Cursus MEA - module 2.1";"F7";"AUTO";"";"0151F7";"OI_NON_DOCUMENTE_2026";"Formateur MEA | MEA N'25";"2026-02-17";"Mardi";"17:00";"19:00";"Caserne G1";"Of auto";"";"";"SOURCE_CLASSEUR_2026";"classeur ligne 19";"HUMAN_REVIEW";"";"";"OUI";"Aucun lien sourceLine 2027 prouvé ; absence non présumée volontaire"
"2026";"QV26:L20";"013Y2DAP.20";"Cours de cadres exercice DAP 1";"F7";"FOCO";"Cours";"013Y2";"DAP:Y2";"C sct | Formateurs";"2026-02-17";"Mardi";"19:00";"21:30";"Local Y2";"C sct";"";"";"SOURCE_CLASSEUR_2026";"classeur ligne 20";"RECONDUIT";"";"";"NON";"Référence source de 1 occurrence(s) 2027"
"2026";"QV26:L21";"0151F7EA.21";"Cursus MEA - module 2.2";"F7";"AUTO";"";"0151F7";"OI_NON_DOCUMENTE_2026";"Formateur MEA | MEA N'25";"2026-02-19";"Jeudi";"17:00";"19:00";"Caserne G1";"Of auto";"";"";"SOURCE_CLASSEUR_2026";"classeur ligne 21";"HUMAN_REVIEW";"";"";"OUI";"Aucun lien sourceLine 2027 prouvé ; absence non présumée volontaire"
"2026";"QV26:L22";"012G1DPS.22";"Instr demi-sct - KICK-OFF";"F7";"FOCO";"Instruction";"012G1";"DPS:G1";"Section 4A | Réserve | Réguliers";"2026-02-21";"Samedi";"07:30";"10:30";"Caserne G1";"C sct";"";"";"SOURCE_CLASSEUR_2026";"classeur ligne 22";"MODIFIÉ_VOLONTAIREMENT";"";"";"NON";"Instruction source de la couverture MOA 2027"
"2026";"QV26:L23";"012C1DPS.23";"Instr demi-sct - KICK-OFF";"F7";"FOCO";"Instruction";"012C1";"DPS:C1";"Section 3B | Perm B2";"2026-02-21";"Samedi";"07:30";"10:30";"Caserne C1";"C sct";"";"";"SOURCE_CLASSEUR_2026";"classeur ligne 23";"MODIFIÉ_VOLONTAIREMENT";"";"";"NON";"Instruction source de la couverture MOA 2027"
"2026";"QV26:L24";"012B2DPS.24";"Instr demi-sct - KICK-OFF";"F7";"FOCO";"Instruction";"012B2";"DPS:B2";"Perm B2";"2026-02-21";"Samedi";"07:30";"10:30";"Caserne C1";"C sct";"";"";"SOURCE_CLASSEUR_2026";"classeur ligne 24";"MODIFIÉ_VOLONTAIREMENT";"";"";"NON";"Instruction source de la couverture MOA 2027"
"2026";"QV26:L25";"012B1DPS.25";"Instr demi-sct - KICK-OFF";"F7";"FOCO";"Instruction";"012B1";"DPS:B1";"Section 3B";"2026-02-21";"Samedi";"07:30";"10:30";"Caserne B1";"C sct";"";"";"SOURCE_CLASSEUR_2026";"classeur ligne 25";"MODIFIÉ_VOLONTAIREMENT";"";"";"NON";"Instruction source de la couverture MOA 2027"
"2026";"QV26:L26";"0152F7PL/VL.26";"Conduite, formation continue";"F7";"AUTO";"Conduite";"0152F7";"DPS:G1";"Section 4A | Réserve | Réguliers";"2026-02-21";"Samedi";"10:30";"11:30";"Caserne G1";"C sct";"";"";"SOURCE_CLASSEUR_2026";"classeur ligne 26";"MODIFIÉ_VOLONTAIREMENT";"";"";"NON";"Cadence de conduite 2027 redéfinie par la MOA"
"2026";"QV26:L27";"0152F7PL/VL.27";"Conduite, formation continue";"F7";"AUTO";"Conduite";"0152F7";"DPS:C1";"Section 3B | Perm B2";"2026-02-21";"Samedi";"10:30";"11:30";"Caserne C1";"C sct";"";"";"SOURCE_CLASSEUR_2026";"classeur ligne 27";"MODIFIÉ_VOLONTAIREMENT";"";"";"NON";"Cadence de conduite 2027 redéfinie par la MOA"
"2026";"QV26:L28";"0152F7PL/VL.28";"Conduite, formation continue";"F7";"AUTO";"Conduite";"0152F7";"DPS:B1";"Section 3B";"2026-02-21";"Samedi";"10:30";"11:30";"Caserne B1";"C sct";"";"";"SOURCE_CLASSEUR_2026";"classeur ligne 28";"MODIFIÉ_VOLONTAIREMENT";"";"";"NON";"Cadence de conduite 2027 redéfinie par la MOA"
"2026";"QV26:L29";"0152F7PL/VL.29";"Conduite, formation continue";"F7";"AUTO";"Conduite";"0152F7";"DPS:B2";"Perm B2";"2026-02-21";"Samedi";"10:30";"11:30";"Caserne B2";"C sct";"";"";"SOURCE_CLASSEUR_2026";"classeur ligne 29";"MODIFIÉ_VOLONTAIREMENT";"";"";"NON";"Cadence de conduite 2027 redéfinie par la MOA"
"2026";"QV26:L30";"";"Formation personnel CFF";"F5/6";"";"Formation";"";"OI_NON_DOCUMENTE_2026";"Centre de formation pour la sécurité AfS";"2026-02-23";"Lundi";"10:00";"17:00";"Caserne G1";"C op";"";"";"SOURCE_CLASSEUR_2026";"classeur ligne 30";"HUMAN_REVIEW";"";"";"OUI";"Aucun lien sourceLine 2027 prouvé ; absence non présumée volontaire"
"2026";"QV26:L31";"070F0.31";"Séance interSDIS";"F0";"SDIS";"Séance";"070F0";"OI_NON_DOCUMENTE_2026";"Cdt | C for";"2026-02-23";"Lundi";"16:00";"18:00";"Caserne SDIS";"Cdt";"";"";"SOURCE_CLASSEUR_2026";"classeur ligne 31";"RECONDUIT";"";"";"NON";"Référence source de 1 occurrence(s) 2027"
"2026";"QV26:L32";"010FOBA.32";"Remise équipement des recrues FOBA 1";"F7";"FOBA";"";"010FOBA";"DPS:G1";"Resp EPI | FOBA 1";"2026-02-23";"Lundi";"17:00";"19:00";"Caserne G1";"C log";"";"";"SOURCE_CLASSEUR_2026";"classeur ligne 32";"RECONDUIT";"";"";"NON";"Référence source de 1 occurrence(s) 2027"
"2026";"QV26:L33";"";"Formation personnel CFF";"F5/6";"";"Formation";"";"OI_NON_DOCUMENTE_2026";"Centre de formation pour la sécurité AfS";"2026-02-24";"Mardi";"08:00";"17:00";"Caserne G1";"C op";"";"";"SOURCE_CLASSEUR_2026";"classeur ligne 33";"HUMAN_REVIEW";"";"";"OUI";"Aucun lien sourceLine 2027 prouvé ; absence non présumée volontaire"
"2026";"QV26:L34";"01522F7VL.34";"Cursus cond VL - module 2.0 | Connaissance véhicule";"F7";"AUTO";"";"01522F7";"OI_NON_DOCUMENTE_2026";"Moniteurs conduite DPS et DAP | Cond VL N '26";"2026-02-24";"Mardi";"18:00";"20:00";"Caserne G1";"Of auto";"";"";"SOURCE_CLASSEUR_2026";"classeur ligne 34";"HUMAN_REVIEW";"";"";"OUI";"Aucun lien sourceLine 2027 prouvé ; absence non présumée volontaire"
"2026";"QV26:L35";"0151F7EA.35";"Formation MEA 1.2";"F7";"AUTO";"Formation";"0151F7";"OI_NON_DOCUMENTE_2026";"Section 4";"2026-02-24";"Mardi";"18:00";"20:30";"Caserne G1";"Of auto";"";"";"SOURCE_CLASSEUR_2026";"classeur ligne 35";"RECONDUIT";"";"";"NON";"Référence source de 1 occurrence(s) 2027"
"2026";"QV26:L36";"01522F7VL.36";"Cursus cond VL - module 2.0 | Connaissance véhicule";"F7";"AUTO";"";"01522F7";"OI_NON_DOCUMENTE_2026";"Moniteurs conduite DPS et DAP | Cond VL N '26";"2026-02-24";"Mardi";"18:00";"20:00";"Caserne C1";"Of auto";"";"";"SOURCE_CLASSEUR_2026";"classeur ligne 36";"HUMAN_REVIEW";"";"";"OUI";"Aucun lien sourceLine 2027 prouvé ; absence non présumée volontaire"
"2026";"QV26:L37";"01522F7VL.37";"Cursus cond VL - module 2.0 | Connaissance véhicule";"F7";"AUTO";"";"01522F7";"OI_NON_DOCUMENTE_2026";"Moniteurs conduite DPS et DAP | Cond VL N '26";"2026-02-24";"Mardi";"18:00";"20:00";"Caserne B1";"Of auto";"";"";"SOURCE_CLASSEUR_2026";"classeur ligne 37";"HUMAN_REVIEW";"";"";"OUI";"Aucun lien sourceLine 2027 prouvé ; absence non présumée volontaire"
"2026";"QV26:L38";"01522F7VL.38";"Cursus cond VL - module 2.0 | Connaissance véhicule";"F7";"AUTO";"";"01522F7";"OI_NON_DOCUMENTE_2026";"Moniteurs conduite DPS et DAP | Cond VL N '26";"2026-02-24";"Mardi";"18:00";"20:00";"Local Y1";"Of auto";"";"";"SOURCE_CLASSEUR_2026";"classeur ligne 38";"HUMAN_REVIEW";"";"";"OUI";"Aucun lien sourceLine 2027 prouvé ; absence non présumée volontaire"
"2026";"QV26:L39";"01522F7VL.39";"Cursus cond VL - module 2.0 | Connaissance véhicule";"F7";"AUTO";"";"01522F7";"OI_NON_DOCUMENTE_2026";"Moniteurs conduite DPS et DAP | Cond VL N '26";"2026-02-24";"Mardi";"18:00";"20:00";"Local Y2";"Of auto";"";"";"SOURCE_CLASSEUR_2026";"classeur ligne 39";"HUMAN_REVIEW";"";"";"OUI";"Aucun lien sourceLine 2027 prouvé ; absence non présumée volontaire"
"2026";"QV26:L40";"01522F7VL.40";"Cursus cond VL - module 2.0 | Connaissance véhicule";"F7";"AUTO";"";"01522F7";"OI_NON_DOCUMENTE_2026";"Moniteurs conduite DPS et DAP | Cond VL N '26";"2026-02-24";"Mardi";"18:00";"20:00";"Local Y3";"Of auto";"";"";"SOURCE_CLASSEUR_2026";"classeur ligne 40";"HUMAN_REVIEW";"";"";"OUI";"Aucun lien sourceLine 2027 prouvé ; absence non présumée volontaire"
"2026";"QV26:L41";"01522F7VL.41";"Cursus cond VL - module 2.0 | Connaissance véhicule";"F7";"AUTO";"";"01522F7";"OI_NON_DOCUMENTE_2026";"Moniteurs conduite DPS et DAP | Cond VL N '26";"2026-02-24";"Mardi";"18:00";"20:00";"Local Y4";"Of auto";"";"";"SOURCE_CLASSEUR_2026";"classeur ligne 41";"HUMAN_REVIEW";"";"";"OUI";"Aucun lien sourceLine 2027 prouvé ; absence non présumée volontaire"
"2026";"QV26:L42";"070F0.42";"Séance COSEC | Etat situationnel, projets et études";"F0";"SDIS";"Séance";"070F0";"OI_NON_DOCUMENTE_2026";"Président Codir | Cdt | Cadre op CECRY";"2026-02-24";"Mardi";"18:30";"21:00";"Caserne G1";"Cdt";"";"";"SOURCE_CLASSEUR_2026";"classeur ligne 42";"RECONDUIT";"";"";"NON";"Référence source de 1 occurrence(s) 2027"
"2026";"QV26:L43";"010JSP.43";"Séance Direction JSP";"F7";"JSP";"Séance";"010JSP";"OI_NON_DOCUMENTE_2026";"C for | C JSP | C site JSP | Resp for JSP";"2026-02-24";"Mardi";"18:30";"20:30";"Caserne G1";"C JSP";"";"";"SOURCE_CLASSEUR_2026";"classeur ligne 43";"RECONDUIT";"";"";"NON";"Référence source de 1 occurrence(s) 2027"
"2026";"QV26:L44";"";"Formation personnel CFF";"F5/6";"";"Formation";"";"OI_NON_DOCUMENTE_2026";"Centre de formation pour la sécurité AfS";"2026-02-25";"Mercredi";"08:00";"17:00";"Caserne G1";"C op";"";"";"SOURCE_CLASSEUR_2026";"classeur ligne 44";"HUMAN_REVIEW";"";"";"OUI";"Aucun lien sourceLine 2027 prouvé ; absence non présumée volontaire"
"2026";"QV26:L45";"010FOBA.45";"Exercice FOBA 1 | Cérémonie de remise des casques";"F7";"FOBA";"Exercice";"010FOBA";"OI_NON_DOCUMENTE_2026";"EM | C FOBA | cadres FOBA | FOBA 1 | FOBA 2";"2026-02-25";"Mercredi";"18:00";"22:00";"Caserne G1";"C FOBA";"";"";"SOURCE_CLASSEUR_2026";"classeur ligne 45";"RECONDUIT";"";"";"NON";"Référence source de 1 occurrence(s) 2027"
"2026";"QV26:L46";"0167F7SAN.46";"Cours de cadres recyclage BLS | AED SN55i";"F7";"FOSPEC";"Cours";"0167F7";"DPS:G1";"Instructeur recyclage BLS | AED";"2026-02-25";"Mercredi";"20:00";"22:00";"Caserne B1";"Réf sanitaire";"";"";"SOURCE_CLASSEUR_2026";"classeur ligne 46";"RECONDUIT";"";"";"NON";"Référence source de 1 occurrence(s) 2027"
"2026";"QV26:L46";"0167F7SAN.46";"Cours de cadres recyclage BLS | AED SN55i";"F7";"FOSPEC";"Cours";"0167F7";"DPS:B1";"Instructeur recyclage BLS | AED";"2026-02-25";"Mercredi";"20:00";"22:00";"Caserne B1";"Réf sanitaire";"";"";"SOURCE_CLASSEUR_2026";"classeur ligne 46";"RECONDUIT";"";"";"NON";"Référence source de 1 occurrence(s) 2027"
"2026";"QV26:L46";"0167F7SAN.46";"Cours de cadres recyclage BLS | AED SN55i";"F7";"FOSPEC";"Cours";"0167F7";"DAP:Y1";"Instructeur recyclage BLS | AED";"2026-02-25";"Mercredi";"20:00";"22:00";"Caserne B1";"Réf sanitaire";"";"";"SOURCE_CLASSEUR_2026";"classeur ligne 46";"RECONDUIT";"";"";"NON";"Référence source de 1 occurrence(s) 2027"
"2026";"QV26:L47";"";"Formation personnel CFF";"F5/6";"";"Formation";"";"OI_NON_DOCUMENTE_2026";"Centre de formation pour la sécurité AfS";"2026-02-26";"Jeudi";"08:00";"15:00";"Caserne G1";"C op";"";"";"SOURCE_CLASSEUR_2026";"classeur ligne 47";"HUMAN_REVIEW";"";"";"OUI";"Aucun lien sourceLine 2027 prouvé ; absence non présumée volontaire"
"2026";"QV26:L48";"0170F7.48";"Cursus c groupe - module 1 | Conduite et leadership";"F7";"FOCA";"";"0170F7";"DPS:G1";"Cdt | C for | Échelon I N '26";"2026-02-26";"Jeudi";"18:00";"21:00";"Caserne G1";"Cdt";"";"";"SOURCE_CLASSEUR_2026";"classeur ligne 48";"HUMAN_REVIEW";"";"";"OUI";"Aucun lien sourceLine 2027 prouvé ; absence non présumée volontaire"
"2026";"QV26:L48";"0170F7.48";"Cursus c groupe - module 1 | Conduite et leadership";"F7";"FOCA";"";"0170F7";"DPS:C1";"Cdt | C for | Échelon I N '26";"2026-02-26";"Jeudi";"18:00";"21:00";"Caserne G1";"Cdt";"";"";"SOURCE_CLASSEUR_2026";"classeur ligne 48";"HUMAN_REVIEW";"";"";"OUI";"Aucun lien sourceLine 2027 prouvé ; absence non présumée volontaire"
"2026";"QV26:L48";"0170F7.48";"Cursus c groupe - module 1 | Conduite et leadership";"F7";"FOCA";"";"0170F7";"DPS:B1";"Cdt | C for | Échelon I N '26";"2026-02-26";"Jeudi";"18:00";"21:00";"Caserne G1";"Cdt";"";"";"SOURCE_CLASSEUR_2026";"classeur ligne 48";"HUMAN_REVIEW";"";"";"OUI";"Aucun lien sourceLine 2027 prouvé ; absence non présumée volontaire"
"2026";"QV26:L48";"0170F7.48";"Cursus c groupe - module 1 | Conduite et leadership";"F7";"FOCA";"";"0170F7";"DPS:B2";"Cdt | C for | Échelon I N '26";"2026-02-26";"Jeudi";"18:00";"21:00";"Caserne G1";"Cdt";"";"";"SOURCE_CLASSEUR_2026";"classeur ligne 48";"HUMAN_REVIEW";"";"";"OUI";"Aucun lien sourceLine 2027 prouvé ; absence non présumée volontaire"
"2026";"QV26:L48";"0170F7.48";"Cursus c groupe - module 1 | Conduite et leadership";"F7";"FOCA";"";"0170F7";"DAP:Y1";"Cdt | C for | Échelon I N '26";"2026-02-26";"Jeudi";"18:00";"21:00";"Caserne G1";"Cdt";"";"";"SOURCE_CLASSEUR_2026";"classeur ligne 48";"HUMAN_REVIEW";"";"";"OUI";"Aucun lien sourceLine 2027 prouvé ; absence non présumée volontaire"
"2026";"QV26:L48";"0170F7.48";"Cursus c groupe - module 1 | Conduite et leadership";"F7";"FOCA";"";"0170F7";"DAP:Y2";"Cdt | C for | Échelon I N '26";"2026-02-26";"Jeudi";"18:00";"21:00";"Caserne G1";"Cdt";"";"";"SOURCE_CLASSEUR_2026";"classeur ligne 48";"HUMAN_REVIEW";"";"";"OUI";"Aucun lien sourceLine 2027 prouvé ; absence non présumée volontaire"
"2026";"QV26:L48";"0170F7.48";"Cursus c groupe - module 1 | Conduite et leadership";"F7";"FOCA";"";"0170F7";"DAP:Y3";"Cdt | C for | Échelon I N '26";"2026-02-26";"Jeudi";"18:00";"21:00";"Caserne G1";"Cdt";"";"";"SOURCE_CLASSEUR_2026";"classeur ligne 48";"HUMAN_REVIEW";"";"";"OUI";"Aucun lien sourceLine 2027 prouvé ; absence non présumée volontaire"
"2026";"QV26:L48";"0170F7.48";"Cursus c groupe - module 1 | Conduite et leadership";"F7";"FOCA";"";"0170F7";"DAP:Y4";"Cdt | C for | Échelon I N '26";"2026-02-26";"Jeudi";"18:00";"21:00";"Caserne G1";"Cdt";"";"";"SOURCE_CLASSEUR_2026";"classeur ligne 48";"HUMAN_REVIEW";"";"";"OUI";"Aucun lien sourceLine 2027 prouvé ; absence non présumée volontaire"
"2026";"QV26:L49";"0163F7VPC.49";"Cursus opérateur VPC - module 1";"F7";"FOSPEC";"";"0163F7";"DPS:G1";"Candidats opérateur VPC '26";"2026-02-26";"Jeudi";"18:00";"21:00";"Caserne G1";"Resp VPC";"";"";"SOURCE_CLASSEUR_2026";"classeur ligne 49";"HUMAN_REVIEW";"";"";"OUI";"Aucun lien sourceLine 2027 prouvé ; absence non présumée volontaire"
"2026";"QV26:L50";"0151F7EA.50";"Formation MEA 1.2";"F7";"AUTO";"Formation";"0151F7";"OI_NON_DOCUMENTE_2026";"Section 4";"2026-02-26";"Jeudi";"18:00";"20:30";"Caserne G1";"Of auto";"";"";"SOURCE_CLASSEUR_2026";"classeur ligne 50";"RECONDUIT";"";"";"NON";"Référence source de 1 occurrence(s) 2027"
"2026";"QV26:L51";"EMSEA.51";"Séance EM";"F0";"SDIS";"Séance";"EMSEA";"OI_NON_DOCUMENTE_2026";"EM";"2026-02-26";"Jeudi";"18:00";"21:00";"Caserne G1";"Cdt";"";"";"SOURCE_CLASSEUR_2026";"classeur ligne 51";"RECONDUIT";"";"";"NON";"Référence source de 1 occurrence(s) 2027"
"2026";"QV26:L52";"070F4.52";"Séance préposés APR";"F4";"PR";"Séance";"070F4";"OI_NON_DOCUMENTE_2026";"Resp APR | Préposés APR";"2026-02-26";"Jeudi";"18:00";"20:30";"Caserne G1";"Resp APR";"";"";"SOURCE_CLASSEUR_2026";"classeur ligne 52";"RECONDUIT";"";"";"NON";"Référence source de 1 occurrence(s) 2027"
"2026";"QV26:L53";"CONCOUR.53";"Préparation concours de la FVSP";"F2/3";"FVSP";"";"CONCOUR";"OI_NON_DOCUMENTE_2026";"Équipes concours FVSP | Juges";"2026-02-26";"Jeudi";"18:30";"21:00";"Caserne G1";"C op";"";"";"SOURCE_CLASSEUR_2026";"classeur ligne 53";"RECONDUIT";"";"";"NON";"Référence source de 1 occurrence(s) 2027"
"2026";"QV26:L54";"070F0.54";"Séance Codir";"F0";"SDIS";"Séance";"070F0";"OI_NON_DOCUMENTE_2026";"Codir | Cdt";"2026-02-27";"Vendredi";"08:00";"09:30";"Caserne G1";"PrésidentE Codir";"";"";"SOURCE_CLASSEUR_2026";"classeur ligne 54";"RECONDUIT";"";"";"NON";"Référence source de 1 occurrence(s) 2027"
"2026";"QV26:L55";"012G1DPS.55";"Instr demi-sct - KICK-OFF";"F7";"FOCO";"Instruction";"012G1";"DPS:G1";"Section 3A | Réserve | Réguliers";"2026-02-28";"Samedi";"07:30";"10:30";"Caserne G1";"C sct";"";"";"SOURCE_CLASSEUR_2026";"classeur ligne 55";"MODIFIÉ_VOLONTAIREMENT";"";"";"NON";"Instruction source de la couverture MOA 2027"
"2026";"QV26:L56";"012C1DPS.56";"Instr demi-sct - KICK-OFF";"F7";"FOCO";"Instruction";"012C1";"DPS:C1";"Section 2B | Perm B2";"2026-02-28";"Samedi";"07:30";"10:30";"Caserne C1";"C sct";"";"";"SOURCE_CLASSEUR_2026";"classeur ligne 56";"MODIFIÉ_VOLONTAIREMENT";"";"";"NON";"Instruction source de la couverture MOA 2027"
"2026";"QV26:L57";"012B2DPS.57";"Instr demi-sct - KICK-OFF";"F7";"FOCO";"Instruction";"012B2";"DPS:B2";"Perm B2";"2026-02-28";"Samedi";"07:30";"10:30";"Caserne C1";"C sct";"";"";"SOURCE_CLASSEUR_2026";"classeur ligne 57";"MODIFIÉ_VOLONTAIREMENT";"";"";"NON";"Instruction source de la couverture MOA 2027"
"2026";"QV26:L58";"012B1DPS.58";"Instr demi-sct - KICK-OFF";"F7";"FOCO";"Instruction";"012B1";"DPS:B1";"Section 2B";"2026-02-28";"Samedi";"07:30";"10:30";"Caserne B1";"C sct";"";"";"SOURCE_CLASSEUR_2026";"classeur ligne 58";"MODIFIÉ_VOLONTAIREMENT";"";"";"NON";"Instruction source de la couverture MOA 2027"
"2026";"QV26:L59";"0152F7PL/VL.59";"Conduite, formation continue";"F7";"AUTO";"Conduite";"0152F7";"DPS:G1";"Section 3A | Réserve | Réguliers";"2026-02-28";"Samedi";"10:30";"11:30";"Caserne G1";"C sct";"";"";"SOURCE_CLASSEUR_2026";"classeur ligne 59";"MODIFIÉ_VOLONTAIREMENT";"";"";"NON";"Cadence de conduite 2027 redéfinie par la MOA"
"2026";"QV26:L60";"0152F7PL/VL.60";"Conduite, formation continue";"F7";"AUTO";"Conduite";"0152F7";"DPS:C1";"Section 2B | Perm B2";"2026-02-28";"Samedi";"10:30";"11:30";"Caserne C1";"C sct";"";"";"SOURCE_CLASSEUR_2026";"classeur ligne 60";"MODIFIÉ_VOLONTAIREMENT";"";"";"NON";"Cadence de conduite 2027 redéfinie par la MOA"
"2026";"QV26:L61";"0152F7PL/VL.61";"Conduite, formation continue";"F7";"AUTO";"Conduite";"0152F7";"DPS:B1";"Section 2B";"2026-02-28";"Samedi";"10:30";"11:30";"Caserne B1";"C sct";"";"";"SOURCE_CLASSEUR_2026";"classeur ligne 61";"MODIFIÉ_VOLONTAIREMENT";"";"";"NON";"Cadence de conduite 2027 redéfinie par la MOA"
"2026";"QV26:L62";"0152F7PL/VL.62";"Conduite, formation continue";"F7";"AUTO";"Conduite";"0152F7";"DPS:B2";"Perm B2";"2026-02-28";"Samedi";"10:30";"11:30";"Caserne B2";"C sct";"";"";"SOURCE_CLASSEUR_2026";"classeur ligne 62";"MODIFIÉ_VOLONTAIREMENT";"";"";"NON";"Cadence de conduite 2027 redéfinie par la MOA"
"2026";"QV26:L63";"030C1.63";"Sécurité feu・les Zôtres Brandons";"F2/3";"GARDE";"";"030C1";"DPS:C1";"Selon convocation";"2026-02-28";"Samedi";"19:00";"22:00";"Caserne C1";"C site";"";"";"SOURCE_CLASSEUR_2026";"classeur ligne 63";"RECONDUIT";"";"";"NON";"Référence source de 1 occurrence(s) 2027"
"2026";"QV26:L64";"01521F7PL.64";"Conduite TP9000, formation continue 1.0";"F7";"AUTO";"";"01521F7";"OI_NON_DOCUMENTE_2026";"Cond TP9 | Permanent";"2026-03-02";"Lundi";"14:00";"16:00";"Caserne G1";"Of auto";"";"";"SOURCE_CLASSEUR_2026";"classeur ligne 64";"RECONDUIT";"";"";"NON";"Référence source de 1 occurrence(s) 2027"
"2026";"QV26:L65";"0151F7EA.65";"Formation MEA 1.2";"F7";"AUTO";"Formation";"0151F7";"OI_NON_DOCUMENTE_2026";"Section 3";"2026-03-02";"Lundi";"18:00";"20:30";"Caserne G1";"Of auto";"";"";"SOURCE_CLASSEUR_2026";"classeur ligne 65";"RECONDUIT";"";"";"NON";"Référence source de 1 occurrence(s) 2027"
"2026";"QV26:L66";"010JC1.66";"Exercice JSP 3";"F7";"JSP";"Exercice";"010JC1";"OI_NON_DOCUMENTE_2026";"C site JSP | Moniteurs JSP | JSP";"2026-03-02";"Lundi";"18:00";"20:00";"Caserne C1";"Resp for JSP";"";"";"SOURCE_CLASSEUR_2026";"classeur ligne 66";"RECONDUIT";"";"";"NON";"Référence source de 1 occurrence(s) 2027"
"2026";"QV26:L67";"CONCOUR.67";"Préparation concours de la FVSP";"F2/3";"FVSP";"";"CONCOUR";"OI_NON_DOCUMENTE_2026";"Équipes concours FVSP | Juges";"2026-03-02";"Lundi";"18:30";"21:00";"Caserne G1";"C op";"";"";"SOURCE_CLASSEUR_2026";"classeur ligne 67";"RECONDUIT";"";"";"NON";"Référence source de 1 occurrence(s) 2027"
"2026";"QV26:L68";"0151F7EA.68";"Formation MEA 1.1";"F7";"AUTO";"Formation";"0151F7";"OI_NON_DOCUMENTE_2026";"Réguliers";"2026-03-03";"Mardi";"09:30";"12:00";"Caserne G1";"Of auto";"";"";"SOURCE_CLASSEUR_2026";"classeur ligne 68";"RECONDUIT";"";"";"NON";"Référence source de 1 occurrence(s) 2027"
"2026";"QV26:L69";"01521F7PL.69";"Conduite TP9000, formation continue 1.1";"F7";"AUTO";"";"01521F7";"OI_NON_DOCUMENTE_2026";"Cond TP9 | Réguliers";"2026-03-03";"Mardi";"14:00";"16:00";"Caserne G1";"Of auto";"";"";"SOURCE_CLASSEUR_2026";"classeur ligne 69";"RECONDUIT";"";"";"NON";"Référence source de 1 occurrence(s) 2027"
"2026";"QV26:L70";"0151F7EA.70";"Cursus MEA - module 3.1";"F7";"AUTO";"";"0151F7";"OI_NON_DOCUMENTE_2026";"Formateur MEA | MEA N'25";"2026-03-03";"Mardi";"17:00";"19:00";"Caserne G1";"Of auto";"";"";"SOURCE_CLASSEUR_2026";"classeur ligne 70";"HUMAN_REVIEW";"";"";"OUI";"Aucun lien sourceLine 2027 prouvé ; absence non présumée volontaire"
"2026";"QV26:L71";"011PR.71";"Exercice PR 1.1 | Base";"F7";"PR";"Exercice";"011PR";"OI_NON_DOCUMENTE_2026";"PAPR";"2026-03-03";"Mardi";"19:00";"21:30";"Caserne G1";"C PR";"";"";"SOURCE_CLASSEUR_2026";"classeur ligne 71";"RECONDUIT";"";"";"NON";"Référence source de 1 occurrence(s) 2027"
"2026";"QV26:L72";"0172F7DAP.72";"Formation cadres DAP";"F7";"FOCA";"Formation";"0172F7";"DPS:G1";"Cdt | C for | C DAP | Échelons I à III  Y2, Y3";"2026-03-03";"Mardi";"19:00";"21:30";"Caserne G1";"C DAP";"";"";"SOURCE_CLASSEUR_2026";"classeur ligne 72";"HUMAN_REVIEW";"";"";"OUI";"Aucun lien sourceLine 2027 prouvé ; absence non présumée volontaire"
"2026";"QV26:L72";"0172F7DAP.72";"Formation cadres DAP";"F7";"FOCA";"Formation";"0172F7";"DAP:Y2";"Cdt | C for | C DAP | Échelons I à III  Y2, Y3";"2026-03-03";"Mardi";"19:00";"21:30";"Caserne G1";"C DAP";"";"";"SOURCE_CLASSEUR_2026";"classeur ligne 72";"HUMAN_REVIEW";"";"";"OUI";"Aucun lien sourceLine 2027 prouvé ; absence non présumée volontaire"
"2026";"QV26:L72";"0172F7DAP.72";"Formation cadres DAP";"F7";"FOCA";"Formation";"0172F7";"DAP:Y3";"Cdt | C for | C DAP | Échelons I à III  Y2, Y3";"2026-03-03";"Mardi";"19:00";"21:30";"Caserne G1";"C DAP";"";"";"SOURCE_CLASSEUR_2026";"classeur ligne 72";"HUMAN_REVIEW";"";"";"OUI";"Aucun lien sourceLine 2027 prouvé ; absence non présumée volontaire"
"2026";"QV26:L73";"012C1DPS.73";"Cours de cadres exercice DPS 1";"F7";"FOCO";"Cours";"012C1";"DPS:C1";"C site | Selon convocation";"2026-03-03";"Mardi";"19:00";"21:30";"Caserne C1";"C site";"";"";"SOURCE_CLASSEUR_2026";"classeur ligne 73";"RECONDUIT";"";"";"NON";"Référence source de 1 occurrence(s) 2027"
"2026";"QV26:L74";"012B1DPS.74";"Cours de cadres exercice DPS 1";"F7";"FOCO";"Cours";"012B1";"DPS:B1";"C site | Selon convocation";"2026-03-03";"Mardi";"19:00";"21:30";"Caserne B1";"C site";"";"";"SOURCE_CLASSEUR_2026";"classeur ligne 74";"RECONDUIT";"";"";"NON";"Référence source de 1 occurrence(s) 2027"
"2026";"QV26:L75";"012B2DPS.75";"Cours de cadres exercice DPS 1";"F7";"FOCO";"Cours";"012B2";"DPS:B2";"C site | Selon convocation";"2026-03-03";"Mardi";"19:00";"21:30";"Caserne B2";"C site";"";"";"SOURCE_CLASSEUR_2026";"classeur ligne 75";"RECONDUIT";"";"";"NON";"Référence source de 1 occurrence(s) 2027"
"2026";"QV26:L76";"011PR.76";"Exercice PR 1.2 | Base";"F7";"PR";"Exercice";"011PR";"OI_NON_DOCUMENTE_2026";"PAPR | Permanents | Réguliers";"2026-03-04";"Mercredi";"08:00";"11:00";"Caserne G1";"C PR";"";"";"SOURCE_CLASSEUR_2026";"classeur ligne 76";"RECONDUIT";"";"";"NON";"Référence source de 1 occurrence(s) 2027"
"2026";"QV26:L77";"01521F7PL.77";"Cursus TP9 - module 1 | Discovery";"F7";"AUTO";"";"01521F7";"OI_NON_DOCUMENTE_2026";"Formateur TP9 | Candidats cond TP9 '26";"2026-03-04";"Mercredi";"18:00";"21:00";"Caserne G1";"Of auto";"";"";"SOURCE_CLASSEUR_2026";"classeur ligne 77";"HUMAN_REVIEW";"";"";"OUI";"Aucun lien sourceLine 2027 prouvé ; absence non présumée volontaire"
"2026";"QV26:L78";"0151F7EA.78";"Formation MEA 1.2";"F7";"AUTO";"Formation";"0151F7";"OI_NON_DOCUMENTE_2026";"Section 3 + Réguliers";"2026-03-04";"Mercredi";"18:00";"20:30";"Caserne G1";"Of auto";"";"";"SOURCE_CLASSEUR_2026";"classeur ligne 78";"RECONDUIT";"";"";"NON";"Référence source de 1 occurrence(s) 2027"
"2026";"QV26:L79";"010JSP.79";"Groupe de travail JSP";"F7";"JSP";"";"010JSP";"OI_NON_DOCUMENTE_2026";"C for | C JSP | Selon convocation";"2026-03-04";"Mercredi";"18:00";"21:00";"Caserne G1";"C JSP";"";"";"SOURCE_CLASSEUR_2026";"classeur ligne 79";"RECONDUIT";"";"";"NON";"Référence source de 1 occurrence(s) 2027"
"2026";"QV26:L80";"070F56.80";"Séance communication F5/6";"F5/6";"SIC";"Séance";"070F56";"DPS:G1";"Membres communication";"2026-03-04";"Mercredi";"18:00";"20:00";"Caserne G1";"Of spéc";"";"";"SOURCE_CLASSEUR_2026";"classeur ligne 80";"RECONDUIT";"";"";"NON";"Référence source de 1 occurrence(s) 2027"
"2026";"QV26:L80";"070F56.80";"Séance communication F5/6";"F5/6";"SIC";"Séance";"070F56";"DAP:Y1";"Membres communication";"2026-03-04";"Mercredi";"18:00";"20:00";"Caserne G1";"Of spéc";"";"";"SOURCE_CLASSEUR_2026";"classeur ligne 80";"RECONDUIT";"";"";"NON";"Référence source de 1 occurrence(s) 2027"
"2026";"QV26:L81";"01522F7VL.81";"Conduite, formation continue";"F7";"AUTO";"Conduite";"01522F7";"DAP:Y2";"Moniteur de conduite | Cond VL";"2026-03-04";"Mercredi";"18:30";"21:30";"Local Y2";"Of auto";"";"";"SOURCE_CLASSEUR_2026";"classeur ligne 81";"RECONDUIT";"";"";"NON";"Référence source de 1 occurrence(s) 2027"
"2026";"QV26:L82";"01522F7VL.82";"Conduite, formation continue";"F7";"AUTO";"Conduite";"01522F7";"DAP:Y4";"Moniteur de conduite | Cond VL";"2026-03-04";"Mercredi";"18:30";"21:30";"Local Y4";"Of auto";"";"";"SOURCE_CLASSEUR_2026";"classeur ligne 82";"RECONDUIT";"";"";"NON";"Référence source de 1 occurrence(s) 2027"
"2026";"QV26:L83";"013Y2DAP.83";"Cours de cadres exercice DAP 2";"F7";"FOCO";"Cours";"013Y2";"DAP:Y2";"C sct | Formateurs";"2026-03-04";"Mercredi";"19:00";"21:30";"Local Y2";"C sct";"";"";"SOURCE_CLASSEUR_2026";"classeur ligne 83";"RECONDUIT";"";"";"NON";"Référence source de 2 occurrence(s) 2027"
"2026";"QV26:L84";"01521F7PL.84";"Conduite TP9000, formation continue 1.1";"F7";"AUTO";"";"01521F7";"OI_NON_DOCUMENTE_2026";"Cond TP9 | Réguliers";"2026-03-05";"Jeudi";"10:00";"12:00";"Caserne G1";"Of auto";"";"";"SOURCE_CLASSEUR_2026";"classeur ligne 84";"RECONDUIT";"";"";"NON";"Référence source de 1 occurrence(s) 2027"
"2026";"QV26:L85";"0163F7VPC.85";"Formation opérateur VPC 1.1";"F7";"FOSPEC";"Formation";"0163F7";"DPS:G1";"Opérateur VPC | Permanent | Réguliers";"2026-03-05";"Jeudi";"14:00";"17:00";"Caserne G1";"Resp VPC";"";"";"SOURCE_CLASSEUR_2026";"classeur ligne 85";"RECONDUIT";"";"";"NON";"Référence source de 1 occurrence(s) 2027"
"2026";"QV26:L86";"0151F7EA.86";"Cursus MEA - module 3.2";"F7";"AUTO";"";"0151F7";"OI_NON_DOCUMENTE_2026";"Formateur MEA | MEA N'25";"2026-03-05";"Jeudi";"17:00";"19:00";"Caserne G1";"Of auto";"";"";"SOURCE_CLASSEUR_2026";"classeur ligne 86";"HUMAN_REVIEW";"";"";"OUI";"Aucun lien sourceLine 2027 prouvé ; absence non présumée volontaire"
"2026";"QV26:L87";"01521F7PL.87";"Conduite TP9000, formation continue 1.2";"F7";"AUTO";"";"01521F7";"OI_NON_DOCUMENTE_2026";"Cond TP9 | Section 3";"2026-03-05";"Jeudi";"18:00";"20:00";"Caserne G1";"Of auto";"";"";"SOURCE_CLASSEUR_2026";"classeur ligne 87";"RECONDUIT";"";"";"NON";"Référence source de 1 occurrence(s) 2027"
"2026";"QV26:L88";"01522F7VL.88";"Conduite, formation continue";"F7";"AUTO";"Conduite";"01522F7";"DAP:Y2";"Moniteur de conduite | Cond VL";"2026-03-05";"Jeudi";"18:30";"21:30";"Local Y2";"Of auto";"";"";"SOURCE_CLASSEUR_2026";"classeur ligne 88";"RECONDUIT";"";"";"NON";"Référence source de 1 occurrence(s) 2027"
"2026";"QV26:L89";"01522F7VL.89";"Conduite, formation continue";"F7";"AUTO";"Conduite";"01522F7";"DAP:Y3";"Moniteur de conduite | Cond VL";"2026-03-05";"Jeudi";"18:30";"21:30";"Local Y3";"Of auto";"";"";"SOURCE_CLASSEUR_2026";"classeur ligne 89";"RECONDUIT";"";"";"NON";"Référence source de 1 occurrence(s) 2027"
"2026";"QV26:L90";"01522F7VL.90";"Conduite, formation continue";"F7";"AUTO";"Conduite";"01522F7";"DAP:Y4";"Moniteur de conduite | Cond VL";"2026-03-05";"Jeudi";"18:30";"21:30";"Local Y4";"Of auto";"";"";"SOURCE_CLASSEUR_2026";"classeur ligne 90";"RECONDUIT";"";"";"NON";"Référence source de 1 occurrence(s) 2027"
"2026";"QV26:L91";"070F23.91";"Séance chefs de section DPS C1 | B2";"F2/3";"DPS";"Séance";"070F23";"DPS:C1";"C site | C sct";"2026-03-05";"Jeudi";"19:00";"21:30";"Caserne C1";"C site";"";"";"SOURCE_CLASSEUR_2026";"classeur ligne 91";"RECONDUIT";"";"";"NON";"Référence source de 1 occurrence(s) 2027"
"2026";"QV26:L92";"070F23.92";"Séance chefs de section DPS C1 | B2";"F2/3";"DPS";"Séance";"070F23";"DPS:B2";"C site | C sct";"2026-03-05";"Jeudi";"19:00";"21:30";"Caserne C1";"C site";"";"";"SOURCE_CLASSEUR_2026";"classeur ligne 92";"RECONDUIT";"";"";"NON";"Référence source de 1 occurrence(s) 2027"
"2026";"QV26:L93";"0151F7EA.93";"Formation MEA 1.0";"F7";"AUTO";"Formation";"0151F7";"OI_NON_DOCUMENTE_2026";"Permanent";"2026-03-06";"Vendredi";"09:30";"12:00";"Caserne G1";"Of auto";"";"";"SOURCE_CLASSEUR_2026";"classeur ligne 93";"RECONDUIT";"";"";"NON";"Référence source de 1 occurrence(s) 2027"
"2026";"QV26:L94";"01521F7PL.94";"Conduite TP9000, formation continue 1.0";"F7";"AUTO";"";"01521F7";"OI_NON_DOCUMENTE_2026";"Cond TP9 | Permanent";"2026-03-06";"Vendredi";"14:00";"16:00";"Caserne G1";"Of auto";"";"";"SOURCE_CLASSEUR_2026";"classeur ligne 94";"RECONDUIT";"";"";"NON";"Référence source de 1 occurrence(s) 2027"
"2026";"QV26:L95";"01521F7PL.95";"Formation véhicule d'urgence | module CONSOLIDATION";"F7";"AUTO";"Formation";"01521F7";"OI_NON_DOCUMENTE_2026";"Of auto | Cond PL '24 | Cond PL selon convocation";"2026-03-07";"Samedi";"07:00";"17:30";"Centre TCS";"Of auto";"";"";"SOURCE_CLASSEUR_2026";"classeur ligne 95";"RECONDUIT";"";"";"NON";"Référence source de 1 occurrence(s) 2027"
"2026";"QV26:L96";"012G1DPS.96";"Instr demi-sct - KICK-OFF";"F7";"FOCO";"Instruction";"012G1";"DPS:G1";"Section 2A | Réserve | Réguliers";"2026-03-07";"Samedi";"07:30";"10:30";"Caserne G1";"C sct";"";"";"SOURCE_CLASSEUR_2026";"classeur ligne 96";"MODIFIÉ_VOLONTAIREMENT";"";"";"NON";"Instruction source de la couverture MOA 2027"
"2026";"QV26:L97";"012C1DPS.97";"Instr demi-sct - KICK-OFF";"F7";"FOCO";"Instruction";"012C1";"DPS:C1";"Section 1B | Perm B2";"2026-03-07";"Samedi";"07:30";"10:30";"Caserne C1";"C sct";"";"";"SOURCE_CLASSEUR_2026";"classeur ligne 97";"MODIFIÉ_VOLONTAIREMENT";"";"";"NON";"Instruction source de la couverture MOA 2027"
"2026";"QV26:L98";"012B2DPS.98";"Instr demi-sct - KICK-OFF";"F7";"FOCO";"Instruction";"012B2";"DPS:B2";"Perm B2";"2026-03-07";"Samedi";"07:30";"10:30";"Caserne C1";"C sct";"";"";"SOURCE_CLASSEUR_2026";"classeur ligne 98";"MODIFIÉ_VOLONTAIREMENT";"";"";"NON";"Instruction source de la couverture MOA 2027"
"2026";"QV26:L99";"012B1DPS.99";"Instr demi-sct - KICK-OFF";"F7";"FOCO";"Instruction";"012B1";"DPS:B1";"Section 1B";"2026-03-07";"Samedi";"07:30";"10:30";"Caserne B1";"C sct";"";"";"SOURCE_CLASSEUR_2026";"classeur ligne 99";"MODIFIÉ_VOLONTAIREMENT";"";"";"NON";"Instruction source de la couverture MOA 2027"
"2026";"QV26:L100";"010JG1.100";"Exercice JSP 2";"F7";"JSP";"Exercice";"010JG1";"OI_NON_DOCUMENTE_2026";"C site JSP | Moniteurs JSP | JSP";"2026-03-07";"Samedi";"08:00";"11:30";"Caserne G1";"Resp for JSP";"";"";"SOURCE_CLASSEUR_2026";"classeur ligne 100";"RECONDUIT";"";"";"NON";"Référence source de 2 occurrence(s) 2027"
"2026";"QV26:L101";"0152F7PL/VL.101";"Conduite, formation continue";"F7";"AUTO";"Conduite";"0152F7";"DPS:G1";"Section 2A | Réserve | Réguliers";"2026-03-07";"Samedi";"10:30";"11:30";"Caserne G1";"C sct";"";"";"SOURCE_CLASSEUR_2026";"classeur ligne 101";"MODIFIÉ_VOLONTAIREMENT";"";"";"NON";"Cadence de conduite 2027 redéfinie par la MOA"
"2026";"QV26:L102";"0152F7PL/VL.102";"Conduite, formation continue";"F7";"AUTO";"Conduite";"0152F7";"DPS:C1";"Section 1B | Perm B2";"2026-03-07";"Samedi";"10:30";"11:30";"Caserne C1";"C sct";"";"";"SOURCE_CLASSEUR_2026";"classeur ligne 102";"MODIFIÉ_VOLONTAIREMENT";"";"";"NON";"Cadence de conduite 2027 redéfinie par la MOA"
"2026";"QV26:L103";"0152F7PL/VL.103";"Conduite, formation continue";"F7";"AUTO";"Conduite";"0152F7";"DPS:B1";"Section 1B";"2026-03-07";"Samedi";"10:30";"11:30";"Caserne B1";"C sct";"";"";"SOURCE_CLASSEUR_2026";"classeur ligne 103";"MODIFIÉ_VOLONTAIREMENT";"";"";"NON";"Cadence de conduite 2027 redéfinie par la MOA"
"2026";"QV26:L104";"0152F7PL/VL.104";"Conduite, formation continue";"F7";"AUTO";"Conduite";"0152F7";"DPS:B2";"Perm B2";"2026-03-07";"Samedi";"10:30";"11:30";"Caserne B2";"C sct";"";"";"SOURCE_CLASSEUR_2026";"classeur ligne 104";"MODIFIÉ_VOLONTAIREMENT";"";"";"NON";"Cadence de conduite 2027 redéfinie par la MOA"
"2026";"QV26:L105";"01521F7PL.105";"Conduite TP9000, formation continue 1.0";"F7";"AUTO";"";"01521F7";"OI_NON_DOCUMENTE_2026";"Cond TP9 | Permanent";"2026-03-09";"Lundi";"14:00";"16:00";"Caserne G1";"Of auto";"";"";"SOURCE_CLASSEUR_2026";"classeur ligne 105";"RECONDUIT";"";"";"NON";"Référence source de 1 occurrence(s) 2027"
"2026";"QV26:L106";"01521F7PL.106";"Cours de cadres exercice TRUCK";"F7";"AUTO";"Cours";"01521F7";"DPS:G1";"Moniteurs conduite DPS";"2026-03-09";"Lundi";"18:30";"21:00";"Caserne G1";"Of auto";"";"";"SOURCE_CLASSEUR_2026";"classeur ligne 106";"RECONDUIT";"";"";"NON";"Référence source de 1 occurrence(s) 2027"
"2026";"QV26:L106";"01521F7PL.106";"Cours de cadres exercice TRUCK";"F7";"AUTO";"Cours";"01521F7";"DPS:C1";"Moniteurs conduite DPS";"2026-03-09";"Lundi";"18:30";"21:00";"Caserne G1";"Of auto";"";"";"SOURCE_CLASSEUR_2026";"classeur ligne 106";"RECONDUIT";"";"";"NON";"Référence source de 1 occurrence(s) 2027"
"2026";"QV26:L106";"01521F7PL.106";"Cours de cadres exercice TRUCK";"F7";"AUTO";"Cours";"01521F7";"DPS:B1";"Moniteurs conduite DPS";"2026-03-09";"Lundi";"18:30";"21:00";"Caserne G1";"Of auto";"";"";"SOURCE_CLASSEUR_2026";"classeur ligne 106";"RECONDUIT";"";"";"NON";"Référence source de 1 occurrence(s) 2027"
"2026";"QV26:L106";"01521F7PL.106";"Cours de cadres exercice TRUCK";"F7";"AUTO";"Cours";"01521F7";"DPS:B2";"Moniteurs conduite DPS";"2026-03-09";"Lundi";"18:30";"21:00";"Caserne G1";"Of auto";"";"";"SOURCE_CLASSEUR_2026";"classeur ligne 106";"RECONDUIT";"";"";"NON";"Référence source de 1 occurrence(s) 2027"
"2026";"QV26:L107";"CONCOUR.107";"Préparation concours de la FVSP";"F2/3";"FVSP";"";"CONCOUR";"OI_NON_DOCUMENTE_2026";"Équipes concours FVSP | Juges";"2026-03-09";"Lundi";"18:30";"21:00";"Caserne G1";"C op";"";"";"SOURCE_CLASSEUR_2026";"classeur ligne 107";"RECONDUIT";"";"";"NON";"Référence source de 1 occurrence(s) 2027"
"2026";"QV26:L108";"013Y3DAP.108";"Cours de cadres exercice DAP 1";"F7";"FOCO";"Cours";"013Y3";"DAP:Y3";"C sct | Formateurs";"2026-03-09";"Lundi";"19:00";"21:30";"Local Y3";"C sct";"";"";"SOURCE_CLASSEUR_2026";"classeur ligne 108";"RECONDUIT";"";"";"NON";"Référence source de 1 occurrence(s) 2027"
"2026";"QV26:L109";"01521F7PL.109";"Conduite TP9000, formation continue 1.1";"F7";"AUTO";"";"01521F7";"OI_NON_DOCUMENTE_2026";"Cond TP9 | Réguliers";"2026-03-10";"Mardi";"14:00";"16:00";"Caserne G1";"Of auto";"";"";"SOURCE_CLASSEUR_2026";"classeur ligne 109";"RECONDUIT";"";"";"NON";"Référence source de 1 occurrence(s) 2027"
"2026";"QV26:L110";"0170F7SDIS.110";"Préparation cours de cadres SDIS Nord vaudois";"F7";"FOCA";"";"0170F7";"DPS:G1";"Cdt | C op | C for | Instr";"2026-03-10";"Mardi";"14:00";"17:00";"Caserne G1";"Cdt";"";"";"SOURCE_CLASSEUR_2026";"classeur ligne 110";"RECONDUIT";"";"";"NON";"Référence source de 1 occurrence(s) 2027"
"2026";"QV26:L110";"0170F7SDIS.110";"Préparation cours de cadres SDIS Nord vaudois";"F7";"FOCA";"";"0170F7";"DPS:C1";"Cdt | C op | C for | Instr";"2026-03-10";"Mardi";"14:00";"17:00";"Caserne G1";"Cdt";"";"";"SOURCE_CLASSEUR_2026";"classeur ligne 110";"RECONDUIT";"";"";"NON";"Référence source de 1 occurrence(s) 2027"
"2026";"QV26:L110";"0170F7SDIS.110";"Préparation cours de cadres SDIS Nord vaudois";"F7";"FOCA";"";"0170F7";"DPS:B1";"Cdt | C op | C for | Instr";"2026-03-10";"Mardi";"14:00";"17:00";"Caserne G1";"Cdt";"";"";"SOURCE_CLASSEUR_2026";"classeur ligne 110";"RECONDUIT";"";"";"NON";"Référence source de 1 occurrence(s) 2027"
"2026";"QV26:L110";"0170F7SDIS.110";"Préparation cours de cadres SDIS Nord vaudois";"F7";"FOCA";"";"0170F7";"DPS:B2";"Cdt | C op | C for | Instr";"2026-03-10";"Mardi";"14:00";"17:00";"Caserne G1";"Cdt";"";"";"SOURCE_CLASSEUR_2026";"classeur ligne 110";"RECONDUIT";"";"";"NON";"Référence source de 1 occurrence(s) 2027"
"2026";"QV26:L111";"0151F7EA.111";"Cursus MEA - module 4.1";"F7";"AUTO";"";"0151F7";"OI_NON_DOCUMENTE_2026";"Formateur MEA | MEA N'25";"2026-03-10";"Mardi";"17:00";"19:00";"Caserne G1";"Of auto";"";"";"SOURCE_CLASSEUR_2026";"classeur ligne 111";"HUMAN_REVIEW";"";"";"OUI";"Aucun lien sourceLine 2027 prouvé ; absence non présumée volontaire"
"2026";"QV26:L112";"01521F7PL.112";"Conduite TP9000, formation continue 1.2";"F7";"AUTO";"";"01521F7";"OI_NON_DOCUMENTE_2026";"Cond TP9 | Section 2";"2026-03-10";"Mardi";"18:00";"20:00";"Caserne G1";"Of auto";"";"";"SOURCE_CLASSEUR_2026";"classeur ligne 112";"RECONDUIT";"";"";"NON";"Référence source de 1 occurrence(s) 2027"
"2026";"QV26:L113";"0171F7DPS.113";"Cursus CI DPS - module 1 | Le rôle et les valeurs du chef";"F7";"FOCA";"";"0171F7";"DPS:G1";"Cdt | C for | Candidats échelon II OP '26 - '27";"2026-03-10";"Mardi";"18:00";"21:00";"Caserne G1";"Cdt";"";"";"SOURCE_CLASSEUR_2026";"classeur ligne 113";"HUMAN_REVIEW";"";"";"OUI";"Aucun lien sourceLine 2027 prouvé ; absence non présumée volontaire"
"2026";"QV26:L113";"0171F7DPS.113";"Cursus CI DPS - module 1 | Le rôle et les valeurs du chef";"F7";"FOCA";"";"0171F7";"DPS:C1";"Cdt | C for | Candidats échelon II OP '26 - '27";"2026-03-10";"Mardi";"18:00";"21:00";"Caserne G1";"Cdt";"";"";"SOURCE_CLASSEUR_2026";"classeur ligne 113";"HUMAN_REVIEW";"";"";"OUI";"Aucun lien sourceLine 2027 prouvé ; absence non présumée volontaire"
"2026";"QV26:L113";"0171F7DPS.113";"Cursus CI DPS - module 1 | Le rôle et les valeurs du chef";"F7";"FOCA";"";"0171F7";"DPS:B1";"Cdt | C for | Candidats échelon II OP '26 - '27";"2026-03-10";"Mardi";"18:00";"21:00";"Caserne G1";"Cdt";"";"";"SOURCE_CLASSEUR_2026";"classeur ligne 113";"HUMAN_REVIEW";"";"";"OUI";"Aucun lien sourceLine 2027 prouvé ; absence non présumée volontaire"
"2026";"QV26:L113";"0171F7DPS.113";"Cursus CI DPS - module 1 | Le rôle et les valeurs du chef";"F7";"FOCA";"";"0171F7";"DPS:B2";"Cdt | C for | Candidats échelon II OP '26 - '27";"2026-03-10";"Mardi";"18:00";"21:00";"Caserne G1";"Cdt";"";"";"SOURCE_CLASSEUR_2026";"classeur ligne 113";"HUMAN_REVIEW";"";"";"OUI";"Aucun lien sourceLine 2027 prouvé ; absence non présumée volontaire"
"2026";"QV26:L114";"0155F7CARISTE.114";"Cursus élévateur à timon S2 - module 1";"F7";"AUTO";"";"0155F7";"DPS:G1";"Of auto | Élévateur à timon N '26";"2026-03-10";"Mardi";"18:00";"22:00";"Caserne G1";"Of auto";"";"";"SOURCE_CLASSEUR_2026";"classeur ligne 114";"HUMAN_REVIEW";"";"";"OUI";"Aucun lien sourceLine 2027 prouvé ; absence non présumée volontaire"
"2026";"QV26:L114";"0155F7CARISTE.114";"Cursus élévateur à timon S2 - module 1";"F7";"AUTO";"";"0155F7";"DPS:C1";"Of auto | Élévateur à timon N '26";"2026-03-10";"Mardi";"18:00";"22:00";"Caserne G1";"Of auto";"";"";"SOURCE_CLASSEUR_2026";"classeur ligne 114";"HUMAN_REVIEW";"";"";"OUI";"Aucun lien sourceLine 2027 prouvé ; absence non présumée volontaire"
"2026";"QV26:L114";"0155F7CARISTE.114";"Cursus élévateur à timon S2 - module 1";"F7";"AUTO";"";"0155F7";"DPS:B1";"Of auto | Élévateur à timon N '26";"2026-03-10";"Mardi";"18:00";"22:00";"Caserne G1";"Of auto";"";"";"SOURCE_CLASSEUR_2026";"classeur ligne 114";"HUMAN_REVIEW";"";"";"OUI";"Aucun lien sourceLine 2027 prouvé ; absence non présumée volontaire"
"2026";"QV26:L114";"0155F7CARISTE.114";"Cursus élévateur à timon S2 - module 1";"F7";"AUTO";"";"0155F7";"DPS:B2";"Of auto | Élévateur à timon N '26";"2026-03-10";"Mardi";"18:00";"22:00";"Caserne G1";"Of auto";"";"";"SOURCE_CLASSEUR_2026";"classeur ligne 114";"HUMAN_REVIEW";"";"";"OUI";"Aucun lien sourceLine 2027 prouvé ; absence non présumée volontaire"
"2026";"QV26:L115";"070F4.115";"Vision locale DPS";"F4";"DPS";"";"070F4";"DPS:B2";"C site | C log | Resp mat DPS";"2026-03-10";"Mardi";"18:00";"19:00";"Caserne B2";"C log";"";"";"SOURCE_CLASSEUR_2026";"classeur ligne 115";"RECONDUIT";"";"";"NON";"Référence source de 1 occurrence(s) 2027"
"2026";"QV26:L116";"01522F7VL.116";"Conduite, formation continue";"F7";"AUTO";"Conduite";"01522F7";"DAP:Y3";"Moniteur de conduite | Cond VL";"2026-03-10";"Mardi";"18:30";"21:30";"Local Y3";"Of auto";"";"";"SOURCE_CLASSEUR_2026";"classeur ligne 116";"RECONDUIT";"";"";"NON";"Référence source de 1 occurrence(s) 2027"
"2026";"QV26:L117";"011PR.117";"Exercice PR 1.3 | Base";"F7";"PR";"Exercice";"011PR";"OI_NON_DOCUMENTE_2026";"PAPR";"2026-03-10";"Mardi";"19:00";"21:30";"Caserne G1";"C PR";"";"";"SOURCE_CLASSEUR_2026";"classeur ligne 117";"RECONDUIT";"";"";"NON";"Référence source de 1 occurrence(s) 2027"
"2026";"QV26:L118";"070F4.118";"Vision locale DAP";"F4";"DAP";"";"070F4";"DAP:Y4";"C sct | C log | Resp mat DAP";"2026-03-10";"Mardi";"19:00";"19:30";"Local Y4";"C log";"";"";"SOURCE_CLASSEUR_2026";"classeur ligne 118";"RECONDUIT";"";"";"NON";"Référence source de 1 occurrence(s) 2027"
"2026";"QV26:L119";"070F4.119";"Vision locale DAP";"F4";"DAP";"";"070F4";"DAP:Y3";"C sct | C log | Resp mat DAP";"2026-03-10";"Mardi";"19:30";"20:00";"Local Y3";"C log";"";"";"SOURCE_CLASSEUR_2026";"classeur ligne 119";"RECONDUIT";"";"";"NON";"Référence source de 1 occurrence(s) 2027"
"2026";"QV26:L120";"01521F7PL.120";"Conduite TP9000, formation continue 1.0";"F7";"AUTO";"";"01521F7";"OI_NON_DOCUMENTE_2026";"Cond TP9 | Permanent";"2026-03-11";"Mercredi";"10:00";"12:00";"Caserne G1";"Of auto";"";"";"SOURCE_CLASSEUR_2026";"classeur ligne 120";"RECONDUIT";"";"";"NON";"Référence source de 1 occurrence(s) 2027"
"2026";"QV26:L121";"PG0226.765aa";"Piste entraînement PAPR 1";"F7";"PR";"";"011PR";"OI_NON_DOCUMENTE_2026";"PAPR";"2026-03-11";"Mercredi";"17:00";"23:00";"La Rama";"C PR";"";"";"SOURCE_CLASSEUR_2026";"classeur ligne 121";"RECONDUIT";"";"";"NON";"Référence source de 1 occurrence(s) 2027"
"2026";"QV26:L122";"01521F7PL.122";"Cursus TP9 - module 2 | Practice";"F7";"AUTO";"";"01521F7";"OI_NON_DOCUMENTE_2026";"Formateur TP9 | Candidats cond TP9 '26";"2026-03-11";"Mercredi";"18:00";"21:00";"Caserne G1";"Of auto";"";"";"SOURCE_CLASSEUR_2026";"classeur ligne 122";"HUMAN_REVIEW";"";"";"OUI";"Aucun lien sourceLine 2027 prouvé ; absence non présumée volontaire"
"2026";"QV26:L123";"0151F7EA.123";"Formation MEA 1.2";"F7";"AUTO";"Formation";"0151F7";"OI_NON_DOCUMENTE_2026";"Section 2 + Réguliers";"2026-03-11";"Mercredi";"18:00";"20:30";"Caserne G1";"Of auto";"";"";"SOURCE_CLASSEUR_2026";"classeur ligne 123";"RECONDUIT";"";"";"NON";"Référence source de 1 occurrence(s) 2027"
"2026";"QV26:L124";"010JSP.124";"Séance Direction JSP";"F7";"JSP";"Séance";"010JSP";"OI_NON_DOCUMENTE_2026";"C for | C JSP | C site JSP | Resp for JSP";"2026-03-11";"Mercredi";"18:30";"20:30";"Caserne G1";"C JSP";"";"";"SOURCE_CLASSEUR_2026";"classeur ligne 124";"RECONDUIT";"";"";"NON";"Référence source de 1 occurrence(s) 2027"
"2026";"QV26:L125";"01522F7VL.125";"Conduite, formation continue";"F7";"AUTO";"Conduite";"01522F7";"DAP:Y2";"Moniteur de conduite | Cond VL";"2026-03-11";"Mercredi";"18:30";"21:30";"Local Y2";"Of auto";"";"";"SOURCE_CLASSEUR_2026";"classeur ligne 125";"RECONDUIT";"";"";"NON";"Référence source de 1 occurrence(s) 2027"
"2026";"QV26:L126";"013Y4DAP.126";"Cours de cadres exercice DAP 1";"F7";"FOCO";"Cours";"013Y4";"DAP:Y4";"C sct | Formateurs";"2026-03-11";"Mercredi";"19:00";"21:30";"Local Y4";"C sct";"";"";"SOURCE_CLASSEUR_2026";"classeur ligne 126";"RECONDUIT";"";"";"NON";"Référence source de 1 occurrence(s) 2027"
"2026";"QV26:L127";"0151F7EA.127";"Cursus MEA - module 4.2";"F7";"AUTO";"";"0151F7";"OI_NON_DOCUMENTE_2026";"Formateur MEA | MEA N'25";"2026-03-12";"Jeudi";"17:00";"19:00";"Caserne G1";"Of auto";"";"";"SOURCE_CLASSEUR_2026";"classeur ligne 127";"HUMAN_REVIEW";"";"";"OUI";"Aucun lien sourceLine 2027 prouvé ; absence non présumée volontaire"
"2026";"QV26:L128";"01521F7PL.128";"Conduite TP9000, formation continue 1.2";"F7";"AUTO";"";"01521F7";"OI_NON_DOCUMENTE_2026";"Cond TP9 | Section 2 + Réguliers";"2026-03-12";"Jeudi";"18:00";"20:00";"Caserne G1";"Of auto";"";"";"SOURCE_CLASSEUR_2026";"classeur ligne 128";"RECONDUIT";"";"";"NON";"Référence source de 1 occurrence(s) 2027"
"2026";"QV26:L129";"0163F7VPC.129";"Formation opérateur VPC 1.2";"F7";"FOSPEC";"Formation";"0163F7";"DPS:G1";"Opérateur VPC";"2026-03-12";"Jeudi";"18:00";"21:00";"Caserne G1";"Resp VPC";"";"";"SOURCE_CLASSEUR_2026";"classeur ligne 129";"RECONDUIT";"";"";"NON";"Référence source de 1 occurrence(s) 2027"
"2026";"QV26:L130";"011PR.130";"Exercice PR 1.4 | Base";"F7";"PR";"Exercice";"011PR";"OI_NON_DOCUMENTE_2026";"PAPR";"2026-03-12";"Jeudi";"19:00";"21:30";"Caserne G1";"C PR";"";"";"SOURCE_CLASSEUR_2026";"classeur ligne 130";"RECONDUIT";"";"";"NON";"Référence source de 1 occurrence(s) 2027"
"2026";"QV26:L131";"013Y1DAP.131";"Exercice DAP 1";"F7";"FOCO";"Exercice";"013Y1";"DAP:Y1";"C sct | Échelon 0 à III | FOBA 2";"2026-03-12";"Jeudi";"19:00";"21:30";"Local Y1";"C sct";"";"";"SOURCE_CLASSEUR_2026";"classeur ligne 131";"RECONDUIT";"";"";"NON";"Référence source de 1 occurrence(s) 2027"
"2026";"QV26:L132";"FB01ND.252a";"Cours ECA FB01 - formation de base recrues";"F7";"FOBA";"Cours";"";"OI_NON_DOCUMENTE_2026";"FOBA I '25";"2026-03-13";"Vendredi";"07:30";"17:15";"Caserne SDIS";"C FOBA";"";"";"SOURCE_CLASSEUR_2026";"classeur ligne 132";"HUMAN_REVIEW";"";"";"OUI";"Aucun lien sourceLine 2027 prouvé ; absence non présumée volontaire"
"2026";"QV26:L133";"012G1PER.133";"Formation permanents | KICK-OFF";"F7";"FOCO";"Formation";"012G1";"DPS:G1";"Permanent";"2026-03-13";"Vendredi";"08:00";"11:00";"Caserne G1";"C for";"";"";"SOURCE_CLASSEUR_2026";"classeur ligne 133";"RECONDUIT";"";"";"NON";"Référence source de 1 occurrence(s) 2027"
"2026";"QV26:L134";"012G1DPS.134";"Instr demi-sct - KICK-OFF";"F7";"FOCO";"Instruction";"012G1";"DPS:G1";"Section 1B | Réserve | Réguliers";"2026-03-14";"Samedi";"07:30";"10:30";"Caserne G1";"C sct";"";"";"SOURCE_CLASSEUR_2026";"classeur ligne 134";"MODIFIÉ_VOLONTAIREMENT";"";"";"NON";"Instruction source de la couverture MOA 2027"
"2026";"QV26:L135";"012C1DPS.135";"Instr demi-sct - KICK-OFF";"F7";"FOCO";"Instruction";"012C1";"DPS:C1";"Section 3A | Perm B2";"2026-03-14";"Samedi";"07:30";"10:30";"Caserne C1";"C sct";"";"";"SOURCE_CLASSEUR_2026";"classeur ligne 135";"MODIFIÉ_VOLONTAIREMENT";"";"";"NON";"Instruction source de la couverture MOA 2027"
"2026";"QV26:L136";"012B2DPS.136";"Instr demi-sct - KICK-OFF";"F7";"FOCO";"Instruction";"012B2";"DPS:B2";"Perm B2";"2026-03-14";"Samedi";"07:30";"10:30";"Caserne C1";"C sct";"";"";"SOURCE_CLASSEUR_2026";"classeur ligne 136";"MODIFIÉ_VOLONTAIREMENT";"";"";"NON";"Instruction source de la couverture MOA 2027"
"2026";"QV26:L137";"012B1DPS.137";"Instr demi-sct - KICK-OFF";"F7";"FOCO";"Instruction";"012B1";"DPS:B1";"Section 3A";"2026-03-14";"Samedi";"07:30";"10:30";"Caserne B1";"C sct";"";"";"SOURCE_CLASSEUR_2026";"classeur ligne 137";"MODIFIÉ_VOLONTAIREMENT";"";"";"NON";"Instruction source de la couverture MOA 2027"
"2026";"QV26:L138";"FB01ND.252b";"Cours ECA FB01 - formation de base recrues";"F7";"FOBA";"Cours";"";"OI_NON_DOCUMENTE_2026";"FOBA I '25";"2026-03-14";"Samedi";"07:30";"17:15";"Caserne SDIS";"C FOBA";"";"";"SOURCE_CLASSEUR_2026";"classeur ligne 138";"HUMAN_REVIEW";"";"";"OUI";"Aucun lien sourceLine 2027 prouvé ; absence non présumée volontaire"
"2026";"QV26:L139";"010JSP.139";"Formation CEMEA, module 1 | Besoins de l’enfant";"F7";"JSP";"Formation";"010JSP";"OI_NON_DOCUMENTE_2026";"Moniteurs JSP selon convocation";"2026-03-14";"Samedi";"09:00";"12:00";"Caserne G1";"C for";"";"";"SOURCE_CLASSEUR_2026";"classeur ligne 139";"RECONDUIT";"";"";"NON";"Référence source de 1 occurrence(s) 2027"
"2026";"QV26:L140";"0152F7PL/VL.140";"Conduite, formation continue";"F7";"AUTO";"Conduite";"0152F7";"DPS:G1";"Section 1B | Réserve | Réguliers";"2026-03-14";"Samedi";"10:30";"11:30";"Caserne G1";"C sct";"";"";"SOURCE_CLASSEUR_2026";"classeur ligne 140";"MODIFIÉ_VOLONTAIREMENT";"";"";"NON";"Cadence de conduite 2027 redéfinie par la MOA"
"2026";"QV26:L141";"0152F7PL/VL.141";"Conduite, formation continue";"F7";"AUTO";"Conduite";"0152F7";"DPS:C1";"Section 3A | Perm B2";"2026-03-14";"Samedi";"10:30";"11:30";"Caserne C1";"C sct";"";"";"SOURCE_CLASSEUR_2026";"classeur ligne 141";"MODIFIÉ_VOLONTAIREMENT";"";"";"NON";"Cadence de conduite 2027 redéfinie par la MOA"
"2026";"QV26:L142";"0152F7PL/VL.142";"Conduite, formation continue";"F7";"AUTO";"Conduite";"0152F7";"DPS:B1";"Section 3A";"2026-03-14";"Samedi";"10:30";"11:30";"Caserne B1";"C sct";"";"";"SOURCE_CLASSEUR_2026";"classeur ligne 142";"MODIFIÉ_VOLONTAIREMENT";"";"";"NON";"Cadence de conduite 2027 redéfinie par la MOA"
"2026";"QV26:L143";"0152F7PL/VL.143";"Conduite, formation continue";"F7";"AUTO";"Conduite";"0152F7";"DPS:B2";"Perm B2";"2026-03-14";"Samedi";"10:30";"11:30";"Caserne B2";"C sct";"";"";"SOURCE_CLASSEUR_2026";"classeur ligne 143";"MODIFIÉ_VOLONTAIREMENT";"";"";"NON";"Cadence de conduite 2027 redéfinie par la MOA"
"2026";"QV26:L144";"010JSP.144";"Formation CEMEA, module 2 | Attitudes éducatives";"F7";"JSP";"Formation";"010JSP";"OI_NON_DOCUMENTE_2026";"Moniteurs JSP selon convocation";"2026-03-14";"Samedi";"13:30";"16:30";"Caserne G1";"C for";"";"";"SOURCE_CLASSEUR_2026";"classeur ligne 144";"RECONDUIT";"";"";"NON";"Référence source de 1 occurrence(s) 2027"
"2026";"QV26:L145";"0162F7.145";"Cours de cadres Formation groupée DPS | OFSI | ABC";"F7";"AUTRES";"Cours";"0162F7";"DPS:G1";"C op | C for | C log | C site | Instr";"2026-03-16";"Lundi";"14:00";"17:00";"Caserne G1";"C for";"";"";"SOURCE_CLASSEUR_2026";"classeur ligne 145";"RECONDUIT";"";"";"NON";"Référence source de 1 occurrence(s) 2027"
"2026";"QV26:L145";"0162F7.145";"Cours de cadres Formation groupée DPS | OFSI | ABC";"F7";"AUTRES";"Cours";"0162F7";"DPS:C1";"C op | C for | C log | C site | Instr";"2026-03-16";"Lundi";"14:00";"17:00";"Caserne G1";"C for";"";"";"SOURCE_CLASSEUR_2026";"classeur ligne 145";"RECONDUIT";"";"";"NON";"Référence source de 1 occurrence(s) 2027"
"2026";"QV26:L145";"0162F7.145";"Cours de cadres Formation groupée DPS | OFSI | ABC";"F7";"AUTRES";"Cours";"0162F7";"DPS:B1";"C op | C for | C log | C site | Instr";"2026-03-16";"Lundi";"14:00";"17:00";"Caserne G1";"C for";"";"";"SOURCE_CLASSEUR_2026";"classeur ligne 145";"RECONDUIT";"";"";"NON";"Référence source de 1 occurrence(s) 2027"
"2026";"QV26:L145";"0162F7.145";"Cours de cadres Formation groupée DPS | OFSI | ABC";"F7";"AUTRES";"Cours";"0162F7";"DPS:B2";"C op | C for | C log | C site | Instr";"2026-03-16";"Lundi";"14:00";"17:00";"Caserne G1";"C for";"";"";"SOURCE_CLASSEUR_2026";"classeur ligne 145";"RECONDUIT";"";"";"NON";"Référence source de 1 occurrence(s) 2027"
"2026";"QV26:L146";"0171F7DPS.146";"Cursus CI DPS - module 6 | Tactique II";"F7";"FOCA";"";"0171F7";"DPS:G1";"Cdt | C for | Candidats échelon II OP '26 - '27";"2026-03-16";"Lundi";"18:00";"21:00";"Caserne G1";"Cdt";"";"";"SOURCE_CLASSEUR_2026";"classeur ligne 146";"HUMAN_REVIEW";"";"";"OUI";"Aucun lien sourceLine 2027 prouvé ; absence non présumée volontaire"
"2026";"QV26:L146";"0171F7DPS.146";"Cursus CI DPS - module 6 | Tactique II";"F7";"FOCA";"";"0171F7";"DPS:C1";"Cdt | C for | Candidats échelon II OP '26 - '27";"2026-03-16";"Lundi";"18:00";"21:00";"Caserne G1";"Cdt";"";"";"SOURCE_CLASSEUR_2026";"classeur ligne 146";"HUMAN_REVIEW";"";"";"OUI";"Aucun lien sourceLine 2027 prouvé ; absence non présumée volontaire"
"2026";"QV26:L146";"0171F7DPS.146";"Cursus CI DPS - module 6 | Tactique II";"F7";"FOCA";"";"0171F7";"DPS:B1";"Cdt | C for | Candidats échelon II OP '26 - '27";"2026-03-16";"Lundi";"18:00";"21:00";"Caserne G1";"Cdt";"";"";"SOURCE_CLASSEUR_2026";"classeur ligne 146";"HUMAN_REVIEW";"";"";"OUI";"Aucun lien sourceLine 2027 prouvé ; absence non présumée volontaire"
"2026";"QV26:L146";"0171F7DPS.146";"Cursus CI DPS - module 6 | Tactique II";"F7";"FOCA";"";"0171F7";"DPS:B2";"Cdt | C for | Candidats échelon II OP '26 - '27";"2026-03-16";"Lundi";"18:00";"21:00";"Caserne G1";"Cdt";"";"";"SOURCE_CLASSEUR_2026";"classeur ligne 146";"HUMAN_REVIEW";"";"";"OUI";"Aucun lien sourceLine 2027 prouvé ; absence non présumée volontaire"
"2026";"QV26:L147";"0151F7EA.147";"Formation MEA 1.2";"F7";"AUTO";"Formation";"0151F7";"OI_NON_DOCUMENTE_2026";"Section 1";"2026-03-16";"Lundi";"18:00";"20:30";"Caserne G1";"Of auto";"";"";"SOURCE_CLASSEUR_2026";"classeur ligne 147";"RECONDUIT";"";"";"NON";"Référence source de 1 occurrence(s) 2027"
"2026";"QV26:L148";"CONCOUR.148";"Préparation concours de la FVSP";"F2/3";"FVSP";"";"CONCOUR";"OI_NON_DOCUMENTE_2026";"Équipes concours FVSP | Juges";"2026-03-16";"Lundi";"18:30";"21:00";"Caserne G1";"C op";"";"";"SOURCE_CLASSEUR_2026";"classeur ligne 148";"RECONDUIT";"";"";"NON";"Référence source de 1 occurrence(s) 2027"
"2026";"QV26:L149";"0151F7EA.149";"Cursus MEA - module 5.1";"F7";"AUTO";"";"0151F7";"OI_NON_DOCUMENTE_2026";"Formateur MEA | MEA N'25";"2026-03-17";"Mardi";"17:00";"19:00";"Caserne G1";"Of auto";"";"";"SOURCE_CLASSEUR_2026";"classeur ligne 149";"HUMAN_REVIEW";"";"";"OUI";"Aucun lien sourceLine 2027 prouvé ; absence non présumée volontaire"
"2026";"QV26:L150";"01521F7PL.150";"Cursus TP9 - module 3.1 | Drive";"F7";"AUTO";"";"01521F7";"OI_NON_DOCUMENTE_2026";"Formateur TP9 | Candidats cond TP9 '26";"2026-03-17";"Mardi";"18:00";"19:00";"Caserne G1";"Of auto";"";"";"SOURCE_CLASSEUR_2026";"classeur ligne 150";"HUMAN_REVIEW";"";"";"OUI";"Aucun lien sourceLine 2027 prouvé ; absence non présumée volontaire"
"2026";"QV26:L151";"011PR.151";"Exercice PR 1.5 | Base";"F7";"PR";"Exercice";"011PR";"OI_NON_DOCUMENTE_2026";"PAPR";"2026-03-17";"Mardi";"19:00";"21:30";"Caserne G1";"C PR";"";"";"SOURCE_CLASSEUR_2026";"classeur ligne 151";"RECONDUIT";"";"";"NON";"Référence source de 1 occurrence(s) 2027"
"2026";"QV26:L152";"0172F7DAP.152";"Formation cadres DAP";"F7";"FOCA";"Formation";"0172F7";"DAP:Y1";"Cdt | C for | C DAP | Échelons I à III  Y1, Y4";"2026-03-17";"Mardi";"19:00";"21:30";"Caserne G1";"C DAP";"";"";"SOURCE_CLASSEUR_2026";"classeur ligne 152";"HUMAN_REVIEW";"";"";"OUI";"Aucun lien sourceLine 2027 prouvé ; absence non présumée volontaire"
"2026";"QV26:L152";"0172F7DAP.152";"Formation cadres DAP";"F7";"FOCA";"Formation";"0172F7";"DAP:Y4";"Cdt | C for | C DAP | Échelons I à III  Y1, Y4";"2026-03-17";"Mardi";"19:00";"21:30";"Caserne G1";"C DAP";"";"";"SOURCE_CLASSEUR_2026";"classeur ligne 152";"HUMAN_REVIEW";"";"";"OUI";"Aucun lien sourceLine 2027 prouvé ; absence non présumée volontaire"
"2026";"QV26:L153";"013Y2DAP.153";"Exercice DAP 1";"F7";"FOCO";"Exercice";"013Y2";"DAP:Y2";"C sct | Échelon 0 à III | FOBA 2";"2026-03-17";"Mardi";"19:00";"21:30";"Local Y2";"C sct";"";"";"SOURCE_CLASSEUR_2026";"classeur ligne 153";"RECONDUIT";"";"";"NON";"Référence source de 1 occurrence(s) 2027"
"2026";"QV26:L154";"0171F7.154";"Cursus « Notions d'administration publique » | module 4";"F7";"FOCA";"";"0171F7";"DPS:G1";"Échelon III et IV sur convocation, partenaires feux bleus";"2026-03-18";"Mercredi";"08:00";"16:00";"Caserne G1";"Cdt";"";"";"SOURCE_CLASSEUR_2026";"classeur ligne 154";"HUMAN_REVIEW";"";"";"OUI";"Aucun lien sourceLine 2027 prouvé ; absence non présumée volontaire"
"2026";"QV26:L154";"0171F7.154";"Cursus « Notions d'administration publique » | module 4";"F7";"FOCA";"";"0171F7";"DPS:C1";"Échelon III et IV sur convocation, partenaires feux bleus";"2026-03-18";"Mercredi";"08:00";"16:00";"Caserne G1";"Cdt";"";"";"SOURCE_CLASSEUR_2026";"classeur ligne 154";"HUMAN_REVIEW";"";"";"OUI";"Aucun lien sourceLine 2027 prouvé ; absence non présumée volontaire"
"2026";"QV26:L154";"0171F7.154";"Cursus « Notions d'administration publique » | module 4";"F7";"FOCA";"";"0171F7";"DPS:B1";"Échelon III et IV sur convocation, partenaires feux bleus";"2026-03-18";"Mercredi";"08:00";"16:00";"Caserne G1";"Cdt";"";"";"SOURCE_CLASSEUR_2026";"classeur ligne 154";"HUMAN_REVIEW";"";"";"OUI";"Aucun lien sourceLine 2027 prouvé ; absence non présumée volontaire"
"2026";"QV26:L154";"0171F7.154";"Cursus « Notions d'administration publique » | module 4";"F7";"FOCA";"";"0171F7";"DPS:B2";"Échelon III et IV sur convocation, partenaires feux bleus";"2026-03-18";"Mercredi";"08:00";"16:00";"Caserne G1";"Cdt";"";"";"SOURCE_CLASSEUR_2026";"classeur ligne 154";"HUMAN_REVIEW";"";"";"OUI";"Aucun lien sourceLine 2027 prouvé ; absence non présumée volontaire"
"2026";"QV26:L155";"0151F7EA.155";"Formation MEA 1.0";"F7";"AUTO";"Formation";"0151F7";"OI_NON_DOCUMENTE_2026";"Permanent";"2026-03-18";"Mercredi";"09:30";"12:00";"Caserne G1";"Of auto";"";"";"SOURCE_CLASSEUR_2026";"classeur ligne 155";"RECONDUIT";"";"";"NON";"Référence source de 1 occurrence(s) 2027"
"2026";"QV26:L156";"0151F7EA.156";"Cursus MEA - module 5.2";"F7";"AUTO";"";"0151F7";"OI_NON_DOCUMENTE_2026";"Formateur MEA | MEA N'25";"2026-03-18";"Mercredi";"17:00";"19:00";"Caserne G1";"Of auto";"";"";"SOURCE_CLASSEUR_2026";"classeur ligne 156";"HUMAN_REVIEW";"";"";"OUI";"Aucun lien sourceLine 2027 prouvé ; absence non présumée volontaire"
"2026";"QV26:L157";"01521F7PL.157";"Conduite TP9000, formation continue 1.2";"F7";"AUTO";"";"01521F7";"OI_NON_DOCUMENTE_2026";"Cond TP9 | Section 1 + Réguliers";"2026-03-18";"Mercredi";"18:00";"20:00";"Caserne G1";"Of auto";"";"";"SOURCE_CLASSEUR_2026";"classeur ligne 157";"RECONDUIT";"";"";"NON";"Référence source de 1 occurrence(s) 2027"
"2026";"QV26:L158";"010JSP.158";"Groupe de travail JSP";"F7";"JSP";"";"010JSP";"OI_NON_DOCUMENTE_2026";"C for | C JSP | Selon convocation";"2026-03-18";"Mercredi";"18:00";"21:00";"Caserne G1";"C JSP";"";"";"SOURCE_CLASSEUR_2026";"classeur ligne 158";"RECONDUIT";"";"";"NON";"Référence source de 1 occurrence(s) 2027"
"2026";"QV26:L159";"01522F7VL.159";"Conduite, formation continue";"F7";"AUTO";"Conduite";"01522F7";"DAP:Y2";"Moniteur de conduite | Cond VL";"2026-03-18";"Mercredi";"18:30";"21:30";"Local Y2";"Of auto";"";"";"SOURCE_CLASSEUR_2026";"classeur ligne 159";"RECONDUIT";"";"";"NON";"Référence source de 1 occurrence(s) 2027"
"2026";"QV26:L160";"01522F7VL.160";"Conduite, formation continue";"F7";"AUTO";"Conduite";"01522F7";"DAP:Y3";"Moniteur de conduite | Cond VL";"2026-03-18";"Mercredi";"18:30";"21:30";"Local Y3";"Of auto";"";"";"SOURCE_CLASSEUR_2026";"classeur ligne 160";"RECONDUIT";"";"";"NON";"Référence source de 1 occurrence(s) 2027"
"2026";"QV26:L161";"01522F7VL.161";"Conduite, formation continue";"F7";"AUTO";"Conduite";"01522F7";"DAP:Y4";"Moniteur de conduite | Cond VL";"2026-03-18";"Mercredi";"18:30";"21:30";"Local Y4";"Of auto";"";"";"SOURCE_CLASSEUR_2026";"classeur ligne 161";"RECONDUIT";"";"";"NON";"Référence source de 1 occurrence(s) 2027"
"2026";"QV26:L162";"0163F7VPC.162";"Formation opérateur VPC 1.3";"F7";"FOSPEC";"Formation";"0163F7";"DPS:G1";"Opérateur VPC | Permanent | Réguliers";"2026-03-19";"Jeudi";"14:00";"17:00";"Caserne G1";"Resp VPC";"";"";"SOURCE_CLASSEUR_2026";"classeur ligne 162";"RECONDUIT";"";"";"NON";"Référence source de 1 occurrence(s) 2027"
"2026";"QV26:L163";"070F0.163";"Conférence des Commandants";"F0";"SDIS";"";"070F0";"OI_NON_DOCUMENTE_2026";"Cdt";"2026-03-19";"Jeudi";"17:00";"20:00";"À définir";"Cdt";"";"";"SOURCE_CLASSEUR_2026";"classeur ligne 163";"RECONDUIT";"";"";"NON";"Référence source de 1 occurrence(s) 2027"
"2026";"QV26:L164";"01521F7PL.164";"Cursus TP9 - module 3.1 | Drive";"F7";"AUTO";"";"01521F7";"OI_NON_DOCUMENTE_2026";"Formateur TP9 | Candidats cond TP9 '26";"2026-03-19";"Jeudi";"18:00";"19:00";"Caserne G1";"Of auto";"";"";"SOURCE_CLASSEUR_2026";"classeur ligne 164";"HUMAN_REVIEW";"";"";"OUI";"Aucun lien sourceLine 2027 prouvé ; absence non présumée volontaire"
"2026";"QV26:L165";"01522F7VL.165";"Conduite, formation continue";"F7";"AUTO";"Conduite";"01522F7";"DAP:Y4";"Moniteur de conduite | Cond VL";"2026-03-19";"Jeudi";"18:30";"21:30";"Local Y4";"Of auto";"";"";"SOURCE_CLASSEUR_2026";"classeur ligne 165";"RECONDUIT";"";"";"NON";"Référence source de 1 occurrence(s) 2027"
"2026";"QV26:L166";"011PR.166";"Exercice PR 1.6 | Base";"F7";"PR";"Exercice";"011PR";"OI_NON_DOCUMENTE_2026";"PAPR";"2026-03-19";"Jeudi";"19:00";"21:30";"Caserne G1";"C PR";"";"";"SOURCE_CLASSEUR_2026";"classeur ligne 166";"RECONDUIT";"";"";"NON";"Référence source de 1 occurrence(s) 2027"
"2026";"QV26:L167";"013Y1DAP.167";"Cours de cadres exercice DAP 2";"F7";"FOCO";"Cours";"013Y1";"DAP:Y1";"C sct | Formateurs";"2026-03-19";"Jeudi";"19:00";"21:30";"Local Y1";"C sct";"";"";"SOURCE_CLASSEUR_2026";"classeur ligne 167";"RECONDUIT";"";"";"NON";"Référence source de 1 occurrence(s) 2027"
"2026";"QV26:L168";"013Y3DAP.168";"Exercice DAP 1";"F7";"FOCO";"Exercice";"013Y3";"DAP:Y3";"C sct | Échelon 0 à III | FOBA 2";"2026-03-19";"Jeudi";"19:00";"21:30";"Local Y3";"C sct";"";"";"SOURCE_CLASSEUR_2026";"classeur ligne 168";"RECONDUIT";"";"";"NON";"Référence source de 1 occurrence(s) 2027"
"2026";"QV26:L169";"070F0.169";"Séance Codir";"F0";"SDIS";"Séance";"070F0";"OI_NON_DOCUMENTE_2026";"Codir | Cdt";"2026-03-20";"Vendredi";"08:00";"09:30";"Caserne G1";"PrésidentE Codir";"";"";"SOURCE_CLASSEUR_2026";"classeur ligne 169";"RECONDUIT";"";"";"NON";"Référence source de 1 occurrence(s) 2027"
"2026";"QV26:L170";"0151F7EA.170";"Formation MEA 1.1";"F7";"AUTO";"Formation";"0151F7";"OI_NON_DOCUMENTE_2026";"Réguliers";"2026-03-20";"Vendredi";"09:30";"12:00";"Caserne G1";"Of auto";"";"";"SOURCE_CLASSEUR_2026";"classeur ligne 170";"RECONDUIT";"";"";"NON";"Référence source de 1 occurrence(s) 2027"
"2026";"QV26:L171";"012G1DPS.171";"Instr demi-sct - KICK-OFF";"F7";"FOCO";"Instruction";"012G1";"DPS:G1";"Section 5B | Réserve | Réguliers";"2026-03-21";"Samedi";"07:30";"10:30";"Caserne G1";"C sct";"";"";"SOURCE_CLASSEUR_2026";"classeur ligne 171";"MODIFIÉ_VOLONTAIREMENT";"";"";"NON";"Instruction source de la couverture MOA 2027"
"2026";"QV26:L172";"012C1DPS.172";"Instr sct - KICK-OFF";"F7";"FOCO";"Instruction";"012C1";"DPS:C1";"Section 2";"2026-03-21";"Samedi";"07:30";"10:30";"Caserne C1";"C sct";"";"";"SOURCE_CLASSEUR_2026";"classeur ligne 172";"RECONDUIT";"";"";"NON";"Référence source de 1 occurrence(s) 2027"
"2026";"QV26:L173";"012B1DPS.173";"Instr sct - KICK-OFF";"F7";"FOCO";"Instruction";"012B1";"DPS:B1";"Section 2";"2026-03-21";"Samedi";"07:30";"10:30";"Caserne B1";"C sct";"";"";"SOURCE_CLASSEUR_2026";"classeur ligne 173";"RECONDUIT";"";"";"NON";"Référence source de 1 occurrence(s) 2027"
"2026";"QV26:L174";"012B2DPS.174";"Instr sct - KICK-OFF";"F7";"FOCO";"Instruction";"012B2";"DPS:B2";"Section 2";"2026-03-21";"Samedi";"07:30";"10:30";"Caserne B2";"C sct";"";"";"SOURCE_CLASSEUR_2026";"classeur ligne 174";"RECONDUIT";"";"";"NON";"Référence source de 1 occurrence(s) 2027"
"2026";"QV26:L175";"010JSP.175";"Exercice JSP Cadets 1";"F7";"JSP";"Exercice";"010JSP";"OI_NON_DOCUMENTE_2026";"C JSP | Moniteurs JSP | Cadets JSP";"2026-03-21";"Samedi";"08:00";"11:00";"Caserne G1";"Resp for JSP";"";"";"SOURCE_CLASSEUR_2026";"classeur ligne 175";"RECONDUIT";"";"";"NON";"Référence source de 1 occurrence(s) 2027"
"2026";"QV26:L176";"0152F7PL/VL.176";"Conduite, formation continue";"F7";"AUTO";"Conduite";"0152F7";"DPS:G1";"Section 5B | Réserve | Réguliers";"2026-03-21";"Samedi";"10:30";"11:30";"Caserne G1";"C sct";"";"";"SOURCE_CLASSEUR_2026";"classeur ligne 176";"MODIFIÉ_VOLONTAIREMENT";"";"";"NON";"Cadence de conduite 2027 redéfinie par la MOA"
"2026";"QV26:L177";"0151F7EA.177";"Formation MEA 1.0";"F7";"AUTO";"Formation";"0151F7";"OI_NON_DOCUMENTE_2026";"Permanent";"2026-03-23";"Lundi";"13:30";"16:00";"Caserne G1";"Of auto";"";"";"SOURCE_CLASSEUR_2026";"classeur ligne 177";"RECONDUIT";"";"";"NON";"Référence source de 1 occurrence(s) 2027"
"2026";"QV26:L178";"0167F7SAN.178";"Recyclage BLS | AED SN55i";"F7";"FOSPEC";"";"0167F7";"DPS:G1";"Instructeur recyclage BLS | AED, selon convocation";"2026-03-23";"Lundi";"18:00";"22:00";"Caserne G1";"Réf sanitaire";"";"";"SOURCE_CLASSEUR_2026";"classeur ligne 178";"RECONDUIT";"";"";"NON";"Référence source de 1 occurrence(s) 2027"
"2026";"QV26:L178";"0167F7SAN.178";"Recyclage BLS | AED SN55i";"F7";"FOSPEC";"";"0167F7";"DPS:C1";"Instructeur recyclage BLS | AED, selon convocation";"2026-03-23";"Lundi";"18:00";"22:00";"Caserne G1";"Réf sanitaire";"";"";"SOURCE_CLASSEUR_2026";"classeur ligne 178";"RECONDUIT";"";"";"NON";"Référence source de 1 occurrence(s) 2027"
"2026";"QV26:L178";"0167F7SAN.178";"Recyclage BLS | AED SN55i";"F7";"FOSPEC";"";"0167F7";"DPS:B1";"Instructeur recyclage BLS | AED, selon convocation";"2026-03-23";"Lundi";"18:00";"22:00";"Caserne G1";"Réf sanitaire";"";"";"SOURCE_CLASSEUR_2026";"classeur ligne 178";"RECONDUIT";"";"";"NON";"Référence source de 1 occurrence(s) 2027"
"2026";"QV26:L178";"0167F7SAN.178";"Recyclage BLS | AED SN55i";"F7";"FOSPEC";"";"0167F7";"DPS:B2";"Instructeur recyclage BLS | AED, selon convocation";"2026-03-23";"Lundi";"18:00";"22:00";"Caserne G1";"Réf sanitaire";"";"";"SOURCE_CLASSEUR_2026";"classeur ligne 178";"RECONDUIT";"";"";"NON";"Référence source de 1 occurrence(s) 2027"
"2026";"QV26:L178";"0167F7SAN.178";"Recyclage BLS | AED SN55i";"F7";"FOSPEC";"";"0167F7";"DAP:Y1";"Instructeur recyclage BLS | AED, selon convocation";"2026-03-23";"Lundi";"18:00";"22:00";"Caserne G1";"Réf sanitaire";"";"";"SOURCE_CLASSEUR_2026";"classeur ligne 178";"RECONDUIT";"";"";"NON";"Référence source de 1 occurrence(s) 2027"
"2026";"QV26:L179";"010JB1.179";"Exercice JSP 3";"F7";"JSP";"Exercice";"010JB1";"OI_NON_DOCUMENTE_2026";"C site JSP | Moniteurs JSP | JSP";"2026-03-23";"Lundi";"18:00";"20:00";"Caserne B1";"Resp for JSP";"";"";"SOURCE_CLASSEUR_2026";"classeur ligne 179";"RECONDUIT";"";"";"NON";"Référence source de 1 occurrence(s) 2027"
"2026";"QV26:L180";"070F4.180";"Vision locale DPS";"F4";"DPS";"";"070F4";"DPS:B1";"C site | C log | Resp mat DPS";"2026-03-23";"Lundi";"18:00";"19:00";"Caserne B1";"C log";"";"";"SOURCE_CLASSEUR_2026";"classeur ligne 180";"RECONDUIT";"";"";"NON";"Référence source de 1 occurrence(s) 2027"
"2026";"QV26:L181";"012G1DPS.181";"Instr sct - KICK-OFF";"F7";"FOCO";"Instruction";"012G1";"DPS:G1";"Section 5 | Réserve | Réguliers";"2026-03-23";"Lundi";"18:30";"21:30";"Caserne G1";"C sct";"";"";"SOURCE_CLASSEUR_2026";"classeur ligne 181";"RECONDUIT";"";"";"NON";"Référence source de 1 occurrence(s) 2027"
"2026";"QV26:L182";"070F4.182";"Vision locale DAP";"F4";"DAP";"";"070F4";"DAP:Y1";"C sct | C log | Resp mat DAP";"2026-03-23";"Lundi";"19:00";"19:30";"Local Y1";"C log";"";"";"SOURCE_CLASSEUR_2026";"classeur ligne 182";"RECONDUIT";"";"";"NON";"Référence source de 1 occurrence(s) 2027"
"2026";"QV26:L183";"070F4.183";"Vision locale DAP";"F4";"DAP";"";"070F4";"DAP:Y2";"C sct | C log | Resp mat DAP";"2026-03-23";"Lundi";"19:30";"20:00";"Local Y2";"C log";"";"";"SOURCE_CLASSEUR_2026";"classeur ligne 183";"RECONDUIT";"";"";"NON";"Référence source de 1 occurrence(s) 2027"
"2026";"QV26:L184";"01521F7PL.184";"Conduite TP9000, formation continue 1.2";"F7";"AUTO";"";"01521F7";"OI_NON_DOCUMENTE_2026";"Cond TP9 | Section 5";"2026-03-24";"Mardi";"18:00";"20:00";"Caserne G1";"Of auto";"";"";"SOURCE_CLASSEUR_2026";"classeur ligne 184";"RECONDUIT";"";"";"NON";"Référence source de 1 occurrence(s) 2027"
"2026";"QV26:L185";"070F0.185";"Séance COSEC | Infrastructures";"F0";"SDIS";"Séance";"070F0";"OI_NON_DOCUMENTE_2026";"Président Codir | Cdt | Cadre op CECRY";"2026-03-24";"Mardi";"18:30";"21:00";"SSP";"Cdt";"";"";"SOURCE_CLASSEUR_2026";"classeur ligne 185";"RECONDUIT";"";"";"NON";"Référence source de 1 occurrence(s) 2027"
"2026";"QV26:L186";"012C1DPS.186";"Exercice DPS 1";"F7";"FOCO";"Exercice";"012C1";"DPS:C1";"C site | DPS | FOBA 2 et 3";"2026-03-24";"Mardi";"19:00";"21:30";"Caserne C1";"C site";"";"";"SOURCE_CLASSEUR_2026";"classeur ligne 186";"RECONDUIT";"";"";"NON";"Référence source de 1 occurrence(s) 2027"
"2026";"QV26:L187";"012B1DPS.187";"Exercice DPS 1";"F7";"FOCO";"Exercice";"012B1";"DPS:B1";"C site | DPS | FOBA 2 et 3";"2026-03-24";"Mardi";"19:00";"21:30";"Caserne B1";"C site";"";"";"SOURCE_CLASSEUR_2026";"classeur ligne 187";"RECONDUIT";"";"";"NON";"Référence source de 1 occurrence(s) 2027"
"2026";"QV26:L188";"012B2DPS.188";"Exercice DPS 1";"F7";"FOCO";"Exercice";"012B2";"DPS:B2";"C site | DPS | FOBA 2 et 3";"2026-03-24";"Mardi";"19:00";"21:30";"Caserne B2";"C site";"";"";"SOURCE_CLASSEUR_2026";"classeur ligne 188";"RECONDUIT";"";"";"NON";"Référence source de 1 occurrence(s) 2027"
"2026";"QV26:L189";"010FOBA.189";"Exercice FOBA 2";"F7";"FOBA";"Exercice";"010FOBA";"OI_NON_DOCUMENTE_2026";"C FOBA | cadres FOBA | FOBA 1 | FOBA 2";"2026-03-25";"Mercredi";"18:30";"21:30";"Caserne G1";"C FOBA";"";"";"SOURCE_CLASSEUR_2026";"classeur ligne 189";"RECONDUIT";"";"";"NON";"Référence source de 1 occurrence(s) 2027"
"2026";"QV26:L190";"0172F7DAP.190";"Cursus CI DAP - module 1 | Leadership et bases légales";"F7";"FOCA";"";"0172F7";"DAP:Y1";"Cdt | C for | Candidats échelon II '25-26";"2026-03-26";"Jeudi";"18:00";"21:00";"Caserne G1";"Cdt";"";"";"SOURCE_CLASSEUR_2026";"classeur ligne 190";"HUMAN_REVIEW";"";"";"OUI";"Aucun lien sourceLine 2027 prouvé ; absence non présumée volontaire"
"2026";"QV26:L190";"0172F7DAP.190";"Cursus CI DAP - module 1 | Leadership et bases légales";"F7";"FOCA";"";"0172F7";"DAP:Y2";"Cdt | C for | Candidats échelon II '25-26";"2026-03-26";"Jeudi";"18:00";"21:00";"Caserne G1";"Cdt";"";"";"SOURCE_CLASSEUR_2026";"classeur ligne 190";"HUMAN_REVIEW";"";"";"OUI";"Aucun lien sourceLine 2027 prouvé ; absence non présumée volontaire"
"2026";"QV26:L190";"0172F7DAP.190";"Cursus CI DAP - module 1 | Leadership et bases légales";"F7";"FOCA";"";"0172F7";"DAP:Y3";"Cdt | C for | Candidats échelon II '25-26";"2026-03-26";"Jeudi";"18:00";"21:00";"Caserne G1";"Cdt";"";"";"SOURCE_CLASSEUR_2026";"classeur ligne 190";"HUMAN_REVIEW";"";"";"OUI";"Aucun lien sourceLine 2027 prouvé ; absence non présumée volontaire"
"2026";"QV26:L190";"0172F7DAP.190";"Cursus CI DAP - module 1 | Leadership et bases légales";"F7";"FOCA";"";"0172F7";"DAP:Y4";"Cdt | C for | Candidats échelon II '25-26";"2026-03-26";"Jeudi";"18:00";"21:00";"Caserne G1";"Cdt";"";"";"SOURCE_CLASSEUR_2026";"classeur ligne 190";"HUMAN_REVIEW";"";"";"OUI";"Aucun lien sourceLine 2027 prouvé ; absence non présumée volontaire"
"2026";"QV26:L191";"01521F7PL.191";"Cursus TP9 - module 3.1 | Drive";"F7";"AUTO";"";"01521F7";"OI_NON_DOCUMENTE_2026";"Formateur TP9 | Candidats cond TP9 '26";"2026-03-26";"Jeudi";"18:00";"19:00";"Caserne G1";"Of auto";"";"";"SOURCE_CLASSEUR_2026";"classeur ligne 191";"HUMAN_REVIEW";"";"";"OUI";"Aucun lien sourceLine 2027 prouvé ; absence non présumée volontaire"
"2026";"QV26:L192";"0163F7VPC.192";"Formation opérateur VPC 1.4";"F7";"FOSPEC";"Formation";"0163F7";"DPS:G1";"Opérateur VPC";"2026-03-26";"Jeudi";"18:00";"21:00";"Caserne G1";"Resp VPC";"";"";"SOURCE_CLASSEUR_2026";"classeur ligne 192";"RECONDUIT";"";"";"NON";"Référence source de 1 occurrence(s) 2027"
"2026";"QV26:L193";"CONCOUR.193";"Préparation concours de la FVSP";"F2/3";"FVSP";"";"CONCOUR";"OI_NON_DOCUMENTE_2026";"Équipes concours FVSP | Juges";"2026-03-26";"Jeudi";"18:30";"21:00";"Caserne G1";"C op";"";"";"SOURCE_CLASSEUR_2026";"classeur ligne 193";"RECONDUIT";"";"";"NON";"Référence source de 1 occurrence(s) 2027"
"2026";"QV26:L194";"01522F7VL.194";"Conduite, formation continue";"F7";"AUTO";"Conduite";"01522F7";"DAP:Y3";"Moniteur de conduite | Cond VL";"2026-03-26";"Jeudi";"18:30";"21:30";"Local Y3";"Of auto";"";"";"SOURCE_CLASSEUR_2026";"classeur ligne 194";"RECONDUIT";"";"";"NON";"Référence source de 1 occurrence(s) 2027"
"2026";"QV26:L195";"";"Assemblée générale de la SIC";"F5/6";"";"";"";"OI_NON_DOCUMENTE_2026";"SIC Yverdon-les-Bains";"2026-03-27";"Vendredi";"11:30";"13:30";"Caserne G1";"C op";"";"";"SOURCE_CLASSEUR_2026";"classeur ligne 195";"HUMAN_REVIEW";"";"";"OUI";"Aucun lien sourceLine 2027 prouvé ; absence non présumée volontaire"
"2026";"QV26:L196";"012G1DPS.196";"Instr demi-sct - KICK-OFF";"F7";"FOCO";"Instruction";"012G1";"DPS:G1";"Section 4B | Réserve | Réguliers";"2026-03-28";"Samedi";"07:30";"10:30";"Caserne G1";"C sct";"";"";"SOURCE_CLASSEUR_2026";"classeur ligne 196";"MODIFIÉ_VOLONTAIREMENT";"";"";"NON";"Instruction source de la couverture MOA 2027"
"2026";"QV26:L197";"012B2DPS.197";"Instr sct - KICK-OFF";"F7";"FOCO";"Instruction";"012B2";"DPS:B2";"Section 1";"2026-03-28";"Samedi";"07:30";"10:30";"Caserne B2";"C sct";"";"";"SOURCE_CLASSEUR_2026";"classeur ligne 197";"RECONDUIT";"";"";"NON";"Référence source de 1 occurrence(s) 2027"
"2026";"QV26:L198";"010JG1.198";"Exercice JSP 3";"F7";"JSP";"Exercice";"010JG1";"OI_NON_DOCUMENTE_2026";"C site JSP | Moniteurs JSP | JSP";"2026-03-28";"Samedi";"08:00";"11:30";"Caserne G1";"Resp for JSP";"";"";"SOURCE_CLASSEUR_2026";"classeur ligne 198";"RECONDUIT";"";"";"NON";"Référence source de 1 occurrence(s) 2027"
"2026";"QV26:L199";"0152F7PL/VL.199";"Conduite, formation continue";"F7";"AUTO";"Conduite";"0152F7";"DPS:G1";"Section 4B | Réserve | Réguliers";"2026-03-28";"Samedi";"10:30";"11:30";"Caserne G1";"C sct";"";"";"SOURCE_CLASSEUR_2026";"classeur ligne 199";"MODIFIÉ_VOLONTAIREMENT";"";"";"NON";"Cadence de conduite 2027 redéfinie par la MOA"
"2026";"QV26:L200";"012C1DPS.200";"Instr sct - KICK-OFF";"F7";"FOCO";"Instruction";"012C1";"DPS:C1";"Section 1";"2026-03-28";"Samedi";"18:30";"21:30";"Caserne C1";"C sct";"";"";"SOURCE_CLASSEUR_2026";"classeur ligne 200";"RECONDUIT";"";"";"NON";"Référence source de 1 occurrence(s) 2027"
"2026";"QV26:L201";"012B1DPS.201";"Instr sct - KICK-OFF";"F7";"FOCO";"Instruction";"012B1";"DPS:B1";"Section 1";"2026-03-28";"Samedi";"18:30";"21:30";"Caserne B1";"C sct";"";"";"SOURCE_CLASSEUR_2026";"classeur ligne 201";"RECONDUIT";"";"";"NON";"Référence source de 1 occurrence(s) 2027"
"2026";"QV26:L202";"0164F7ABC.202";"Formation permanents | ABC";"F7";"FOSPEC";"Formation";"0164F7";"DPS:G1";"Permanent";"2026-03-30";"Lundi";"14:00";"17:00";"Caserne G1";"C for";"";"";"SOURCE_CLASSEUR_2026";"classeur ligne 202";"RECONDUIT";"";"";"NON";"Référence source de 1 occurrence(s) 2027"
"2026";"QV26:L203";"010JC1.203";"Exercice JSP 4";"F7";"JSP";"Exercice";"010JC1";"OI_NON_DOCUMENTE_2026";"C site JSP | Moniteurs JSP | JSP";"2026-03-30";"Lundi";"18:00";"20:00";"Caserne C1";"Resp for JSP";"";"";"SOURCE_CLASSEUR_2026";"classeur ligne 203";"RECONDUIT";"";"";"NON";"Référence source de 1 occurrence(s) 2027"
"2026";"QV26:L204";"012G1DPS.204";"Instr sct - KICK-OFF";"F7";"FOCO";"Instruction";"012G1";"DPS:G1";"Section 4 | Réserve | Réguliers";"2026-03-30";"Lundi";"18:30";"21:30";"Caserne G1";"C sct";"";"";"SOURCE_CLASSEUR_2026";"classeur ligne 204";"RECONDUIT";"";"";"NON";"Référence source de 1 occurrence(s) 2027"
"2026";"QV26:L205";"0167F7SAN.205";"BLS | AED | Modules complémentaires SP 1 à 4";"F7";"FOSPEC";"";"0167F7";"DPS:G1";"Instructeur recyclage BLS | AED, selon convocation";"2026-03-30";"Lundi";"19:00";"21:00";"Caserne G1";"Réf sanitaire";"";"";"SOURCE_CLASSEUR_2026";"classeur ligne 205";"HUMAN_REVIEW";"";"";"OUI";"Aucun lien sourceLine 2027 prouvé ; absence non présumée volontaire"
"2026";"QV26:L205";"0167F7SAN.205";"BLS | AED | Modules complémentaires SP 1 à 4";"F7";"FOSPEC";"";"0167F7";"DPS:C1";"Instructeur recyclage BLS | AED, selon convocation";"2026-03-30";"Lundi";"19:00";"21:00";"Caserne G1";"Réf sanitaire";"";"";"SOURCE_CLASSEUR_2026";"classeur ligne 205";"HUMAN_REVIEW";"";"";"OUI";"Aucun lien sourceLine 2027 prouvé ; absence non présumée volontaire"
"2026";"QV26:L205";"0167F7SAN.205";"BLS | AED | Modules complémentaires SP 1 à 4";"F7";"FOSPEC";"";"0167F7";"DPS:B1";"Instructeur recyclage BLS | AED, selon convocation";"2026-03-30";"Lundi";"19:00";"21:00";"Caserne G1";"Réf sanitaire";"";"";"SOURCE_CLASSEUR_2026";"classeur ligne 205";"HUMAN_REVIEW";"";"";"OUI";"Aucun lien sourceLine 2027 prouvé ; absence non présumée volontaire"
"2026";"QV26:L205";"0167F7SAN.205";"BLS | AED | Modules complémentaires SP 1 à 4";"F7";"FOSPEC";"";"0167F7";"DPS:B2";"Instructeur recyclage BLS | AED, selon convocation";"2026-03-30";"Lundi";"19:00";"21:00";"Caserne G1";"Réf sanitaire";"";"";"SOURCE_CLASSEUR_2026";"classeur ligne 205";"HUMAN_REVIEW";"";"";"OUI";"Aucun lien sourceLine 2027 prouvé ; absence non présumée volontaire"
"2026";"QV26:L206";"01521F7PL.206";"Cursus TP9 - module 3.1 | Drive";"F7";"AUTO";"";"01521F7";"OI_NON_DOCUMENTE_2026";"Formateur TP9 | Candidats cond TP9 '26";"2026-03-31";"Mardi";"18:00";"19:00";"Caserne G1";"Of auto";"";"";"SOURCE_CLASSEUR_2026";"classeur ligne 206";"HUMAN_REVIEW";"";"";"OUI";"Aucun lien sourceLine 2027 prouvé ; absence non présumée volontaire"
"2026";"QV26:L207";"EMSEA.207";"Séance EM";"F0";"SDIS";"Séance";"EMSEA";"OI_NON_DOCUMENTE_2026";"EM";"2026-03-31";"Mardi";"18:00";"21:00";"Caserne G1";"Cdt";"";"";"SOURCE_CLASSEUR_2026";"classeur ligne 207";"RECONDUIT";"";"";"NON";"Référence source de 1 occurrence(s) 2027"
"2026";"QV26:L208";"070F4.208";"Vision locale DPS";"F4";"DPS";"";"070F4";"DPS:C1";"C site | C log | Resp mat DPS";"2026-03-31";"Mardi";"18:00";"19:00";"Caserne C1";"C log";"";"";"SOURCE_CLASSEUR_2026";"classeur ligne 208";"RECONDUIT";"";"";"NON";"Référence source de 1 occurrence(s) 2027"
"2026";"QV26:L209";"013Y4DAP.209";"Exercice DAP 1";"F7";"FOCO";"Exercice";"013Y4";"DAP:Y4";"C sct | Échelon 0 à III | FOBA 2";"2026-03-31";"Mardi";"19:00";"21:30";"Local Y4";"C sct";"";"";"SOURCE_CLASSEUR_2026";"classeur ligne 209";"RECONDUIT";"";"";"NON";"Référence source de 1 occurrence(s) 2027"
"2026";"QV26:L210";"0151F7EA.210";"Formation MEA 1.0";"F7";"AUTO";"Formation";"0151F7";"OI_NON_DOCUMENTE_2026";"Permanent";"2026-04-01";"Mercredi";"09:30";"12:00";"Caserne G1";"Of auto";"";"";"SOURCE_CLASSEUR_2026";"classeur ligne 210";"RECONDUIT";"";"";"NON";"Référence source de 1 occurrence(s) 2027"
"2026";"QV26:L211";"01521F7PL.211";"Conduite TP9000, formation continue 1.2";"F7";"AUTO";"";"01521F7";"OI_NON_DOCUMENTE_2026";"Cond TP9 | Section 4";"2026-04-01";"Mercredi";"18:00";"20:00";"Caserne G1";"Of auto";"";"";"SOURCE_CLASSEUR_2026";"classeur ligne 211";"RECONDUIT";"";"";"NON";"Référence source de 1 occurrence(s) 2027"
"2026";"QV26:L212";"070F56.212";"Séance communication F5/6";"F5/6";"SIC";"Séance";"070F56";"DPS:G1";"Membres communication";"2026-04-01";"Mercredi";"18:00";"20:00";"Caserne G1";"Of spéc";"";"";"SOURCE_CLASSEUR_2026";"classeur ligne 212";"RECONDUIT";"";"";"NON";"Référence source de 1 occurrence(s) 2027"
"2026";"QV26:L212";"070F56.212";"Séance communication F5/6";"F5/6";"SIC";"Séance";"070F56";"DAP:Y1";"Membres communication";"2026-04-01";"Mercredi";"18:00";"20:00";"Caserne G1";"Of spéc";"";"";"SOURCE_CLASSEUR_2026";"classeur ligne 212";"RECONDUIT";"";"";"NON";"Référence source de 1 occurrence(s) 2027"
"2026";"QV26:L213";"010FOBA.213";"Exercice FOBA | Consolidation 1";"F7";"FOBA";"Exercice";"010FOBA";"OI_NON_DOCUMENTE_2026";"C FOBA | cadres FOBA | FOBA 3";"2026-04-01";"Mercredi";"18:30";"21:30";"Caserne G1";"C FOBA";"";"";"SOURCE_CLASSEUR_2026";"classeur ligne 213";"RECONDUIT";"";"";"NON";"Référence source de 1 occurrence(s) 2027"
"2026";"QV26:L214";"0120F7DPS.214";"Cours de cadres exercice DPS-DAP 1";"F7";"FOCO";"Cours";"0120F7";"DPS:C1";"C for | C site | C sct | R C sct";"2026-04-01";"Mercredi";"19:00";"21:30";"Caserne G1";"C for";"";"";"SOURCE_CLASSEUR_2026";"classeur ligne 214";"RECONDUIT";"";"";"NON";"Référence source de 1 occurrence(s) 2027"
"2026";"QV26:L214";"0120F7DPS.214";"Cours de cadres exercice DPS-DAP 1";"F7";"FOCO";"Cours";"0120F7";"DPS:B1";"C for | C site | C sct | R C sct";"2026-04-01";"Mercredi";"19:00";"21:30";"Caserne G1";"C for";"";"";"SOURCE_CLASSEUR_2026";"classeur ligne 214";"RECONDUIT";"";"";"NON";"Référence source de 1 occurrence(s) 2027"
"2026";"QV26:L214";"0120F7DPS.214";"Cours de cadres exercice DPS-DAP 1";"F7";"FOCO";"Cours";"0120F7";"DPS:B2";"C for | C site | C sct | R C sct";"2026-04-01";"Mercredi";"19:00";"21:30";"Caserne G1";"C for";"";"";"SOURCE_CLASSEUR_2026";"classeur ligne 214";"RECONDUIT";"";"";"NON";"Référence source de 1 occurrence(s) 2027"
"2026";"QV26:L215";"0130F7DAP.215";"Cours de cadres exercice DPS-DAP 1";"F7";"FOCO";"Cours";"0130F7";"DAP:Y1";"C for | C site | C sct | R C sct";"2026-04-01";"Mercredi";"19:00";"21:30";"Caserne G1";"C for";"";"";"SOURCE_CLASSEUR_2026";"classeur ligne 215";"RECONDUIT";"";"";"NON";"Référence source de 1 occurrence(s) 2027"
"2026";"QV26:L215";"0130F7DAP.215";"Cours de cadres exercice DPS-DAP 1";"F7";"FOCO";"Cours";"0130F7";"DAP:Y2";"C for | C site | C sct | R C sct";"2026-04-01";"Mercredi";"19:00";"21:30";"Caserne G1";"C for";"";"";"SOURCE_CLASSEUR_2026";"classeur ligne 215";"RECONDUIT";"";"";"NON";"Référence source de 1 occurrence(s) 2027"
"2026";"QV26:L215";"0130F7DAP.215";"Cours de cadres exercice DPS-DAP 1";"F7";"FOCO";"Cours";"0130F7";"DAP:Y3";"C for | C site | C sct | R C sct";"2026-04-01";"Mercredi";"19:00";"21:30";"Caserne G1";"C for";"";"";"SOURCE_CLASSEUR_2026";"classeur ligne 215";"RECONDUIT";"";"";"NON";"Référence source de 1 occurrence(s) 2027"
"2026";"QV26:L215";"0130F7DAP.215";"Cours de cadres exercice DPS-DAP 1";"F7";"FOCO";"Cours";"0130F7";"DAP:Y4";"C for | C site | C sct | R C sct";"2026-04-01";"Mercredi";"19:00";"21:30";"Caserne G1";"C for";"";"";"SOURCE_CLASSEUR_2026";"classeur ligne 215";"RECONDUIT";"";"";"NON";"Référence source de 1 occurrence(s) 2027"
"2026";"QV26:L216";"01521F7PL.216";"Conduite TP9000, formation continue 1.2";"F7";"AUTO";"";"01521F7";"OI_NON_DOCUMENTE_2026";"Cond TP9 | Section 4 + Réguliers";"2026-04-02";"Jeudi";"18:00";"20:00";"Caserne G1";"Of auto";"";"";"SOURCE_CLASSEUR_2026";"classeur ligne 216";"RECONDUIT";"";"";"NON";"Référence source de 1 occurrence(s) 2027"
"2026";"QV26:L217";"012G1DPS.217";"Cours de cadres exercice DPS 1";"F7";"FOCO";"Cours";"012G1";"DPS:G1";"C site | C for | Selon convocation";"2026-04-02";"Jeudi";"18:30";"21:00";"Caserne G1";"C site";"";"";"SOURCE_CLASSEUR_2026";"classeur ligne 217";"RECONDUIT";"";"";"NON";"Référence source de 1 occurrence(s) 2027"
"2026";"QV26:L218";"CONCOUR.218";"Préparation concours de la FVSP";"F2/3";"FVSP";"";"CONCOUR";"OI_NON_DOCUMENTE_2026";"Équipes concours FVSP | Juges";"2026-04-02";"Jeudi";"18:30";"21:00";"Caserne G1";"C op";"";"";"SOURCE_CLASSEUR_2026";"classeur ligne 218";"RECONDUIT";"";"";"NON";"Référence source de 1 occurrence(s) 2027"
"2026";"QV26:L219";"012G1DPS.219";"Instr demi-sct - KICK-OFF";"F7";"FOCO";"Instruction";"012G1";"DPS:G1";"Section 3B | Réserve | Réguliers";"2026-04-04";"Samedi";"07:30";"10:30";"Caserne G1";"C sct";"";"";"SOURCE_CLASSEUR_2026";"classeur ligne 219";"MODIFIÉ_VOLONTAIREMENT";"";"";"NON";"Instruction source de la couverture MOA 2027"
"2026";"QV26:L220";"012C1DPS.220";"Instr sct - KICK-OFF";"F7";"FOCO";"Instruction";"012C1";"DPS:C1";"Section 3";"2026-04-04";"Samedi";"07:30";"10:30";"Caserne C1";"C sct";"";"";"SOURCE_CLASSEUR_2026";"classeur ligne 220";"RECONDUIT";"";"";"NON";"Référence source de 1 occurrence(s) 2027"
"2026";"QV26:L221";"012B1DPS.221";"Instr sct - KICK-OFF";"F7";"FOCO";"Instruction";"012B1";"DPS:B1";"Section 3";"2026-04-04";"Samedi";"07:30";"10:30";"Caserne B1";"C sct";"";"";"SOURCE_CLASSEUR_2026";"classeur ligne 221";"RECONDUIT";"";"";"NON";"Référence source de 1 occurrence(s) 2027"
"2026";"QV26:L222";"0152F7PL/VL.222";"Conduite, formation continue";"F7";"AUTO";"Conduite";"0152F7";"DPS:G1";"Section 3B | Réserve | Réguliers";"2026-04-04";"Samedi";"10:30";"11:30";"Caserne G1";"C sct";"";"";"SOURCE_CLASSEUR_2026";"classeur ligne 222";"MODIFIÉ_VOLONTAIREMENT";"";"";"NON";"Cadence de conduite 2027 redéfinie par la MOA"
"2026";"QV26:L223";"";"Formation continue OACP CarPostal";"F5/6";"";"Formation";"";"OI_NON_DOCUMENTE_2026";"Personnel CarPostal";"2026-04-07";"Mardi";"07:00";"17:00";"Caserne G1";"C op";"";"";"SOURCE_CLASSEUR_2026";"classeur ligne 223";"HUMAN_REVIEW";"";"";"OUI";"Aucun lien sourceLine 2027 prouvé ; absence non présumée volontaire"
"2026";"QV26:L224";"012G1DPS.224";"Instr sct - KICK-OFF";"F7";"FOCO";"Instruction";"012G1";"DPS:G1";"Section 3 | Réserve | Réguliers";"2026-04-07";"Mardi";"18:30";"21:30";"Caserne G1";"C sct";"";"";"SOURCE_CLASSEUR_2026";"classeur ligne 224";"RECONDUIT";"";"";"NON";"Référence source de 1 occurrence(s) 2027"
"2026";"QV26:L225";"";"Formation continue OACP CarPostal";"F5/6";"";"Formation";"";"OI_NON_DOCUMENTE_2026";"Personnel CarPostal";"2026-04-08";"Mercredi";"07:00";"17:00";"Caserne G1";"C op";"";"";"SOURCE_CLASSEUR_2026";"classeur ligne 225";"HUMAN_REVIEW";"";"";"OUI";"Aucun lien sourceLine 2027 prouvé ; absence non présumée volontaire"
"2026";"QV26:L226";"013Y2DAP.226";"Exercice DAP 2";"F7";"FOCO";"Exercice";"013Y2";"DAP:Y2";"C sct | Échelon 0 à III";"2026-04-08";"Mercredi";"19:00";"21:30";"Local Y2";"C sct";"";"";"SOURCE_CLASSEUR_2026";"classeur ligne 226";"RECONDUIT";"";"";"NON";"Référence source de 1 occurrence(s) 2027"
"2026";"QV26:L227";"";"Formation continue OACP CarPostal";"F5/6";"";"Formation";"";"OI_NON_DOCUMENTE_2026";"Personnel CarPostal";"2026-04-09";"Jeudi";"07:00";"17:00";"Caserne G1";"C op";"";"";"SOURCE_CLASSEUR_2026";"classeur ligne 227";"HUMAN_REVIEW";"";"";"OUI";"Aucun lien sourceLine 2027 prouvé ; absence non présumée volontaire"
"2026";"QV26:L228";"CONCOUR.228";"Préparation concours de la FVSP";"F2/3";"FVSP";"";"CONCOUR";"OI_NON_DOCUMENTE_2026";"Équipes concours FVSP | Juges";"2026-04-09";"Jeudi";"18:30";"21:00";"Caserne G1";"C op";"";"";"SOURCE_CLASSEUR_2026";"classeur ligne 228";"RECONDUIT";"";"";"NON";"Référence source de 1 occurrence(s) 2027"
"2026";"QV26:L229";"012G1DPS.229";"Instr demi-sct - KICK-OFF";"F7";"FOCO";"Instruction";"012G1";"DPS:G1";"Section 2B | Réserve | Réguliers";"2026-04-11";"Samedi";"07:30";"10:30";"Caserne G1";"C sct";"";"";"SOURCE_CLASSEUR_2026";"classeur ligne 229";"MODIFIÉ_VOLONTAIREMENT";"";"";"NON";"Instruction source de la couverture MOA 2027"
"2026";"QV26:L230";"0152F7PL/VL.230";"Conduite, formation continue";"F7";"AUTO";"Conduite";"0152F7";"DPS:G1";"Section 2B | Réserve | Réguliers";"2026-04-11";"Samedi";"10:30";"11:30";"Caserne G1";"C sct";"";"";"SOURCE_CLASSEUR_2026";"classeur ligne 230";"MODIFIÉ_VOLONTAIREMENT";"";"";"NON";"Cadence de conduite 2027 redéfinie par la MOA"
"2026";"QV26:L231";"013Y2DAP.231";"Cours de cadres exercice DAP 3";"F7";"FOCO";"Cours";"013Y2";"DAP:Y2";"C sct | Formateurs";"2026-04-11";"Samedi";"19:00";"21:30";"Local Y2";"C sct";"";"";"SOURCE_CLASSEUR_2026";"classeur ligne 231";"RECONDUIT";"";"";"NON";"Référence source de 1 occurrence(s) 2027"
"2026";"QV26:L232";"012G1DPS.232";"Instr sct - KICK-OFF";"F7";"FOCO";"Instruction";"012G1";"DPS:G1";"Section 2 | Réserve | Réguliers";"2026-04-13";"Lundi";"18:30";"21:30";"Caserne G1";"C sct";"";"";"SOURCE_CLASSEUR_2026";"classeur ligne 232";"RECONDUIT";"";"";"NON";"Référence source de 1 occurrence(s) 2027"
"2026";"QV26:L233";"0151F7EA.233";"Cursus MEA - module 6.1";"F7";"AUTO";"";"0151F7";"OI_NON_DOCUMENTE_2026";"Formateur MEA | MEA N'25";"2026-04-14";"Mardi";"17:00";"19:00";"Caserne G1";"Of auto";"";"";"SOURCE_CLASSEUR_2026";"classeur ligne 233";"HUMAN_REVIEW";"";"";"OUI";"Aucun lien sourceLine 2027 prouvé ; absence non présumée volontaire"
"2026";"QV26:L234";"0151F7EA.234";"Formation MEA 1.2";"F7";"AUTO";"Formation";"0151F7";"OI_NON_DOCUMENTE_2026";"Section 2";"2026-04-14";"Mardi";"18:00";"20:30";"Caserne G1";"Of auto";"";"";"SOURCE_CLASSEUR_2026";"classeur ligne 234";"RECONDUIT";"";"";"NON";"Référence source de 1 occurrence(s) 2027"
"2026";"QV26:L235";"013Y3DAP.235";"Cours de cadres exercice DAP 2";"F7";"FOCO";"Cours";"013Y3";"DAP:Y3";"C sct | Formateurs";"2026-04-15";"Mercredi";"19:00";"21:30";"Local Y3";"C sct";"";"";"SOURCE_CLASSEUR_2026";"classeur ligne 235";"RECONDUIT";"";"";"NON";"Référence source de 1 occurrence(s) 2027"
"2026";"QV26:L236";"0151F7EA.236";"Cursus MEA - module 6.2";"F7";"AUTO";"";"0151F7";"OI_NON_DOCUMENTE_2026";"Formateur MEA | MEA N'25";"2026-04-16";"Jeudi";"17:00";"19:00";"Caserne G1";"Of auto";"";"";"SOURCE_CLASSEUR_2026";"classeur ligne 236";"HUMAN_REVIEW";"";"";"OUI";"Aucun lien sourceLine 2027 prouvé ; absence non présumée volontaire"
"2026";"QV26:L237";"012G1DPS.237";"Instr demi-sct - KICK-OFF";"F7";"FOCO";"Instruction";"012G1";"DPS:G1";"Section 1A | Réserve | Réguliers";"2026-04-18";"Samedi";"07:30";"10:30";"Caserne G1";"C sct";"";"";"SOURCE_CLASSEUR_2026";"classeur ligne 237";"HUMAN_REVIEW";"";"";"OUI";"Aucun lien sourceLine 2027 prouvé ; absence non présumée volontaire"
"2026";"QV26:L238";"0152F7PL/VL.238";"Conduite, formation continue";"F7";"AUTO";"Conduite";"0152F7";"DPS:G1";"Section 1A | Réserve | Réguliers";"2026-04-18";"Samedi";"10:30";"11:30";"Caserne G1";"C sct";"";"";"SOURCE_CLASSEUR_2026";"classeur ligne 238";"MODIFIÉ_VOLONTAIREMENT";"";"";"NON";"Cadence de conduite 2027 redéfinie par la MOA"
"2026";"QV26:L239";"012G1DPS.239";"Instr sct - KICK-OFF";"F7";"FOCO";"Instruction";"012G1";"DPS:G1";"Section 1 | Réserve | Réguliers";"2026-04-20";"Lundi";"18:30";"21:30";"Caserne G1";"C sct";"";"";"SOURCE_CLASSEUR_2026";"classeur ligne 239";"RECONDUIT";"";"";"NON";"Référence source de 1 occurrence(s) 2027"
"2026";"QV26:L240";"0151F7EA.240";"Cursus MEA - module 7.1";"F7";"AUTO";"";"0151F7";"OI_NON_DOCUMENTE_2026";"Formateur MEA | MEA N'25";"2026-04-21";"Mardi";"17:00";"19:00";"Caserne G1";"Of auto";"";"";"SOURCE_CLASSEUR_2026";"classeur ligne 240";"HUMAN_REVIEW";"";"";"OUI";"Aucun lien sourceLine 2027 prouvé ; absence non présumée volontaire"
"2026";"QV26:L241";"0164F7ABC.241";"Exercice PR-ABC | Refresh";"F7";"PR";"Exercice";"0164F7";"OI_NON_DOCUMENTE_2026";"Porteur ABC tenue lourde";"2026-04-21";"Mardi";"18:30";"21:30";"Caserne G1";"C PR";"";"";"SOURCE_CLASSEUR_2026";"classeur ligne 241";"HUMAN_REVIEW";"";"";"OUI";"Aucun lien sourceLine 2027 prouvé ; absence non présumée volontaire"
"2026";"QV26:L242";"010JSP.242";"Séance Direction JSP";"F7";"JSP";"Séance";"010JSP";"OI_NON_DOCUMENTE_2026";"C for | C JSP | C site JSP | Resp for JSP";"2026-04-21";"Mardi";"18:30";"20:30";"Caserne G1";"C JSP";"";"";"SOURCE_CLASSEUR_2026";"classeur ligne 242";"RECONDUIT";"";"";"NON";"Référence source de 1 occurrence(s) 2027"
"2026";"QV26:L243";"01521F7PL.243";"Exercice TRUCK 1.1";"F7";"AUTO";"Exercice";"01521F7";"OI_NON_DOCUMENTE_2026";"Moniteurs conduite DPS | Cond PL";"2026-04-21";"Mardi";"19:00";"21:30";"Caserne G1";"Of auto";"";"";"SOURCE_CLASSEUR_2026";"classeur ligne 243";"RECONDUIT";"";"";"NON";"Référence source de 1 occurrence(s) 2027"
"2026";"QV26:L244";"01521F7PL.244";"Exercice TRUCK 1.1";"F7";"AUTO";"Exercice";"01521F7";"OI_NON_DOCUMENTE_2026";"Moniteurs conduite DPS | Cond PL";"2026-04-21";"Mardi";"19:00";"21:30";"Caserne C1";"Of auto";"";"";"SOURCE_CLASSEUR_2026";"classeur ligne 244";"RECONDUIT";"";"";"NON";"Référence source de 1 occurrence(s) 2027"
"2026";"QV26:L245";"01521F7PL.245";"Exercice TRUCK 1.1";"F7";"AUTO";"Exercice";"01521F7";"OI_NON_DOCUMENTE_2026";"Moniteurs conduite DPS | Cond PL";"2026-04-21";"Mardi";"19:00";"21:30";"Caserne C1";"Of auto";"";"";"SOURCE_CLASSEUR_2026";"classeur ligne 245";"HUMAN_REVIEW";"";"";"OUI";"Aucun lien sourceLine 2027 prouvé ; absence non présumée volontaire"
"2026";"QV26:L246";"01521F7PL.246";"Exercice TRUCK 1.1";"F7";"AUTO";"Exercice";"01521F7";"OI_NON_DOCUMENTE_2026";"Moniteurs conduite DPS | Cond PL";"2026-04-21";"Mardi";"19:00";"21:30";"Caserne B1";"Of auto";"";"";"SOURCE_CLASSEUR_2026";"classeur ligne 246";"RECONDUIT";"";"";"NON";"Référence source de 1 occurrence(s) 2027"
"2026";"QV26:L247";"013Y3DAP.247";"Exercice DAP 2";"F7";"FOCO";"Exercice";"013Y3";"DAP:Y3";"C sct | Échelon 0 à III";"2026-04-21";"Mardi";"19:00";"21:30";"Local Y3";"C sct";"";"";"SOURCE_CLASSEUR_2026";"classeur ligne 247";"RECONDUIT";"";"";"NON";"Référence source de 1 occurrence(s) 2027"
"2026";"QV26:L248";"013Y4DAP.248";"Cours de cadres exercice DAP 2";"F7";"FOCO";"Cours";"013Y4";"DAP:Y4";"C sct | Formateurs";"2026-04-21";"Mardi";"19:00";"21:30";"Local Y4";"C sct";"";"";"SOURCE_CLASSEUR_2026";"classeur ligne 248";"RECONDUIT";"";"";"NON";"Référence source de 1 occurrence(s) 2027"
"2026";"QV26:L249";"0151F7EA.249";"Cursus MEA - module 7.2";"F7";"AUTO";"";"0151F7";"OI_NON_DOCUMENTE_2026";"Formateur MEA | MEA N'25";"2026-04-22";"Mercredi";"17:00";"19:00";"Caserne G1";"Of auto";"";"";"SOURCE_CLASSEUR_2026";"classeur ligne 249";"HUMAN_REVIEW";"";"";"OUI";"Aucun lien sourceLine 2027 prouvé ; absence non présumée volontaire"
"2026";"QV26:L250";"010JB1.250";"Exercice JSP 4";"F7";"JSP";"Exercice";"010JB1";"OI_NON_DOCUMENTE_2026";"C site JSP | Moniteurs JSP | JSP";"2026-04-22";"Mercredi";"18:00";"20:00";"Caserne B1";"Resp for JSP";"";"";"SOURCE_CLASSEUR_2026";"classeur ligne 250";"RECONDUIT";"";"";"NON";"Référence source de 1 occurrence(s) 2027"
"2026";"QV26:L251";"070F56AV.251";"Séance photo du personnel DPS";"F5/6";"SIC";"Séance";"070F56";"DPS:G1";"C site | DPS | FOBA 2 et 3";"2026-04-22";"Mercredi";"18:30";"19:00";"Caserne G1";"C site";"";"";"SOURCE_CLASSEUR_2026";"classeur ligne 251";"RECONDUIT";"";"";"NON";"Référence source de 1 occurrence(s) 2027"
"2026";"QV26:L252";"012G1DPS.252";"Exercice DPS 1";"F7";"FOCO";"Exercice";"012G1";"DPS:G1";"C site | DPS | FOBA 2 et 3";"2026-04-22";"Mercredi";"19:00";"22:00";"Caserne G1";"C site";"";"";"SOURCE_CLASSEUR_2026";"classeur ligne 252";"RECONDUIT";"";"";"NON";"Référence source de 1 occurrence(s) 2027"
"2026";"QV26:L253";"013Y1DAP.253";"Exercice DAP 2";"F7";"FOCO";"Exercice";"013Y1";"DAP:Y1";"C sct | Échelon 0 à III";"2026-04-23";"Jeudi";"19:00";"21:30";"Local Y1";"C sct";"";"";"SOURCE_CLASSEUR_2026";"classeur ligne 253";"RECONDUIT";"";"";"NON";"Référence source de 1 occurrence(s) 2027"
"2026";"QV26:L254";"070F0.254";"Séance Codir";"F0";"SDIS";"Séance";"070F0";"OI_NON_DOCUMENTE_2026";"Codir | Cdt";"2026-04-24";"Vendredi";"08:00";"09:30";"Caserne G1";"PrésidentE Codir";"";"";"SOURCE_CLASSEUR_2026";"classeur ligne 254";"RECONDUIT";"";"";"NON";"Référence source de 1 occurrence(s) 2027"
"2026";"QV26:L255";"0164F7ABC.255";"Instr demi-sct - ABC";"F7";"FOSPEC";"Instruction";"0164F7";"DPS:G1";"Section 5A | Réserve | Réguliers";"2026-04-25";"Samedi";"07:30";"10:30";"Caserne G1";"C sct";"";"";"SOURCE_CLASSEUR_2026";"classeur ligne 255";"RECONDUIT";"";"";"NON";"Référence source de 1 occurrence(s) 2027"
"2026";"QV26:L256";"0171F7.256";"Cours de cadres interSDIS";"F7";"FOCA";"Cours";"0171F7";"DPS:G1";"Échelons II, III selon convocation";"2026-04-25";"Samedi";"07:30";"13:00";"Caserne SDIS";"Cdt";"";"";"SOURCE_CLASSEUR_2026";"classeur ligne 256";"RECONDUIT";"";"";"NON";"Référence source de 1 occurrence(s) 2027"
"2026";"QV26:L256";"0171F7.256";"Cours de cadres interSDIS";"F7";"FOCA";"Cours";"0171F7";"DPS:C1";"Échelons II, III selon convocation";"2026-04-25";"Samedi";"07:30";"13:00";"Caserne SDIS";"Cdt";"";"";"SOURCE_CLASSEUR_2026";"classeur ligne 256";"RECONDUIT";"";"";"NON";"Référence source de 1 occurrence(s) 2027"
"2026";"QV26:L256";"0171F7.256";"Cours de cadres interSDIS";"F7";"FOCA";"Cours";"0171F7";"DPS:B1";"Échelons II, III selon convocation";"2026-04-25";"Samedi";"07:30";"13:00";"Caserne SDIS";"Cdt";"";"";"SOURCE_CLASSEUR_2026";"classeur ligne 256";"RECONDUIT";"";"";"NON";"Référence source de 1 occurrence(s) 2027"
"2026";"QV26:L256";"0171F7.256";"Cours de cadres interSDIS";"F7";"FOCA";"Cours";"0171F7";"DPS:B2";"Échelons II, III selon convocation";"2026-04-25";"Samedi";"07:30";"13:00";"Caserne SDIS";"Cdt";"";"";"SOURCE_CLASSEUR_2026";"classeur ligne 256";"RECONDUIT";"";"";"NON";"Référence source de 1 occurrence(s) 2027"
"2026";"QV26:L257";"JS12JS.261a";"Cours JSP JS12 - Journée d'instruction des Moniteurs Cadets";"F7";"JSP";"Cours";"COURJSP";"OI_NON_DOCUMENTE_2026";"Moniteurs JSP | Cadets JSP selon convocation GVJSP";"2026-04-25";"Samedi";"07:30";"17:00";"Caserne SDIS";"C for";"";"";"SOURCE_CLASSEUR_2026";"classeur ligne 257";"RECONDUIT";"";"";"NON";"Référence source de 1 occurrence(s) 2027"
"2026";"QV26:L258";"01521F7PL.258";"Cursus TP9 - module 3.2 | Drive";"F7";"AUTO";"";"01521F7";"OI_NON_DOCUMENTE_2026";"Formateur TP9 | Candidats cond TP9 '26";"2026-04-27";"Lundi";"18:00";"20:00";"Caserne G1";"Of auto";"";"";"SOURCE_CLASSEUR_2026";"classeur ligne 258";"HUMAN_REVIEW";"";"";"OUI";"Aucun lien sourceLine 2027 prouvé ; absence non présumée volontaire"
"2026";"QV26:L259";"010JSP.259";"Cours de cadres formation groupée JSP";"F7";"JSP";"Cours";"010JSP";"OI_NON_DOCUMENTE_2026";"C JSP | Resp formation | Selon convocation";"2026-04-27";"Lundi";"18:30";"21:00";"Caserne G1";"C JSP";"";"";"SOURCE_CLASSEUR_2026";"classeur ligne 259";"RECONDUIT";"";"";"NON";"Référence source de 1 occurrence(s) 2027"
"2026";"QV26:L260";"01522F7VL.260";"Conduite, formation continue";"F7";"AUTO";"Conduite";"01522F7";"DAP:Y1";"Moniteur de conduite | Cond VL";"2026-04-27";"Lundi";"18:30";"21:30";"Local Y1";"Of auto";"";"";"SOURCE_CLASSEUR_2026";"classeur ligne 260";"RECONDUIT";"";"";"NON";"Référence source de 1 occurrence(s) 2027"
"2026";"QV26:L261";"0171F7DPS.261";"Cursus CI DPS - module 7 | Spécificités des interventions I";"F7";"FOCA";"";"0171F7";"DPS:G1";"Cdt | C for | Candidats échelon II OP '26 - '27";"2026-04-28";"Mardi";"18:00";"21:00";"Caserne G1";"Cdt";"";"";"SOURCE_CLASSEUR_2026";"classeur ligne 261";"HUMAN_REVIEW";"";"";"OUI";"Aucun lien sourceLine 2027 prouvé ; absence non présumée volontaire"
"2026";"QV26:L261";"0171F7DPS.261";"Cursus CI DPS - module 7 | Spécificités des interventions I";"F7";"FOCA";"";"0171F7";"DPS:C1";"Cdt | C for | Candidats échelon II OP '26 - '27";"2026-04-28";"Mardi";"18:00";"21:00";"Caserne G1";"Cdt";"";"";"SOURCE_CLASSEUR_2026";"classeur ligne 261";"HUMAN_REVIEW";"";"";"OUI";"Aucun lien sourceLine 2027 prouvé ; absence non présumée volontaire"
"2026";"QV26:L261";"0171F7DPS.261";"Cursus CI DPS - module 7 | Spécificités des interventions I";"F7";"FOCA";"";"0171F7";"DPS:B1";"Cdt | C for | Candidats échelon II OP '26 - '27";"2026-04-28";"Mardi";"18:00";"21:00";"Caserne G1";"Cdt";"";"";"SOURCE_CLASSEUR_2026";"classeur ligne 261";"HUMAN_REVIEW";"";"";"OUI";"Aucun lien sourceLine 2027 prouvé ; absence non présumée volontaire"
"2026";"QV26:L261";"0171F7DPS.261";"Cursus CI DPS - module 7 | Spécificités des interventions I";"F7";"FOCA";"";"0171F7";"DPS:B2";"Cdt | C for | Candidats échelon II OP '26 - '27";"2026-04-28";"Mardi";"18:00";"21:00";"Caserne G1";"Cdt";"";"";"SOURCE_CLASSEUR_2026";"classeur ligne 261";"HUMAN_REVIEW";"";"";"OUI";"Aucun lien sourceLine 2027 prouvé ; absence non présumée volontaire"
"2026";"QV26:L262";"0151F7EA.262";"Formation MEA 1.2";"F7";"AUTO";"Formation";"0151F7";"OI_NON_DOCUMENTE_2026";"Section 5";"2026-04-28";"Mardi";"18:00";"20:30";"Caserne G1";"Of auto";"";"";"SOURCE_CLASSEUR_2026";"classeur ligne 262";"RECONDUIT";"";"";"NON";"Référence source de 1 occurrence(s) 2027"
"2026";"QV26:L263";"010JSP.263";"Groupe de travail JSP";"F7";"JSP";"";"010JSP";"OI_NON_DOCUMENTE_2026";"C for | C JSP | Selon convocation";"2026-04-28";"Mardi";"18:00";"21:00";"Caserne C1";"C JSP";"";"";"SOURCE_CLASSEUR_2026";"classeur ligne 263";"RECONDUIT";"";"";"NON";"Référence source de 1 occurrence(s) 2027"
"2026";"QV26:L264";"070F0.264";"Soirée information DAP Y1";"F0";"DAP";"";"070F0";"DAP:Y1";"Codir | Cdt | C DAP | C sct";"2026-04-28";"Mardi";"20:00";"22:00";"Salle du Casino";"Cdt";"";"";"SOURCE_CLASSEUR_2026";"classeur ligne 264";"RECONDUIT";"";"";"NON";"Référence source de 1 occurrence(s) 2027"
"2026";"QV26:L265";"0164F7ABC.265";"Cours de cadres Formation cadres ABC";"F7";"FOSPEC";"Cours";"0164F7";"DPS:G1";"Cdt | C for | Resp ABC";"2026-04-29";"Mercredi";"15:00";"17:00";"Caserne G1";"Resp ABC";"";"";"SOURCE_CLASSEUR_2026";"classeur ligne 265";"RECONDUIT";"";"";"NON";"Référence source de 1 occurrence(s) 2027"
"2026";"QV26:L266";"0162F7OFSI.266";"Cursus OFSI - formation de base";"F7";"FOSPEC";"";"0162F7";"DPS:G1";"Resp OFSI | personnel OFSI N '22 à 25";"2026-04-29";"Mercredi";"17:30";"21:30";"Ligne CFF Yverdon-Vallorbe";"Resp OFSI";"";"";"SOURCE_CLASSEUR_2026";"classeur ligne 266";"HUMAN_REVIEW";"";"";"OUI";"Aucun lien sourceLine 2027 prouvé ; absence non présumée volontaire"
"2026";"QV26:L267";"0151F7EA.267";"Formation MEA 1.2";"F7";"AUTO";"Formation";"0151F7";"OI_NON_DOCUMENTE_2026";"Section 5 + Réguliers";"2026-04-29";"Mercredi";"18:00";"20:30";"Caserne G1";"Of auto";"";"";"SOURCE_CLASSEUR_2026";"classeur ligne 267";"RECONDUIT";"";"";"NON";"Référence source de 1 occurrence(s) 2027"
"2026";"QV26:L268";"0172F7DAP.268";"Cursus CI DAP - module 2 | Activités de conduite";"F7";"FOCA";"";"0172F7";"DAP:Y1";"Cdt | C for | Candidats échelon II '25-26";"2026-04-30";"Jeudi";"18:00";"21:00";"Caserne G1";"Cdt";"";"";"SOURCE_CLASSEUR_2026";"classeur ligne 268";"HUMAN_REVIEW";"";"";"OUI";"Aucun lien sourceLine 2027 prouvé ; absence non présumée volontaire"
"2026";"QV26:L268";"0172F7DAP.268";"Cursus CI DAP - module 2 | Activités de conduite";"F7";"FOCA";"";"0172F7";"DAP:Y2";"Cdt | C for | Candidats échelon II '25-26";"2026-04-30";"Jeudi";"18:00";"21:00";"Caserne G1";"Cdt";"";"";"SOURCE_CLASSEUR_2026";"classeur ligne 268";"HUMAN_REVIEW";"";"";"OUI";"Aucun lien sourceLine 2027 prouvé ; absence non présumée volontaire"
"2026";"QV26:L268";"0172F7DAP.268";"Cursus CI DAP - module 2 | Activités de conduite";"F7";"FOCA";"";"0172F7";"DAP:Y3";"Cdt | C for | Candidats échelon II '25-26";"2026-04-30";"Jeudi";"18:00";"21:00";"Caserne G1";"Cdt";"";"";"SOURCE_CLASSEUR_2026";"classeur ligne 268";"HUMAN_REVIEW";"";"";"OUI";"Aucun lien sourceLine 2027 prouvé ; absence non présumée volontaire"
"2026";"QV26:L268";"0172F7DAP.268";"Cursus CI DAP - module 2 | Activités de conduite";"F7";"FOCA";"";"0172F7";"DAP:Y4";"Cdt | C for | Candidats échelon II '25-26";"2026-04-30";"Jeudi";"18:00";"21:00";"Caserne G1";"Cdt";"";"";"SOURCE_CLASSEUR_2026";"classeur ligne 268";"HUMAN_REVIEW";"";"";"OUI";"Aucun lien sourceLine 2027 prouvé ; absence non présumée volontaire"
"2026";"QV26:L269";"01521F7PL.269";"Exercice TRUCK 1.2";"F7";"AUTO";"Exercice";"01521F7";"OI_NON_DOCUMENTE_2026";"Moniteurs conduite DPS | Cond PL";"2026-04-30";"Jeudi";"19:00";"21:30";"Caserne G1";"Of auto";"";"";"SOURCE_CLASSEUR_2026";"classeur ligne 269";"RECONDUIT";"";"";"NON";"Référence source de 1 occurrence(s) 2027"
"2026";"QV26:L270";"01521F7PL.270";"Exercice TRUCK 1.2";"F7";"AUTO";"Exercice";"01521F7";"OI_NON_DOCUMENTE_2026";"Moniteurs conduite DPS | Cond PL";"2026-04-30";"Jeudi";"19:00";"21:30";"Caserne C1";"Of auto";"";"";"SOURCE_CLASSEUR_2026";"classeur ligne 270";"RECONDUIT";"";"";"NON";"Référence source de 1 occurrence(s) 2027"
"2026";"QV26:L271";"01521F7PL.271";"Exercice TRUCK 1.2";"F7";"AUTO";"Exercice";"01521F7";"OI_NON_DOCUMENTE_2026";"Moniteurs conduite DPS | Cond PL";"2026-04-30";"Jeudi";"19:00";"21:30";"Caserne C1";"Of auto";"";"";"SOURCE_CLASSEUR_2026";"classeur ligne 271";"HUMAN_REVIEW";"";"";"OUI";"Aucun lien sourceLine 2027 prouvé ; absence non présumée volontaire"
"2026";"QV26:L272";"01521F7PL.272";"Exercice TRUCK 1.2";"F7";"AUTO";"Exercice";"01521F7";"OI_NON_DOCUMENTE_2026";"Moniteurs conduite DPS | Cond PL";"2026-04-30";"Jeudi";"19:00";"21:30";"Caserne B1";"Of auto";"";"";"SOURCE_CLASSEUR_2026";"classeur ligne 272";"RECONDUIT";"";"";"NON";"Référence source de 1 occurrence(s) 2027"
"2026";"QV26:L273";"01521F7PL.273";"Formation véhicule d'urgence | module REFRESH";"F7";"AUTO";"Formation";"01521F7";"OI_NON_DOCUMENTE_2026";"Of auto | Cond PL selon convocation";"2026-05-02";"Samedi";"07:00";"13:00";"Centre TCS";"Of auto";"";"";"SOURCE_CLASSEUR_2026";"classeur ligne 273";"RECONDUIT";"";"";"NON";"Référence source de 1 occurrence(s) 2027"
"2026";"QV26:L274";"0164F7ABC.274";"Instr demi-sct - ABC";"F7";"FOSPEC";"Instruction";"0164F7";"DPS:G1";"Section 4A | Réserve | Réguliers";"2026-05-02";"Samedi";"07:30";"10:30";"Caserne G1";"C sct";"";"";"SOURCE_CLASSEUR_2026";"classeur ligne 274";"RECONDUIT";"";"";"NON";"Référence source de 1 occurrence(s) 2027"
"2026";"QV26:L275";"012C1DPS.275";"Instr demi-sct - VARIA";"F7";"FOCO";"Instruction";"012C1";"DPS:C1";"Section 2A | Perm B2";"2026-05-02";"Samedi";"07:30";"10:30";"Caserne C1";"C sct";"";"";"SOURCE_CLASSEUR_2026";"classeur ligne 275";"RECONDUIT";"";"";"NON";"Référence source de 1 occurrence(s) 2027"
"2026";"QV26:L276";"012B2DPS.276";"Instr demi-sct - VARIA";"F7";"FOCO";"Instruction";"012B2";"DPS:B2";"Perm B2";"2026-05-02";"Samedi";"07:30";"10:30";"Caserne C1";"C sct";"";"";"SOURCE_CLASSEUR_2026";"classeur ligne 276";"RECONDUIT";"";"";"NON";"Référence source de 1 occurrence(s) 2027"
"2026";"QV26:L277";"012B1DPS.277";"Instr demi-sct - VARIA";"F7";"FOCO";"Instruction";"012B1";"DPS:B1";"Section 2A";"2026-05-02";"Samedi";"07:30";"10:30";"Caserne B1";"C sct";"";"";"SOURCE_CLASSEUR_2026";"classeur ligne 277";"RECONDUIT";"";"";"NON";"Référence source de 1 occurrence(s) 2027"
"2026";"QV26:L278";"010JG1.278";"Exercice JSP 4";"F7";"JSP";"Exercice";"010JG1";"OI_NON_DOCUMENTE_2026";"C site JSP | Moniteurs JSP | JSP";"2026-05-02";"Samedi";"08:00";"11:30";"Caserne G1";"Resp for JSP";"";"";"SOURCE_CLASSEUR_2026";"classeur ligne 278";"RECONDUIT";"";"";"NON";"Référence source de 1 occurrence(s) 2027"
"2026";"QV26:L279";"0171F7DPS.279";"Cursus CI DPS - module 2 | Bases légales et responsabilités";"F7";"FOCA";"";"0171F7";"DPS:G1";"Cdt | C for | Candidats échelon II OP '26 - '27";"2026-05-04";"Lundi";"18:00";"21:00";"Caserne G1";"Cdt";"";"";"SOURCE_CLASSEUR_2026";"classeur ligne 279";"HUMAN_REVIEW";"";"";"OUI";"Aucun lien sourceLine 2027 prouvé ; absence non présumée volontaire"
"2026";"QV26:L279";"0171F7DPS.279";"Cursus CI DPS - module 2 | Bases légales et responsabilités";"F7";"FOCA";"";"0171F7";"DPS:C1";"Cdt | C for | Candidats échelon II OP '26 - '27";"2026-05-04";"Lundi";"18:00";"21:00";"Caserne G1";"Cdt";"";"";"SOURCE_CLASSEUR_2026";"classeur ligne 279";"HUMAN_REVIEW";"";"";"OUI";"Aucun lien sourceLine 2027 prouvé ; absence non présumée volontaire"
"2026";"QV26:L279";"0171F7DPS.279";"Cursus CI DPS - module 2 | Bases légales et responsabilités";"F7";"FOCA";"";"0171F7";"DPS:B1";"Cdt | C for | Candidats échelon II OP '26 - '27";"2026-05-04";"Lundi";"18:00";"21:00";"Caserne G1";"Cdt";"";"";"SOURCE_CLASSEUR_2026";"classeur ligne 279";"HUMAN_REVIEW";"";"";"OUI";"Aucun lien sourceLine 2027 prouvé ; absence non présumée volontaire"
"2026";"QV26:L279";"0171F7DPS.279";"Cursus CI DPS - module 2 | Bases légales et responsabilités";"F7";"FOCA";"";"0171F7";"DPS:B2";"Cdt | C for | Candidats échelon II OP '26 - '27";"2026-05-04";"Lundi";"18:00";"21:00";"Caserne G1";"Cdt";"";"";"SOURCE_CLASSEUR_2026";"classeur ligne 279";"HUMAN_REVIEW";"";"";"OUI";"Aucun lien sourceLine 2027 prouvé ; absence non présumée volontaire"
"2026";"QV26:L280";"0166F7AC.280";"Formation antichute";"F7";"FOSPEC";"Formation";"0166F7";"DPS:G1";"Spécialiste antichute";"2026-05-04";"Lundi";"18:00";"21:00";"Caserne G1";"C op";"";"";"SOURCE_CLASSEUR_2026";"classeur ligne 280";"RECONDUIT";"";"";"NON";"Référence source de 1 occurrence(s) 2027"
"2026";"QV26:L280";"0166F7AC.280";"Formation antichute";"F7";"FOSPEC";"Formation";"0166F7";"DPS:C1";"Spécialiste antichute";"2026-05-04";"Lundi";"18:00";"21:00";"Caserne G1";"C op";"";"";"SOURCE_CLASSEUR_2026";"classeur ligne 280";"RECONDUIT";"";"";"NON";"Référence source de 1 occurrence(s) 2027"
"2026";"QV26:L280";"0166F7AC.280";"Formation antichute";"F7";"FOSPEC";"Formation";"0166F7";"DPS:B1";"Spécialiste antichute";"2026-05-04";"Lundi";"18:00";"21:00";"Caserne G1";"C op";"";"";"SOURCE_CLASSEUR_2026";"classeur ligne 280";"RECONDUIT";"";"";"NON";"Référence source de 1 occurrence(s) 2027"
"2026";"QV26:L280";"0166F7AC.280";"Formation antichute";"F7";"FOSPEC";"Formation";"0166F7";"DPS:B2";"Spécialiste antichute";"2026-05-04";"Lundi";"18:00";"21:00";"Caserne G1";"C op";"";"";"SOURCE_CLASSEUR_2026";"classeur ligne 280";"RECONDUIT";"";"";"NON";"Référence source de 1 occurrence(s) 2027"
"2026";"QV26:L280";"0166F7AC.280";"Formation antichute";"F7";"FOSPEC";"Formation";"0166F7";"DAP:Y1";"Spécialiste antichute";"2026-05-04";"Lundi";"18:00";"21:00";"Caserne G1";"C op";"";"";"SOURCE_CLASSEUR_2026";"classeur ligne 280";"RECONDUIT";"";"";"NON";"Référence source de 1 occurrence(s) 2027"
"2026";"QV26:L280";"0166F7AC.280";"Formation antichute";"F7";"FOSPEC";"Formation";"0166F7";"DAP:Y2";"Spécialiste antichute";"2026-05-04";"Lundi";"18:00";"21:00";"Caserne G1";"C op";"";"";"SOURCE_CLASSEUR_2026";"classeur ligne 280";"RECONDUIT";"";"";"NON";"Référence source de 1 occurrence(s) 2027"
"2026";"QV26:L280";"0166F7AC.280";"Formation antichute";"F7";"FOSPEC";"Formation";"0166F7";"DAP:Y3";"Spécialiste antichute";"2026-05-04";"Lundi";"18:00";"21:00";"Caserne G1";"C op";"";"";"SOURCE_CLASSEUR_2026";"classeur ligne 280";"RECONDUIT";"";"";"NON";"Référence source de 1 occurrence(s) 2027"
"2026";"QV26:L281";"010JC1.281";"Exercice JSP 5";"F7";"JSP";"Exercice";"010JC1";"OI_NON_DOCUMENTE_2026";"C site JSP | Moniteurs JSP | JSP";"2026-05-04";"Lundi";"18:00";"20:00";"Caserne C1";"Resp for JSP";"";"";"SOURCE_CLASSEUR_2026";"classeur ligne 281";"RECONDUIT";"";"";"NON";"Référence source de 1 occurrence(s) 2027"
"2026";"QV26:L282";"01522F7VL.282";"Conduite, formation continue";"F7";"AUTO";"Conduite";"01522F7";"DAP:Y1";"Moniteur de conduite | Cond VL";"2026-05-04";"Lundi";"18:30";"21:30";"Local Y1";"Of auto";"";"";"SOURCE_CLASSEUR_2026";"classeur ligne 282";"RECONDUIT";"";"";"NON";"Référence source de 1 occurrence(s) 2027"
"2026";"QV26:L283";"070F0.283";"Séance CRDIS";"F0";"SDIS";"Séance";"070F0";"OI_NON_DOCUMENTE_2026";"Cdt";"2026-05-05";"Mardi";"09:30";"14:00";"Caserne SDIS";"Cdt";"";"";"SOURCE_CLASSEUR_2026";"classeur ligne 283";"RECONDUIT";"";"";"NON";"Référence source de 1 occurrence(s) 2027"
"2026";"QV26:L284";"0153F7BAT.284";"Cours de cadres formation pilote BAT 1";"F7";"AUTO";"Cours";"0153F7";"OI_NON_DOCUMENTE_2026";"Of auto | Formateurs pilotes BAT";"2026-05-05";"Mardi";"14:00";"16:00";"Caserne G1";"Of auto";"";"";"SOURCE_CLASSEUR_2026";"classeur ligne 284";"RECONDUIT";"";"";"NON";"Référence source de 1 occurrence(s) 2027"
"2026";"QV26:L285";"010FOBA.285";"Exercice FOBA 3";"F7";"FOBA";"Exercice";"010FOBA";"OI_NON_DOCUMENTE_2026";"C FOBA | cadres FOBA | FOBA 1 | FOBA 2";"2026-05-05";"Mardi";"18:30";"21:30";"Caserne G1";"C FOBA";"";"";"SOURCE_CLASSEUR_2026";"classeur ligne 285";"RECONDUIT";"";"";"NON";"Référence source de 1 occurrence(s) 2027"
"2026";"QV26:L286";"0167F7SAN.286";"BLS | AED | Modules complémentaires SP 1 à 4";"F7";"FOSPEC";"";"0167F7";"DPS:G1";"Instructeur recyclage BLS | AED, selon convocation";"2026-05-05";"Mardi";"19:00";"21:00";"Caserne G1";"Réf sanitaire";"";"";"SOURCE_CLASSEUR_2026";"classeur ligne 286";"HUMAN_REVIEW";"";"";"OUI";"Aucun lien sourceLine 2027 prouvé ; absence non présumée volontaire"
"2026";"QV26:L286";"0167F7SAN.286";"BLS | AED | Modules complémentaires SP 1 à 4";"F7";"FOSPEC";"";"0167F7";"DPS:C1";"Instructeur recyclage BLS | AED, selon convocation";"2026-05-05";"Mardi";"19:00";"21:00";"Caserne G1";"Réf sanitaire";"";"";"SOURCE_CLASSEUR_2026";"classeur ligne 286";"HUMAN_REVIEW";"";"";"OUI";"Aucun lien sourceLine 2027 prouvé ; absence non présumée volontaire"
"2026";"QV26:L286";"0167F7SAN.286";"BLS | AED | Modules complémentaires SP 1 à 4";"F7";"FOSPEC";"";"0167F7";"DPS:B1";"Instructeur recyclage BLS | AED, selon convocation";"2026-05-05";"Mardi";"19:00";"21:00";"Caserne G1";"Réf sanitaire";"";"";"SOURCE_CLASSEUR_2026";"classeur ligne 286";"HUMAN_REVIEW";"";"";"OUI";"Aucun lien sourceLine 2027 prouvé ; absence non présumée volontaire"
"2026";"QV26:L286";"0167F7SAN.286";"BLS | AED | Modules complémentaires SP 1 à 4";"F7";"FOSPEC";"";"0167F7";"DPS:B2";"Instructeur recyclage BLS | AED, selon convocation";"2026-05-05";"Mardi";"19:00";"21:00";"Caserne G1";"Réf sanitaire";"";"";"SOURCE_CLASSEUR_2026";"classeur ligne 286";"HUMAN_REVIEW";"";"";"OUI";"Aucun lien sourceLine 2027 prouvé ; absence non présumée volontaire"
"2026";"QV26:L287";"070F0.287";"Soirée information DAP Y2";"F0";"DAP";"";"070F0";"DAP:Y2";"Codir | Cdt | C DAP | C sct";"2026-05-05";"Mardi";"20:00";"22:00";"Salle Communale";"Cdt";"";"";"SOURCE_CLASSEUR_2026";"classeur ligne 287";"RECONDUIT";"";"";"NON";"Référence source de 1 occurrence(s) 2027"
"2026";"QV26:L288";"012G1PER.288";"Formation permanents | VARIA";"F7";"FOCO";"Formation";"012G1";"DPS:G1";"Permanent";"2026-05-06";"Mercredi";"08:00";"11:00";"Caserne G1";"C for";"";"";"SOURCE_CLASSEUR_2026";"classeur ligne 288";"RECONDUIT";"";"";"NON";"Référence source de 1 occurrence(s) 2027"
"2026";"QV26:L289";"01521F7PL.289";"Cursus TP9 - module 3.2 | Drive";"F7";"AUTO";"";"01521F7";"OI_NON_DOCUMENTE_2026";"Formateur TP9 | Candidats cond TP9 '26";"2026-05-06";"Mercredi";"18:00";"20:00";"Caserne G1";"Of auto";"";"";"SOURCE_CLASSEUR_2026";"classeur ligne 289";"HUMAN_REVIEW";"";"";"OUI";"Aucun lien sourceLine 2027 prouvé ; absence non présumée volontaire"
"2026";"QV26:L290";"070F56.290";"Séance communication F5/6";"F5/6";"SIC";"Séance";"070F56";"DPS:G1";"Membres communication";"2026-05-06";"Mercredi";"18:00";"20:00";"Caserne G1";"Of spéc";"";"";"SOURCE_CLASSEUR_2026";"classeur ligne 290";"RECONDUIT";"";"";"NON";"Référence source de 1 occurrence(s) 2027"
"2026";"QV26:L290";"070F56.290";"Séance communication F5/6";"F5/6";"SIC";"Séance";"070F56";"DAP:Y1";"Membres communication";"2026-05-06";"Mercredi";"18:00";"20:00";"Caserne G1";"Of spéc";"";"";"SOURCE_CLASSEUR_2026";"classeur ligne 290";"RECONDUIT";"";"";"NON";"Référence source de 1 occurrence(s) 2027"
"2026";"QV26:L291";"EMSEA.291";"Séance EM";"F0";"SDIS";"Séance";"EMSEA";"OI_NON_DOCUMENTE_2026";"EM";"2026-05-06";"Mercredi";"18:00";"21:00";"Caserne G1";"Cdt";"";"";"SOURCE_CLASSEUR_2026";"classeur ligne 291";"RECONDUIT";"";"";"NON";"Référence source de 1 occurrence(s) 2027"
"2026";"QV26:L292";"012B2DPS.292";"Exercice DPS-DAP 1";"F7";"FOCO";"Exercice";"012B2";"DPS:B2";"Section 2";"2026-05-06";"Mercredi";"19:00";"21:30";"Caserne B2";"C for";"";"";"SOURCE_CLASSEUR_2026";"classeur ligne 292";"RECONDUIT";"";"";"NON";"Référence source de 1 occurrence(s) 2027"
"2026";"QV26:L293";"013Y4DAP.293";"Exercice DPS-DAP 1";"F7";"FOCO";"Exercice";"013Y4";"DAP:Y4";"DAP Y4";"2026-05-06";"Mercredi";"19:00";"21:30";"Caserne B2";"C for";"";"";"SOURCE_CLASSEUR_2026";"classeur ligne 293";"RECONDUIT";"";"";"NON";"Référence source de 1 occurrence(s) 2027"
"2026";"QV26:L294";"";"Formation personnel CFF";"F5/6";"";"Formation";"";"OI_NON_DOCUMENTE_2026";"Centre de formation pour la sécurité AfS";"2026-05-07";"Jeudi";"13:00";"17:00";"Caserne G1";"C op";"";"";"SOURCE_CLASSEUR_2026";"classeur ligne 294";"HUMAN_REVIEW";"";"";"OUI";"Aucun lien sourceLine 2027 prouvé ; absence non présumée volontaire"
"2026";"QV26:L295";"010FOBAPIO.295";"Introduction PIONNIER";"F7";"FOBA";"";"010FOBA";"DPS:G1";"Spécialiste PIO | FOBA 3 (G1)";"2026-05-07";"Jeudi";"18:30";"21:30";"Caserne G1";"C FOBA";"";"";"SOURCE_CLASSEUR_2026";"classeur ligne 295";"RECONDUIT";"";"";"NON";"Référence source de 1 occurrence(s) 2027"
"2026";"QV26:L296";"CONCOUR.296";"Préparation concours de la FVSP | Repas";"F2/3";"FVSP";"";"CONCOUR";"OI_NON_DOCUMENTE_2026";"Équipes concours FVSP | Juges";"2026-05-07";"Jeudi";"18:30";"21:00";"Caserne G1";"C op";"";"";"SOURCE_CLASSEUR_2026";"classeur ligne 296";"RECONDUIT";"";"";"NON";"Référence source de 1 occurrence(s) 2027"
"2026";"QV26:L297";"013Y2DAP.297";"Exercice DAP 3";"F7";"FOCO";"Exercice";"013Y2";"DAP:Y2";"C sct | Échelon 0 à III | FOBA 2";"2026-05-07";"Jeudi";"19:00";"21:30";"Local Y2";"C sct";"";"";"SOURCE_CLASSEUR_2026";"classeur ligne 297";"RECONDUIT";"";"";"NON";"Référence source de 1 occurrence(s) 2027"
"2026";"QV26:L298";"013Y4DAP.298";"Exercice DAP 2";"F7";"FOCO";"Exercice";"013Y4";"DAP:Y4";"C sct | Échelon 0 à III";"2026-05-07";"Jeudi";"19:00";"21:30";"Local Y4";"C sct";"";"";"SOURCE_CLASSEUR_2026";"classeur ligne 298";"RECONDUIT";"";"";"NON";"Référence source de 1 occurrence(s) 2027"
"2026";"QV26:L299";"";"Assemblée des délégués de la FVSP";"F3";"FVSP";"";"";"OI_NON_DOCUMENTE_2026";"Délégués FVSP";"2026-05-08";"Vendredi";"17:00";"23:00";"Caserne SDIS";"Cdt";"";"";"SOURCE_CLASSEUR_2026";"classeur ligne 299";"HUMAN_REVIEW";"";"";"OUI";"Aucun lien sourceLine 2027 prouvé ; absence non présumée volontaire"
"2026";"QV26:L300";"CONCOUR.300";"Concours de la FVSP";"F3";"FVSP";"";"CONCOUR";"DPS:G1";"Selon convocation";"2026-05-09";"Samedi";"06:00";"23:00";"Caserne SDIS";"C op";"";"";"SOURCE_CLASSEUR_2026";"classeur ligne 300";"HUMAN_REVIEW";"";"";"OUI";"Aucun lien sourceLine 2027 prouvé ; absence non présumée volontaire"
"2026";"QV26:L300";"CONCOUR.300";"Concours de la FVSP";"F3";"FVSP";"";"CONCOUR";"DPS:C1";"Selon convocation";"2026-05-09";"Samedi";"06:00";"23:00";"Caserne SDIS";"C op";"";"";"SOURCE_CLASSEUR_2026";"classeur ligne 300";"HUMAN_REVIEW";"";"";"OUI";"Aucun lien sourceLine 2027 prouvé ; absence non présumée volontaire"
"2026";"QV26:L300";"CONCOUR.300";"Concours de la FVSP";"F3";"FVSP";"";"CONCOUR";"DPS:B1";"Selon convocation";"2026-05-09";"Samedi";"06:00";"23:00";"Caserne SDIS";"C op";"";"";"SOURCE_CLASSEUR_2026";"classeur ligne 300";"HUMAN_REVIEW";"";"";"OUI";"Aucun lien sourceLine 2027 prouvé ; absence non présumée volontaire"
"2026";"QV26:L300";"CONCOUR.300";"Concours de la FVSP";"F3";"FVSP";"";"CONCOUR";"DPS:B2";"Selon convocation";"2026-05-09";"Samedi";"06:00";"23:00";"Caserne SDIS";"C op";"";"";"SOURCE_CLASSEUR_2026";"classeur ligne 300";"HUMAN_REVIEW";"";"";"OUI";"Aucun lien sourceLine 2027 prouvé ; absence non présumée volontaire"
"2026";"QV26:L300";"CONCOUR.300";"Concours de la FVSP";"F3";"FVSP";"";"CONCOUR";"DAP:Y1";"Selon convocation";"2026-05-09";"Samedi";"06:00";"23:00";"Caserne SDIS";"C op";"";"";"SOURCE_CLASSEUR_2026";"classeur ligne 300";"HUMAN_REVIEW";"";"";"OUI";"Aucun lien sourceLine 2027 prouvé ; absence non présumée volontaire"
"2026";"QV26:L300";"CONCOUR.300";"Concours de la FVSP";"F3";"FVSP";"";"CONCOUR";"DAP:Y2";"Selon convocation";"2026-05-09";"Samedi";"06:00";"23:00";"Caserne SDIS";"C op";"";"";"SOURCE_CLASSEUR_2026";"classeur ligne 300";"HUMAN_REVIEW";"";"";"OUI";"Aucun lien sourceLine 2027 prouvé ; absence non présumée volontaire"
"2026";"QV26:L300";"CONCOUR.300";"Concours de la FVSP";"F3";"FVSP";"";"CONCOUR";"DAP:Y3";"Selon convocation";"2026-05-09";"Samedi";"06:00";"23:00";"Caserne SDIS";"C op";"";"";"SOURCE_CLASSEUR_2026";"classeur ligne 300";"HUMAN_REVIEW";"";"";"OUI";"Aucun lien sourceLine 2027 prouvé ; absence non présumée volontaire"
"2026";"QV26:L300";"CONCOUR.300";"Concours de la FVSP";"F3";"FVSP";"";"CONCOUR";"DAP:Y4";"Selon convocation";"2026-05-09";"Samedi";"06:00";"23:00";"Caserne SDIS";"C op";"";"";"SOURCE_CLASSEUR_2026";"classeur ligne 300";"HUMAN_REVIEW";"";"";"OUI";"Aucun lien sourceLine 2027 prouvé ; absence non présumée volontaire"
"2026";"QV26:L301";"0164F7ABC.301";"Instr demi-sct - ABC";"F7";"FOSPEC";"Instruction";"0164F7";"DPS:G1";"Section 3A | Réserve | Réguliers";"2026-05-09";"Samedi";"07:30";"10:30";"Caserne G1";"C sct";"";"";"SOURCE_CLASSEUR_2026";"classeur ligne 301";"RECONDUIT";"";"";"NON";"Référence source de 1 occurrence(s) 2027"
"2026";"QV26:L302";"012C1DPS.302";"Instr demi-sct - VARIA";"F7";"FOCO";"Instruction";"012C1";"DPS:C1";"Section 1A | Perm B2";"2026-05-09";"Samedi";"07:30";"10:30";"Caserne C1";"C sct";"";"";"SOURCE_CLASSEUR_2026";"classeur ligne 302";"RECONDUIT";"";"";"NON";"Référence source de 1 occurrence(s) 2027"
"2026";"QV26:L303";"012B2DPS.303";"Instr demi-sct - VARIA";"F7";"FOCO";"Instruction";"012B2";"DPS:B2";"Perm B2";"2026-05-09";"Samedi";"07:30";"10:30";"Caserne C1";"C sct";"";"";"SOURCE_CLASSEUR_2026";"classeur ligne 303";"RECONDUIT";"";"";"NON";"Référence source de 1 occurrence(s) 2027"
"2026";"QV26:L304";"012B1DPS.304";"Instr demi-sct - VARIA";"F7";"FOCO";"Instruction";"012B1";"DPS:B1";"Section 1A";"2026-05-09";"Samedi";"07:30";"10:30";"Caserne B1";"C sct";"";"";"SOURCE_CLASSEUR_2026";"classeur ligne 304";"RECONDUIT";"";"";"NON";"Référence source de 1 occurrence(s) 2027"
"2026";"QV26:L305";"070F0.305";"Séance OSR";"F0";"OSR";"Séance";"070F0";"DPS:G1";"OSR";"2026-05-11";"Lundi";"15:00";"17:00";"Caserne G1";"Cdt";"";"";"SOURCE_CLASSEUR_2026";"classeur ligne 305";"RECONDUIT";"";"";"NON";"Référence source de 1 occurrence(s) 2027"
"2026";"QV26:L306";"0151F7EA.306";"Cursus MEA - module 8.1";"F7";"AUTO";"";"0151F7";"OI_NON_DOCUMENTE_2026";"Formateur MEA | MEA N'25";"2026-05-11";"Lundi";"17:00";"19:00";"Caserne G1";"Of auto";"";"";"SOURCE_CLASSEUR_2026";"classeur ligne 306";"HUMAN_REVIEW";"";"";"OUI";"Aucun lien sourceLine 2027 prouvé ; absence non présumée volontaire"
"2026";"QV26:L307";"01522F7VL.307";"Conduite, formation continue";"F7";"AUTO";"Conduite";"01522F7";"DAP:Y1";"Moniteur de conduite | Cond VL";"2026-05-11";"Lundi";"18:30";"21:30";"Local Y1";"Of auto";"";"";"SOURCE_CLASSEUR_2026";"classeur ligne 307";"RECONDUIT";"";"";"NON";"Référence source de 1 occurrence(s) 2027"
"2026";"QV26:L308";"013Y3DAP.308";"Cours de cadres exercice DAP 3";"F7";"FOCO";"Cours";"013Y3";"DAP:Y3";"C sct | Formateurs";"2026-05-11";"Lundi";"19:00";"21:30";"Local Y3";"C sct";"";"";"SOURCE_CLASSEUR_2026";"classeur ligne 308";"RECONDUIT";"";"";"NON";"Référence source de 1 occurrence(s) 2027"
"2026";"QV26:L309";"0162F7.309";"Formation groupée 1.1 | DPS | OFSI | ABC";"F7";"AUTRES";"Formation";"0162F7";"DPS:G1";"DPS | OFSI | FOBA 2 | FOBA 3";"2026-05-12";"Mardi";"18:30";"22:00";"Caserne G1";"C for";"";"";"SOURCE_CLASSEUR_2026";"classeur ligne 309";"HUMAN_REVIEW";"";"";"OUI";"Aucun lien sourceLine 2027 prouvé ; absence non présumée volontaire"
"2026";"QV26:L309";"0162F7.309";"Formation groupée 1.1 | DPS | OFSI | ABC";"F7";"AUTRES";"Formation";"0162F7";"DPS:C1";"DPS | OFSI | FOBA 2 | FOBA 3";"2026-05-12";"Mardi";"18:30";"22:00";"Caserne G1";"C for";"";"";"SOURCE_CLASSEUR_2026";"classeur ligne 309";"HUMAN_REVIEW";"";"";"OUI";"Aucun lien sourceLine 2027 prouvé ; absence non présumée volontaire"
"2026";"QV26:L309";"0162F7.309";"Formation groupée 1.1 | DPS | OFSI | ABC";"F7";"AUTRES";"Formation";"0162F7";"DPS:B1";"DPS | OFSI | FOBA 2 | FOBA 3";"2026-05-12";"Mardi";"18:30";"22:00";"Caserne G1";"C for";"";"";"SOURCE_CLASSEUR_2026";"classeur ligne 309";"HUMAN_REVIEW";"";"";"OUI";"Aucun lien sourceLine 2027 prouvé ; absence non présumée volontaire"
"2026";"QV26:L309";"0162F7.309";"Formation groupée 1.1 | DPS | OFSI | ABC";"F7";"AUTRES";"Formation";"0162F7";"DPS:B2";"DPS | OFSI | FOBA 2 | FOBA 3";"2026-05-12";"Mardi";"18:30";"22:00";"Caserne G1";"C for";"";"";"SOURCE_CLASSEUR_2026";"classeur ligne 309";"HUMAN_REVIEW";"";"";"OUI";"Aucun lien sourceLine 2027 prouvé ; absence non présumée volontaire"
"2026";"QV26:L310";"070F0.310";"Soirée information DAP Y3";"F0";"DAP";"";"070F0";"DAP:Y3";"Codir | Cdt | C DAP | C sct";"2026-05-12";"Mardi";"20:00";"22:00";"Salle du Conseil";"Cdt";"";"";"SOURCE_CLASSEUR_2026";"classeur ligne 310";"RECONDUIT";"";"";"NON";"Référence source de 1 occurrence(s) 2027"
"2026";"QV26:L311";"0151F7EA.311";"Cursus MEA - module 8.2";"F7";"AUTO";"";"0151F7";"OI_NON_DOCUMENTE_2026";"Formateur MEA | MEA N'25";"2026-05-14";"Jeudi";"17:00";"19:00";"Caserne G1";"Of auto";"";"";"SOURCE_CLASSEUR_2026";"classeur ligne 311";"HUMAN_REVIEW";"";"";"OUI";"Aucun lien sourceLine 2027 prouvé ; absence non présumée volontaire"
"2026";"QV26:L312";"0164F7ABC.312";"Instr demi-sct - ABC";"F7";"FOSPEC";"Instruction";"0164F7";"DPS:G1";"Section 2A | Réserve | Réguliers";"2026-05-16";"Samedi";"07:30";"10:30";"Caserne G1";"C sct";"";"";"SOURCE_CLASSEUR_2026";"classeur ligne 312";"RECONDUIT";"";"";"NON";"Référence source de 1 occurrence(s) 2027"
"2026";"QV26:L313";"012C1DPS.313";"Instr demi-sct - VARIA";"F7";"FOCO";"Instruction";"012C1";"DPS:C1";"Section 3B | Perm B2";"2026-05-16";"Samedi";"07:30";"10:30";"Caserne C1";"C sct";"";"";"SOURCE_CLASSEUR_2026";"classeur ligne 313";"RECONDUIT";"";"";"NON";"Référence source de 1 occurrence(s) 2027"
"2026";"QV26:L314";"012B2DPS.314";"Instr demi-sct - VARIA";"F7";"FOCO";"Instruction";"012B2";"DPS:B2";"Perm B2";"2026-05-16";"Samedi";"07:30";"10:30";"Caserne C1";"C sct";"";"";"SOURCE_CLASSEUR_2026";"classeur ligne 314";"RECONDUIT";"";"";"NON";"Référence source de 1 occurrence(s) 2027"
"2026";"QV26:L315";"012B1DPS.315";"Instr demi-sct - VARIA";"F7";"FOCO";"Instruction";"012B1";"DPS:B1";"Section 3B";"2026-05-16";"Samedi";"07:30";"10:30";"Caserne B1";"C sct";"";"";"SOURCE_CLASSEUR_2026";"classeur ligne 315";"RECONDUIT";"";"";"NON";"Référence source de 1 occurrence(s) 2027"
"2026";"QV26:L316";"010JSP.316";"Séance Direction JSP";"F7";"JSP";"Séance";"010JSP";"OI_NON_DOCUMENTE_2026";"C for | C JSP | C site JSP | Resp for JSP";"2026-05-18";"Lundi";"18:30";"20:30";"Caserne G1";"C JSP";"";"";"SOURCE_CLASSEUR_2026";"classeur ligne 316";"RECONDUIT";"";"";"NON";"Référence source de 1 occurrence(s) 2027"
"2026";"QV26:L317";"01522F7VL.317";"Conduite, formation continue";"F7";"AUTO";"Conduite";"01522F7";"DAP:Y1";"Moniteur de conduite | Cond VL";"2026-05-18";"Lundi";"18:30";"21:30";"Local Y1";"Of auto";"";"";"SOURCE_CLASSEUR_2026";"classeur ligne 317";"RECONDUIT";"";"";"NON";"Référence source de 1 occurrence(s) 2027"
"2026";"QV26:L318";"01521F7PL.318";"Cursus TP9 - module 3.2 | Drive";"F7";"AUTO";"";"01521F7";"OI_NON_DOCUMENTE_2026";"Formateur TP9 | Candidats cond TP9 '26";"2026-05-19";"Mardi";"18:00";"20:00";"Caserne G1";"Of auto";"";"";"SOURCE_CLASSEUR_2026";"classeur ligne 318";"HUMAN_REVIEW";"";"";"OUI";"Aucun lien sourceLine 2027 prouvé ; absence non présumée volontaire"
"2026";"QV26:L319";"0167F7SAN.319";"Recyclage BLS | AED SN55i";"F7";"FOSPEC";"";"0167F7";"DPS:G1";"Instructeur recyclage BLS | AED, selon convocation";"2026-05-19";"Mardi";"18:00";"22:00";"Caserne G1";"Réf sanitaire";"";"";"SOURCE_CLASSEUR_2026";"classeur ligne 319";"RECONDUIT";"";"";"NON";"Référence source de 1 occurrence(s) 2027"
"2026";"QV26:L319";"0167F7SAN.319";"Recyclage BLS | AED SN55i";"F7";"FOSPEC";"";"0167F7";"DPS:C1";"Instructeur recyclage BLS | AED, selon convocation";"2026-05-19";"Mardi";"18:00";"22:00";"Caserne G1";"Réf sanitaire";"";"";"SOURCE_CLASSEUR_2026";"classeur ligne 319";"RECONDUIT";"";"";"NON";"Référence source de 1 occurrence(s) 2027"
"2026";"QV26:L319";"0167F7SAN.319";"Recyclage BLS | AED SN55i";"F7";"FOSPEC";"";"0167F7";"DPS:B1";"Instructeur recyclage BLS | AED, selon convocation";"2026-05-19";"Mardi";"18:00";"22:00";"Caserne G1";"Réf sanitaire";"";"";"SOURCE_CLASSEUR_2026";"classeur ligne 319";"RECONDUIT";"";"";"NON";"Référence source de 1 occurrence(s) 2027"
"2026";"QV26:L319";"0167F7SAN.319";"Recyclage BLS | AED SN55i";"F7";"FOSPEC";"";"0167F7";"DPS:B2";"Instructeur recyclage BLS | AED, selon convocation";"2026-05-19";"Mardi";"18:00";"22:00";"Caserne G1";"Réf sanitaire";"";"";"SOURCE_CLASSEUR_2026";"classeur ligne 319";"RECONDUIT";"";"";"NON";"Référence source de 1 occurrence(s) 2027"
"2026";"QV26:L319";"0167F7SAN.319";"Recyclage BLS | AED SN55i";"F7";"FOSPEC";"";"0167F7";"DAP:Y1";"Instructeur recyclage BLS | AED, selon convocation";"2026-05-19";"Mardi";"18:00";"22:00";"Caserne G1";"Réf sanitaire";"";"";"SOURCE_CLASSEUR_2026";"classeur ligne 319";"RECONDUIT";"";"";"NON";"Référence source de 1 occurrence(s) 2027"
"2026";"QV26:L320";"010JB1.320";"Exercice JSP 5";"F7";"JSP";"Exercice";"010JB1";"OI_NON_DOCUMENTE_2026";"C site JSP | Moniteurs JSP | JSP";"2026-05-19";"Mardi";"18:00";"20:00";"Caserne B1";"Resp for JSP";"";"";"SOURCE_CLASSEUR_2026";"classeur ligne 320";"RECONDUIT";"";"";"NON";"Référence source de 1 occurrence(s) 2027"
"2026";"QV26:L321";"011PR.321";"Exercice PR 2.1 | Practice";"F7";"PR";"Exercice";"011PR";"OI_NON_DOCUMENTE_2026";"PAPR";"2026-05-19";"Mardi";"19:00";"21:30";"Caserne G1";"C PR";"";"";"SOURCE_CLASSEUR_2026";"classeur ligne 321";"RECONDUIT";"";"";"NON";"Référence source de 1 occurrence(s) 2027"
"2026";"QV26:L322";"011PR.322";"Exercice PR 2.2 | Practice";"F7";"PR";"Exercice";"011PR";"OI_NON_DOCUMENTE_2026";"PAPR | Permanents | Réguliers";"2026-05-20";"Mercredi";"08:00";"11:00";"Caserne G1";"C PR";"";"";"SOURCE_CLASSEUR_2026";"classeur ligne 322";"RECONDUIT";"";"";"NON";"Référence source de 1 occurrence(s) 2027"
"2026";"QV26:L323";"0164F7ABC.323";"Journée des Commandants ABC";"F7";"FOSPEC";"";"0164F7";"OI_NON_DOCUMENTE_2026";"Cdt | QM";"2026-05-20";"Mercredi";"08:00";"16:00";"Caserne SDIS";"Cdt";"";"";"SOURCE_CLASSEUR_2026";"classeur ligne 323";"RECONDUIT";"";"";"NON";"Référence source de 1 occurrence(s) 2027"
"2026";"QV26:L324";"01521F7PL.324";"Cursus TP9 - module 3.2 | Drive";"F7";"AUTO";"";"01521F7";"OI_NON_DOCUMENTE_2026";"Formateur TP9 | Candidats cond TP9 '26";"2026-05-20";"Mercredi";"18:00";"20:00";"Caserne G1";"Of auto";"";"";"SOURCE_CLASSEUR_2026";"classeur ligne 324";"HUMAN_REVIEW";"";"";"OUI";"Aucun lien sourceLine 2027 prouvé ; absence non présumée volontaire"
"2026";"QV26:L325";"0164F7ABC.325";"Formation cadres ABC";"F7";"FOSPEC";"Formation";"0164F7";"DPS:G1";"Resp ABC | Échelons II OP, III et IV";"2026-05-20";"Mercredi";"18:30";"21:30";"Caserne G1";"Resp ABC";"";"";"SOURCE_CLASSEUR_2026";"classeur ligne 325";"RECONDUIT";"";"";"NON";"Référence source de 1 occurrence(s) 2027"
"2026";"QV26:L325";"0164F7ABC.325";"Formation cadres ABC";"F7";"FOSPEC";"Formation";"0164F7";"DPS:C1";"Resp ABC | Échelons II OP, III et IV";"2026-05-20";"Mercredi";"18:30";"21:30";"Caserne G1";"Resp ABC";"";"";"SOURCE_CLASSEUR_2026";"classeur ligne 325";"RECONDUIT";"";"";"NON";"Référence source de 1 occurrence(s) 2027"
"2026";"QV26:L325";"0164F7ABC.325";"Formation cadres ABC";"F7";"FOSPEC";"Formation";"0164F7";"DPS:B1";"Resp ABC | Échelons II OP, III et IV";"2026-05-20";"Mercredi";"18:30";"21:30";"Caserne G1";"Resp ABC";"";"";"SOURCE_CLASSEUR_2026";"classeur ligne 325";"RECONDUIT";"";"";"NON";"Référence source de 1 occurrence(s) 2027"
"2026";"QV26:L325";"0164F7ABC.325";"Formation cadres ABC";"F7";"FOSPEC";"Formation";"0164F7";"DPS:B2";"Resp ABC | Échelons II OP, III et IV";"2026-05-20";"Mercredi";"18:30";"21:30";"Caserne G1";"Resp ABC";"";"";"SOURCE_CLASSEUR_2026";"classeur ligne 325";"RECONDUIT";"";"";"NON";"Référence source de 1 occurrence(s) 2027"
"2026";"QV26:L326";"012B1DPS.326";"Exercice DPS-DAP 1";"F7";"FOCO";"Exercice";"012B1";"DPS:B1";"Section 3";"2026-05-20";"Mercredi";"19:00";"21:30";"Caserne B1";"C for";"";"";"SOURCE_CLASSEUR_2026";"classeur ligne 326";"RECONDUIT";"";"";"NON";"Référence source de 1 occurrence(s) 2027"
"2026";"QV26:L327";"013Y1DAP.327";"Exercice DPS-DAP 1";"F7";"FOCO";"Exercice";"013Y1";"DAP:Y1";"DAP Y1";"2026-05-20";"Mercredi";"19:00";"21:30";"Caserne B1";"C for";"";"";"SOURCE_CLASSEUR_2026";"classeur ligne 327";"RECONDUIT";"";"";"NON";"Référence source de 1 occurrence(s) 2027"
"2026";"QV26:L328";"";"Visite du Conseil d'État";"F0";"SDIS";"";"";"OI_NON_DOCUMENTE_2026";"Cdt";"2026-05-21";"Jeudi";"08:00";"16:00";"Caserne G1";"Cdt";"";"";"SOURCE_CLASSEUR_2026";"classeur ligne 328";"HUMAN_REVIEW";"";"";"OUI";"Aucun lien sourceLine 2027 prouvé ; absence non présumée volontaire"
"2026";"QV26:L329";"070F0.329";"Séance COSEC | Compte";"F0";"SDIS";"Séance";"070F0";"OI_NON_DOCUMENTE_2026";"Président Codir | Cdt | Cadre op CECRY";"2026-05-21";"Jeudi";"18:30";"21:00";"Caserne G1";"Cdt";"";"";"SOURCE_CLASSEUR_2026";"classeur ligne 329";"RECONDUIT";"";"";"NON";"Référence source de 1 occurrence(s) 2027"
"2026";"QV26:L330";"011PR.330";"Exercice PR 2.3 | Practice";"F7";"PR";"Exercice";"011PR";"OI_NON_DOCUMENTE_2026";"PAPR";"2026-05-21";"Jeudi";"19:00";"21:30";"Caserne G1";"C PR";"";"";"SOURCE_CLASSEUR_2026";"classeur ligne 330";"RECONDUIT";"";"";"NON";"Référence source de 1 occurrence(s) 2027"
"2026";"QV26:L331";"01521F7PL.331";"Exercice TRUCK 1.3";"F7";"AUTO";"Exercice";"01521F7";"OI_NON_DOCUMENTE_2026";"Moniteurs conduite DPS | Cond PL";"2026-05-21";"Jeudi";"19:00";"21:30";"Caserne G1";"Of auto";"";"";"SOURCE_CLASSEUR_2026";"classeur ligne 331";"RECONDUIT";"";"";"NON";"Référence source de 1 occurrence(s) 2027"
"2026";"QV26:L332";"01521F7PL.332";"Exercice TRUCK 1.3";"F7";"AUTO";"Exercice";"01521F7";"OI_NON_DOCUMENTE_2026";"Moniteurs conduite DPS | Cond PL";"2026-05-21";"Jeudi";"19:00";"21:30";"Caserne C1";"Of auto";"";"";"SOURCE_CLASSEUR_2026";"classeur ligne 332";"RECONDUIT";"";"";"NON";"Référence source de 1 occurrence(s) 2027"
"2026";"QV26:L333";"01521F7PL.333";"Exercice TRUCK 1.3";"F7";"AUTO";"Exercice";"01521F7";"OI_NON_DOCUMENTE_2026";"Moniteurs conduite DPS | Cond PL";"2026-05-21";"Jeudi";"19:00";"21:30";"Caserne C1";"Of auto";"";"";"SOURCE_CLASSEUR_2026";"classeur ligne 333";"HUMAN_REVIEW";"";"";"OUI";"Aucun lien sourceLine 2027 prouvé ; absence non présumée volontaire"
"2026";"QV26:L334";"013Y1DAP.334";"Cours de cadres exercice DAP 3";"F7";"FOCO";"Cours";"013Y1";"DAP:Y1";"C sct | Formateurs";"2026-05-21";"Jeudi";"19:00";"21:30";"Local Y1";"C sct";"";"";"SOURCE_CLASSEUR_2026";"classeur ligne 334";"RECONDUIT";"";"";"NON";"Référence source de 1 occurrence(s) 2027"
"2026";"QV26:L335";"013Y3DAP.335";"Exercice DAP 3";"F7";"FOCO";"Exercice";"013Y3";"DAP:Y3";"C sct | Échelon 0 à III | FOBA 2";"2026-05-21";"Jeudi";"19:00";"21:30";"Local Y3";"C sct";"";"";"SOURCE_CLASSEUR_2026";"classeur ligne 335";"RECONDUIT";"";"";"NON";"Référence source de 1 occurrence(s) 2027"
"2026";"QV26:L336";"0171F7.336";"Formation relation avec la presse";"F7";"FOCA";"Formation";"0171F7";"DPS:G1";"OSR | Personnel communiquant";"2026-05-22";"Vendredi";"08:00";"17:00";"Caserne G1";"Cdt";"";"";"SOURCE_CLASSEUR_2026";"classeur ligne 336";"RECONDUIT";"";"";"NON";"Référence source de 1 occurrence(s) 2027"
"2026";"QV26:L337";"0164F7ABC.337";"Instr demi-sct - ABC";"F7";"FOSPEC";"Instruction";"0164F7";"DPS:G1";"Section 1A | Réserve | Réguliers";"2026-05-23";"Samedi";"07:30";"10:30";"Caserne G1";"C sct";"";"";"SOURCE_CLASSEUR_2026";"classeur ligne 337";"RECONDUIT";"";"";"NON";"Référence source de 1 occurrence(s) 2027"
"2026";"QV26:L338";"012C1DPS.338";"Instr demi-sct - VARIA";"F7";"FOCO";"Instruction";"012C1";"DPS:C1";"Section 2B | Perm B2";"2026-05-23";"Samedi";"07:30";"10:30";"Caserne C1";"C sct";"";"";"SOURCE_CLASSEUR_2026";"classeur ligne 338";"RECONDUIT";"";"";"NON";"Référence source de 1 occurrence(s) 2027"
"2026";"QV26:L339";"012B2DPS.339";"Instr demi-sct - VARIA";"F7";"FOCO";"Instruction";"012B2";"DPS:B2";"Perm B2";"2026-05-23";"Samedi";"07:30";"10:30";"Caserne C1";"C sct";"";"";"SOURCE_CLASSEUR_2026";"classeur ligne 339";"RECONDUIT";"";"";"NON";"Référence source de 1 occurrence(s) 2027"
"2026";"QV26:L340";"012B1DPS.340";"Instr demi-sct - VARIA";"F7";"FOCO";"Instruction";"012B1";"DPS:B1";"Section 2B";"2026-05-23";"Samedi";"07:30";"10:30";"Caserne B1";"C sct";"";"";"SOURCE_CLASSEUR_2026";"classeur ligne 340";"RECONDUIT";"";"";"NON";"Référence source de 1 occurrence(s) 2027"
"2026";"QV26:L341";"0162F7OFSI.341";"Exercice OFSI・infrastructures CFF";"F7";"FOSPEC";"Exercice";"0162F7";"DPS:G1";"Personnel OFSI";"2026-05-25";"Lundi";"18:30";"21:00";"Caserne G1";"Resp OFSI";"";"";"SOURCE_CLASSEUR_2026";"classeur ligne 341";"RECONDUIT";"";"";"NON";"Référence source de 1 occurrence(s) 2027"
"2026";"QV26:L342";"010FOBA.342";"Exercice FOBA | Consolidation 2";"F7";"FOBA";"Exercice";"010FOBA";"OI_NON_DOCUMENTE_2026";"C FOBA | cadres FOBA | FOBA 3";"2026-05-26";"Mardi";"18:30";"21:30";"Caserne G1";"C FOBA";"";"";"SOURCE_CLASSEUR_2026";"classeur ligne 342";"RECONDUIT";"";"";"NON";"Référence source de 1 occurrence(s) 2027"
"2026";"QV26:L343";"011PR.343";"Exercice PR 2.4 | Practice";"F7";"PR";"Exercice";"011PR";"OI_NON_DOCUMENTE_2026";"PAPR";"2026-05-26";"Mardi";"19:00";"21:30";"Caserne G1";"C PR";"";"";"SOURCE_CLASSEUR_2026";"classeur ligne 343";"RECONDUIT";"";"";"NON";"Référence source de 1 occurrence(s) 2027"
"2026";"QV26:L344";"01521F7PL.344";"Exercice TRUCK 1.4";"F7";"AUTO";"Exercice";"01521F7";"OI_NON_DOCUMENTE_2026";"Moniteurs conduite DPS | Cond PL";"2026-05-26";"Mardi";"19:00";"21:30";"Caserne G1";"Of auto";"";"";"SOURCE_CLASSEUR_2026";"classeur ligne 344";"RECONDUIT";"";"";"NON";"Référence source de 1 occurrence(s) 2027"
"2026";"QV26:L345";"070F0.345";"Soirée information DAP Y4";"F0";"DAP";"";"070F0";"DAP:Y4";"Codir | Cdt | C DAP | C sct";"2026-05-26";"Mardi";"20:00";"22:00";"Grande salle Communale";"Cdt";"";"";"SOURCE_CLASSEUR_2026";"classeur ligne 345";"RECONDUIT";"";"";"NON";"Référence source de 1 occurrence(s) 2027"
"2026";"QV26:L346";"070F0.346";"Séance Codir";"F0";"SDIS";"Séance";"070F0";"OI_NON_DOCUMENTE_2026";"Codir | Cdt";"2026-05-27";"Mercredi";"18:00";"19:00";"Belmont-sur-Yverdon";"PrésidentE Codir";"";"";"SOURCE_CLASSEUR_2026";"classeur ligne 346";"RECONDUIT";"";"";"NON";"Référence source de 1 occurrence(s) 2027"
"2026";"QV26:L347";"0162F7.347";"Formation groupée 1.2 | DPS | OFSI | ABC";"F7";"AUTRES";"Formation";"0162F7";"DPS:G1";"DPS | OFSI | FOBA 2 | FOBA 3";"2026-05-27";"Mercredi";"18:30";"22:00";"Caserne G1";"C for";"";"";"SOURCE_CLASSEUR_2026";"classeur ligne 347";"HUMAN_REVIEW";"";"";"OUI";"Aucun lien sourceLine 2027 prouvé ; absence non présumée volontaire"
"2026";"QV26:L347";"0162F7.347";"Formation groupée 1.2 | DPS | OFSI | ABC";"F7";"AUTRES";"Formation";"0162F7";"DPS:C1";"DPS | OFSI | FOBA 2 | FOBA 3";"2026-05-27";"Mercredi";"18:30";"22:00";"Caserne G1";"C for";"";"";"SOURCE_CLASSEUR_2026";"classeur ligne 347";"HUMAN_REVIEW";"";"";"OUI";"Aucun lien sourceLine 2027 prouvé ; absence non présumée volontaire"
"2026";"QV26:L347";"0162F7.347";"Formation groupée 1.2 | DPS | OFSI | ABC";"F7";"AUTRES";"Formation";"0162F7";"DPS:B1";"DPS | OFSI | FOBA 2 | FOBA 3";"2026-05-27";"Mercredi";"18:30";"22:00";"Caserne G1";"C for";"";"";"SOURCE_CLASSEUR_2026";"classeur ligne 347";"HUMAN_REVIEW";"";"";"OUI";"Aucun lien sourceLine 2027 prouvé ; absence non présumée volontaire"
"2026";"QV26:L347";"0162F7.347";"Formation groupée 1.2 | DPS | OFSI | ABC";"F7";"AUTRES";"Formation";"0162F7";"DPS:B2";"DPS | OFSI | FOBA 2 | FOBA 3";"2026-05-27";"Mercredi";"18:30";"22:00";"Caserne G1";"C for";"";"";"SOURCE_CLASSEUR_2026";"classeur ligne 347";"HUMAN_REVIEW";"";"";"OUI";"Aucun lien sourceLine 2027 prouvé ; absence non présumée volontaire"
"2026";"QV26:L348";"01522F7VL.348";"Conduite, formation continue";"F7";"AUTO";"Conduite";"01522F7";"DAP:Y1";"Moniteur de conduite | Cond VL";"2026-05-27";"Mercredi";"18:30";"21:30";"Local Y1";"Of auto";"";"";"SOURCE_CLASSEUR_2026";"classeur ligne 348";"NON_RECONDUIT_VOLONTAIREMENT";"";"";"NON";"Cinquième Y1 hors règle MOA de quatre soirées/Y"
"2026";"QV26:L349";"070F0.349";"Assemblée CI";"F0";"SDIS";"";"070F0";"OI_NON_DOCUMENTE_2026";"CI | Codir | Cdt";"2026-05-27";"Mercredi";"19:30";"21:00";"Donneloye";"PrésidentE CI";"";"";"SOURCE_CLASSEUR_2026";"classeur ligne 349";"RECONDUIT";"";"";"NON";"Référence source de 1 occurrence(s) 2027"
"2026";"QV26:L350";"0162F7.350";"Formation groupée 1.3 | DPS | OFSI | ABC";"F7";"AUTRES";"Formation";"0162F7";"DPS:G1";"DPS | OFSI | FOBA 2 | FOBA 3";"2026-05-28";"Jeudi";"18:30";"22:00";"Caserne G1";"C for";"";"";"SOURCE_CLASSEUR_2026";"classeur ligne 350";"HUMAN_REVIEW";"";"";"OUI";"Aucun lien sourceLine 2027 prouvé ; absence non présumée volontaire"
"2026";"QV26:L350";"0162F7.350";"Formation groupée 1.3 | DPS | OFSI | ABC";"F7";"AUTRES";"Formation";"0162F7";"DPS:C1";"DPS | OFSI | FOBA 2 | FOBA 3";"2026-05-28";"Jeudi";"18:30";"22:00";"Caserne G1";"C for";"";"";"SOURCE_CLASSEUR_2026";"classeur ligne 350";"HUMAN_REVIEW";"";"";"OUI";"Aucun lien sourceLine 2027 prouvé ; absence non présumée volontaire"
"2026";"QV26:L350";"0162F7.350";"Formation groupée 1.3 | DPS | OFSI | ABC";"F7";"AUTRES";"Formation";"0162F7";"DPS:B1";"DPS | OFSI | FOBA 2 | FOBA 3";"2026-05-28";"Jeudi";"18:30";"22:00";"Caserne G1";"C for";"";"";"SOURCE_CLASSEUR_2026";"classeur ligne 350";"HUMAN_REVIEW";"";"";"OUI";"Aucun lien sourceLine 2027 prouvé ; absence non présumée volontaire"
"2026";"QV26:L350";"0162F7.350";"Formation groupée 1.3 | DPS | OFSI | ABC";"F7";"AUTRES";"Formation";"0162F7";"DPS:B2";"DPS | OFSI | FOBA 2 | FOBA 3";"2026-05-28";"Jeudi";"18:30";"22:00";"Caserne G1";"C for";"";"";"SOURCE_CLASSEUR_2026";"classeur ligne 350";"HUMAN_REVIEW";"";"";"OUI";"Aucun lien sourceLine 2027 prouvé ; absence non présumée volontaire"
"2026";"QV26:L351";"011PR.351";"Exercice PR 2.5 | Practice";"F7";"PR";"Exercice";"011PR";"OI_NON_DOCUMENTE_2026";"PAPR";"2026-05-28";"Jeudi";"19:00";"21:30";"Caserne G1";"C PR";"";"";"SOURCE_CLASSEUR_2026";"classeur ligne 351";"RECONDUIT";"";"";"NON";"Référence source de 1 occurrence(s) 2027"
"2026";"QV26:L352";"0164F7ABC.352";"Instr demi-sct - ABC";"F7";"FOSPEC";"Instruction";"0164F7";"DPS:G1";"Section 5B | Réserve | Réguliers";"2026-05-30";"Samedi";"07:30";"10:30";"Caserne G1";"C sct";"";"";"SOURCE_CLASSEUR_2026";"classeur ligne 352";"RECONDUIT";"";"";"NON";"Référence source de 1 occurrence(s) 2027"
"2026";"QV26:L353";"012B1DPS.353";"Instr demi-sct - VARIA";"F7";"FOCO";"Instruction";"012B1";"DPS:B1";"Section 1B";"2026-05-30";"Samedi";"07:30";"10:30";"Caserne B1";"C sct";"";"";"SOURCE_CLASSEUR_2026";"classeur ligne 353";"RECONDUIT";"";"";"NON";"Référence source de 1 occurrence(s) 2027"
"2026";"QV26:L354";"012C1DPS.354";"Instr demi-sct - VARIA";"F7";"FOCO";"Instruction";"012C1";"DPS:C1";"Section 1B | Perm B2";"2026-05-30";"Samedi";"07:30";"10:30";"Caserne B2";"C sct";"";"";"SOURCE_CLASSEUR_2026";"classeur ligne 354";"RECONDUIT";"";"";"NON";"Référence source de 1 occurrence(s) 2027"
"2026";"QV26:L355";"012B2DPS.355";"Instr demi-sct - VARIA";"F7";"FOCO";"Instruction";"012B2";"DPS:B2";"Perm B2";"2026-05-30";"Samedi";"07:30";"10:30";"Caserne B2";"C sct";"";"";"SOURCE_CLASSEUR_2026";"classeur ligne 355";"RECONDUIT";"";"";"NON";"Référence source de 1 occurrence(s) 2027"
"2026";"QV26:L356";"JS11JS.261a";"Cours JSP JS11 - Journée d'instruction JSP (matin)";"F7";"JSP";"Cours";"010JSP";"OI_NON_DOCUMENTE_2026";"JSP | Flm 1, 2 selon convocation GVJSP";"2026-05-30";"Samedi";"07:30";"12:00";"Caserne SDIS";"C for";"";"";"SOURCE_CLASSEUR_2026";"classeur ligne 356";"RECONDUIT";"";"";"NON";"Référence source de 1 occurrence(s) 2027"
"2026";"QV26:L357";"010JSP.357";"Formation groupée JSP | Simulateur";"F7";"JSP";"Formation";"010JSP";"OI_NON_DOCUMENTE_2026";"C site JSP | Moniteurs JSP | JSP";"2026-05-30";"Samedi";"08:00";"10:00";"Caserne G1";"C JSP";"";"";"SOURCE_CLASSEUR_2026";"classeur ligne 357";"RECONDUIT";"";"";"NON";"Référence source de 1 occurrence(s) 2027"
"2026";"QV26:L358";"010JSP.358";"Formation groupée JSP | Simulateur";"F7";"JSP";"Formation";"010JSP";"OI_NON_DOCUMENTE_2026";"C site JSP | Moniteurs JSP | Flm 1";"2026-05-30";"Samedi";"10:00";"12:00";"Caserne G1";"C JSP";"";"";"SOURCE_CLASSEUR_2026";"classeur ligne 358";"RECONDUIT";"";"";"NON";"Référence source de 1 occurrence(s) 2027"
"2026";"QV26:L359";"010JSP.359";"Formation groupée JSP | Simulateur";"F7";"JSP";"Formation";"010JSP";"OI_NON_DOCUMENTE_2026";"C site JSP | Moniteurs JSP | Flm 2";"2026-05-30";"Samedi";"13:00";"15:00";"Caserne G1";"C JSP";"";"";"SOURCE_CLASSEUR_2026";"classeur ligne 359";"RECONDUIT";"";"";"NON";"Référence source de 1 occurrence(s) 2027"
"2026";"QV26:L360";"JS11JS.261b";"Cours JSP JS11 - Journée d'instruction JSP (après-midi)";"F7";"JSP";"Cours";"010JSP";"OI_NON_DOCUMENTE_2026";"JSP | Flm 1, 2 selon convocation GVJSP";"2026-05-30";"Samedi";"13:00";"17:30";"Caserne SDIS";"C for";"";"";"SOURCE_CLASSEUR_2026";"classeur ligne 360";"RECONDUIT";"";"";"NON";"Référence source de 1 occurrence(s) 2027"
"2026";"QV26:L361";"010JSP.361";"Formation groupée JSP | Simulateur";"F7";"JSP";"Formation";"010JSP";"OI_NON_DOCUMENTE_2026";"C site JSP | Moniteurs JSP | Cadets";"2026-05-30";"Samedi";"15:00";"17:00";"Caserne G1";"C JSP";"";"";"SOURCE_CLASSEUR_2026";"classeur ligne 361";"RECONDUIT";"";"";"NON";"Référence source de 1 occurrence(s) 2027"
"2026";"QV26:L362";"0171F7.362";"Formation relation avec la presse";"F7";"FOCA";"Formation";"0171F7";"DPS:G1";"OSR | Personnel communiquant";"2026-06-01";"Lundi";"08:00";"17:00";"Caserne G1";"Cdt";"";"";"SOURCE_CLASSEUR_2026";"classeur ligne 362";"RECONDUIT";"";"";"NON";"Référence source de 1 occurrence(s) 2027"
"2026";"QV26:L363";"010JC1.363";"Exercice JSP 6";"F7";"JSP";"Exercice";"010JC1";"OI_NON_DOCUMENTE_2026";"C site JSP | Moniteurs JSP | JSP";"2026-06-01";"Lundi";"18:00";"20:00";"Caserne C1";"Resp for JSP";"";"";"SOURCE_CLASSEUR_2026";"classeur ligne 363";"RECONDUIT";"";"";"NON";"Référence source de 1 occurrence(s) 2027"
"2026";"QV26:L364";"0162F7OFSI.364";"Exercice OFSI・infrastructures CFF";"F7";"FOSPEC";"Exercice";"0162F7";"DPS:G1";"Personnel OFSI";"2026-06-01";"Lundi";"18:30";"21:00";"Caserne G1";"Resp OFSI";"";"";"SOURCE_CLASSEUR_2026";"classeur ligne 364";"RECONDUIT";"";"";"NON";"Référence source de 1 occurrence(s) 2027"
"2026";"QV26:L365";"0164F7ABC.365";"Instr sct - ABC";"F7";"FOSPEC";"Instruction";"0164F7";"DPS:G1";"Section 5 | Réserve | Réguliers";"2026-06-01";"Lundi";"18:30";"21:30";"Caserne G1";"C sct";"";"";"SOURCE_CLASSEUR_2026";"classeur ligne 365";"RECONDUIT";"";"";"NON";"Référence source de 1 occurrence(s) 2027"
"2026";"QV26:L366";"SP19VD.262a";"Cours ECA SP19 - ventilation opérationnelle";"F2/3";"ECAFORM";"Cours";"";"OI_NON_DOCUMENTE_2026";"Sur convocation ECAFORM";"2026-06-02";"Mardi";"07:30";"17:00";"Caserne G1";"C op";"";"";"SOURCE_CLASSEUR_2026";"classeur ligne 366";"HUMAN_REVIEW";"";"";"OUI";"Aucun lien sourceLine 2027 prouvé ; absence non présumée volontaire"
"2026";"QV26:L367";"";"Formation personnel CFF";"F5/6";"";"Formation";"";"OI_NON_DOCUMENTE_2026";"Centre de formation pour la sécurité AfS";"2026-06-02";"Mardi";"08:00";"17:00";"Caserne G1";"C op";"";"";"SOURCE_CLASSEUR_2026";"classeur ligne 367";"HUMAN_REVIEW";"";"";"OUI";"Aucun lien sourceLine 2027 prouvé ; absence non présumée volontaire"
"2026";"QV26:L368";"011PR.368";"Exercice PR 2.6 | Practice";"F7";"PR";"Exercice";"011PR";"OI_NON_DOCUMENTE_2026";"PAPR";"2026-06-02";"Mardi";"19:00";"21:30";"Caserne G1";"C PR";"";"";"SOURCE_CLASSEUR_2026";"classeur ligne 368";"RECONDUIT";"";"";"NON";"Référence source de 1 occurrence(s) 2027"
"2026";"QV26:L369";"0171F7.369";"Formation relation avec la presse";"F7";"FOCA";"Formation";"0171F7";"DPS:G1";"OSR | Personnel communiquant";"2026-06-03";"Mercredi";"08:00";"17:00";"Caserne G1";"Cdt";"";"";"SOURCE_CLASSEUR_2026";"classeur ligne 369";"RECONDUIT";"";"";"NON";"Référence source de 1 occurrence(s) 2027"
"2026";"QV26:L370";"0154F7GRUE.370";"Formation grutier 1.2";"F7";"AUTO";"Formation";"0154F7";"OI_NON_DOCUMENTE_2026";"Grutiers A | Grutiers C selon convocation";"2026-06-03";"Mercredi";"18:00";"20:00";"Caserne G1";"Of auto";"";"";"SOURCE_CLASSEUR_2026";"classeur ligne 370";"RECONDUIT";"";"";"NON";"Référence source de 1 occurrence(s) 2027"
"2026";"QV26:L371";"070F56.371";"Séance communication F5/6";"F5/6";"SIC";"Séance";"070F56";"DPS:G1";"Membres communication";"2026-06-03";"Mercredi";"18:00";"20:00";"Caserne G1";"Of spéc";"";"";"SOURCE_CLASSEUR_2026";"classeur ligne 371";"RECONDUIT";"";"";"NON";"Référence source de 1 occurrence(s) 2027"
"2026";"QV26:L371";"070F56.371";"Séance communication F5/6";"F5/6";"SIC";"Séance";"070F56";"DAP:Y1";"Membres communication";"2026-06-03";"Mercredi";"18:00";"20:00";"Caserne G1";"Of spéc";"";"";"SOURCE_CLASSEUR_2026";"classeur ligne 371";"RECONDUIT";"";"";"NON";"Référence source de 1 occurrence(s) 2027"
"2026";"QV26:L372";"0120F7DPS.372";"Exercice engagement Incyte Biosciences";"F7";"FOCO";"Exercice";"0120F7";"OI_NON_DOCUMENTE_2026";"Permanent";"2026-06-04";"Jeudi";"06:00";"12:00";"Caserne G1";"C op";"";"";"SOURCE_CLASSEUR_2026";"classeur ligne 372";"RECONDUIT";"";"";"NON";"Référence source de 1 occurrence(s) 2027"
"2026";"QV26:L373";"SI0126.765aa";"Cursus PAPR - module 3 | AO Simulateur";"F7";"PR";"";"011PR";"OI_NON_DOCUMENTE_2026";"Form PR | PAPR N'26";"2026-06-04";"Jeudi";"17:00";"22:00";"La Rama";"C PR";"";"";"SOURCE_CLASSEUR_2026";"classeur ligne 373";"HUMAN_REVIEW";"";"";"OUI";"Aucun lien sourceLine 2027 prouvé ; absence non présumée volontaire"
"2026";"QV26:L374";"0173F7DPS.374";"Reconnaissance DPS";"F7";"FOCA";"";"0173F7";"DPS:C1";"Échelons II OP, III et IV DPS";"2026-06-04";"Jeudi";"19:00";"21:30";"Caserne C1";"C op";"";"";"SOURCE_CLASSEUR_2026";"classeur ligne 374";"RECONDUIT";"";"";"NON";"Référence source de 1 occurrence(s) 2027"
"2026";"QV26:L375";"012B1DPS.375";"Exercice DPS-DAP 1";"F7";"FOCO";"Exercice";"012B1";"DPS:B1";"Section 1";"2026-06-04";"Jeudi";"19:00";"21:30";"Caserne B1";"C for";"";"";"SOURCE_CLASSEUR_2026";"classeur ligne 375";"RECONDUIT";"";"";"NON";"Référence source de 1 occurrence(s) 2027"
"2026";"QV26:L376";"013Y2DAP.376";"Exercice DPS-DAP 1";"F7";"FOCO";"Exercice";"013Y2";"DAP:Y2";"DAP Y2";"2026-06-04";"Jeudi";"19:00";"21:30";"Caserne B1";"C for";"";"";"SOURCE_CLASSEUR_2026";"classeur ligne 376";"RECONDUIT";"";"";"NON";"Référence source de 1 occurrence(s) 2027"
"2026";"QV26:L377";"0173F7DPS.377";"Reconnaissance DPS";"F7";"FOCA";"";"0173F7";"DPS:B1";"Échelons II OP, III et IV DPS";"2026-06-04";"Jeudi";"19:00";"21:30";"Caserne B1";"C op";"";"";"SOURCE_CLASSEUR_2026";"classeur ligne 377";"RECONDUIT";"";"";"NON";"Référence source de 1 occurrence(s) 2027"
"2026";"QV26:L378";"0173F7DPS.378";"Reconnaissance DPS";"F7";"FOCA";"";"0173F7";"DPS:B2";"Échelons II OP, III et IV DPS";"2026-06-04";"Jeudi";"19:00";"21:30";"Caserne B2";"C op";"";"";"SOURCE_CLASSEUR_2026";"classeur ligne 378";"RECONDUIT";"";"";"NON";"Référence source de 1 occurrence(s) 2027"
"2026";"QV26:L379";"0170F7.379";"Cours de cadres SDIS Nord vaudois";"F7";"FOCA";"Cours";"0170F7";"DPS:G1";"Échelons I, II, III DPS | Cand échelon I |  II et III DAP";"2026-06-06";"Samedi";"07:30";"17:00";"Caserne G1";"Cdt";"";"";"SOURCE_CLASSEUR_2026";"classeur ligne 379";"RECONDUIT";"";"";"NON";"Référence source de 1 occurrence(s) 2027"
"2026";"QV26:L379";"0170F7.379";"Cours de cadres SDIS Nord vaudois";"F7";"FOCA";"Cours";"0170F7";"DPS:C1";"Échelons I, II, III DPS | Cand échelon I |  II et III DAP";"2026-06-06";"Samedi";"07:30";"17:00";"Caserne G1";"Cdt";"";"";"SOURCE_CLASSEUR_2026";"classeur ligne 379";"RECONDUIT";"";"";"NON";"Référence source de 1 occurrence(s) 2027"
"2026";"QV26:L379";"0170F7.379";"Cours de cadres SDIS Nord vaudois";"F7";"FOCA";"Cours";"0170F7";"DPS:B1";"Échelons I, II, III DPS | Cand échelon I |  II et III DAP";"2026-06-06";"Samedi";"07:30";"17:00";"Caserne G1";"Cdt";"";"";"SOURCE_CLASSEUR_2026";"classeur ligne 379";"RECONDUIT";"";"";"NON";"Référence source de 1 occurrence(s) 2027"
"2026";"QV26:L379";"0170F7.379";"Cours de cadres SDIS Nord vaudois";"F7";"FOCA";"Cours";"0170F7";"DPS:B2";"Échelons I, II, III DPS | Cand échelon I |  II et III DAP";"2026-06-06";"Samedi";"07:30";"17:00";"Caserne G1";"Cdt";"";"";"SOURCE_CLASSEUR_2026";"classeur ligne 379";"RECONDUIT";"";"";"NON";"Référence source de 1 occurrence(s) 2027"
"2026";"QV26:L379";"0170F7.379";"Cours de cadres SDIS Nord vaudois";"F7";"FOCA";"Cours";"0170F7";"DAP:Y1";"Échelons I, II, III DPS | Cand échelon I |  II et III DAP";"2026-06-06";"Samedi";"07:30";"17:00";"Caserne G1";"Cdt";"";"";"SOURCE_CLASSEUR_2026";"classeur ligne 379";"RECONDUIT";"";"";"NON";"Référence source de 1 occurrence(s) 2027"
"2026";"QV26:L379";"0170F7.379";"Cours de cadres SDIS Nord vaudois";"F7";"FOCA";"Cours";"0170F7";"DAP:Y2";"Échelons I, II, III DPS | Cand échelon I |  II et III DAP";"2026-06-06";"Samedi";"07:30";"17:00";"Caserne G1";"Cdt";"";"";"SOURCE_CLASSEUR_2026";"classeur ligne 379";"RECONDUIT";"";"";"NON";"Référence source de 1 occurrence(s) 2027"
"2026";"QV26:L379";"0170F7.379";"Cours de cadres SDIS Nord vaudois";"F7";"FOCA";"Cours";"0170F7";"DAP:Y3";"Échelons I, II, III DPS | Cand échelon I |  II et III DAP";"2026-06-06";"Samedi";"07:30";"17:00";"Caserne G1";"Cdt";"";"";"SOURCE_CLASSEUR_2026";"classeur ligne 379";"RECONDUIT";"";"";"NON";"Référence source de 1 occurrence(s) 2027"
"2026";"QV26:L379";"0170F7.379";"Cours de cadres SDIS Nord vaudois";"F7";"FOCA";"Cours";"0170F7";"DAP:Y4";"Échelons I, II, III DPS | Cand échelon I |  II et III DAP";"2026-06-06";"Samedi";"07:30";"17:00";"Caserne G1";"Cdt";"";"";"SOURCE_CLASSEUR_2026";"classeur ligne 379";"RECONDUIT";"";"";"NON";"Référence source de 1 occurrence(s) 2027"
"2026";"QV26:L380";"0164F7ABC.380";"Instr demi-sct - ABC";"F7";"FOSPEC";"Instruction";"0164F7";"DPS:G1";"Section 4B | Réserve | Réguliers";"2026-06-06";"Samedi";"07:30";"10:30";"Caserne G1";"C sct";"";"";"SOURCE_CLASSEUR_2026";"classeur ligne 380";"RECONDUIT";"";"";"NON";"Référence source de 1 occurrence(s) 2027"
"2026";"QV26:L381";"012B1DPS.381";"Instr demi-sct - VARIA";"F7";"FOCO";"Instruction";"012B1";"DPS:B1";"Section 3A";"2026-06-06";"Samedi";"07:30";"10:30";"Caserne B1";"C sct";"";"";"SOURCE_CLASSEUR_2026";"classeur ligne 381";"RECONDUIT";"";"";"NON";"Référence source de 1 occurrence(s) 2027"
"2026";"QV26:L382";"012C1DPS.382";"Instr demi-sct - VARIA";"F7";"FOCO";"Instruction";"012C1";"DPS:C1";"Section 3A | Perm B2";"2026-06-06";"Samedi";"07:30";"10:30";"Caserne B2";"C sct";"";"";"SOURCE_CLASSEUR_2026";"classeur ligne 382";"RECONDUIT";"";"";"NON";"Référence source de 1 occurrence(s) 2027"
"2026";"QV26:L383";"012B2DPS.383";"Instr demi-sct - VARIA";"F7";"FOCO";"Instruction";"012B2";"DPS:B2";"Perm B2";"2026-06-06";"Samedi";"07:30";"10:30";"Caserne B2";"C sct";"";"";"SOURCE_CLASSEUR_2026";"classeur ligne 383";"RECONDUIT";"";"";"NON";"Référence source de 1 occurrence(s) 2027"
"2026";"QV26:L384";"0154F7GRUE.384";"Formation grutier 1.0";"F7";"AUTO";"Formation";"0154F7";"OI_NON_DOCUMENTE_2026";"Permanent";"2026-06-08";"Lundi";"13:30";"15:30";"Caserne G1";"Of auto";"";"";"SOURCE_CLASSEUR_2026";"classeur ligne 384";"RECONDUIT";"";"";"NON";"Référence source de 1 occurrence(s) 2027"
"2026";"QV26:L385";"0151F7EA.385";"Cursus MEA - module 9.1";"F7";"AUTO";"";"0151F7";"OI_NON_DOCUMENTE_2026";"Formateur MEA | MEA N'25";"2026-06-08";"Lundi";"17:00";"19:00";"Caserne G1";"Of auto";"";"";"SOURCE_CLASSEUR_2026";"classeur ligne 385";"HUMAN_REVIEW";"";"";"OUI";"Aucun lien sourceLine 2027 prouvé ; absence non présumée volontaire"
"2026";"QV26:L386";"0172F7DAP.386";"Cursus CI DAP - module 3 | Interventions, aspects tactico-techniques";"F7";"FOCA";"";"0172F7";"DAP:Y1";"Cdt | C for | Candidats échelon II '25-26";"2026-06-08";"Lundi";"18:00";"21:00";"Caserne G1";"Cdt";"";"";"SOURCE_CLASSEUR_2026";"classeur ligne 386";"HUMAN_REVIEW";"";"";"OUI";"Aucun lien sourceLine 2027 prouvé ; absence non présumée volontaire"
"2026";"QV26:L386";"0172F7DAP.386";"Cursus CI DAP - module 3 | Interventions, aspects tactico-techniques";"F7";"FOCA";"";"0172F7";"DAP:Y2";"Cdt | C for | Candidats échelon II '25-26";"2026-06-08";"Lundi";"18:00";"21:00";"Caserne G1";"Cdt";"";"";"SOURCE_CLASSEUR_2026";"classeur ligne 386";"HUMAN_REVIEW";"";"";"OUI";"Aucun lien sourceLine 2027 prouvé ; absence non présumée volontaire"
"2026";"QV26:L386";"0172F7DAP.386";"Cursus CI DAP - module 3 | Interventions, aspects tactico-techniques";"F7";"FOCA";"";"0172F7";"DAP:Y3";"Cdt | C for | Candidats échelon II '25-26";"2026-06-08";"Lundi";"18:00";"21:00";"Caserne G1";"Cdt";"";"";"SOURCE_CLASSEUR_2026";"classeur ligne 386";"HUMAN_REVIEW";"";"";"OUI";"Aucun lien sourceLine 2027 prouvé ; absence non présumée volontaire"
"2026";"QV26:L386";"0172F7DAP.386";"Cursus CI DAP - module 3 | Interventions, aspects tactico-techniques";"F7";"FOCA";"";"0172F7";"DAP:Y4";"Cdt | C for | Candidats échelon II '25-26";"2026-06-08";"Lundi";"18:00";"21:00";"Caserne G1";"Cdt";"";"";"SOURCE_CLASSEUR_2026";"classeur ligne 386";"HUMAN_REVIEW";"";"";"OUI";"Aucun lien sourceLine 2027 prouvé ; absence non présumée volontaire"
"2026";"QV26:L387";"0164F7ABC.387";"Instr sct - ABC";"F7";"FOSPEC";"Instruction";"0164F7";"DPS:G1";"Section 4 | Réserve | Réguliers";"2026-06-08";"Lundi";"18:30";"21:30";"Caserne G1";"C sct";"";"";"SOURCE_CLASSEUR_2026";"classeur ligne 387";"RECONDUIT";"";"";"NON";"Référence source de 1 occurrence(s) 2027"
"2026";"QV26:L388";"SAB2VD.251a";"Cours ECA SA10 - cours de cadres - répondant de la formation antichute";"F2/3";"ECAFORM";"Cours";"";"OI_NON_DOCUMENTE_2026";"Sur convocation ECAFORM";"2026-06-09";"Mardi";"07:30";"17:00";"Caserne G1";"C op";"";"";"SOURCE_CLASSEUR_2026";"classeur ligne 388";"HUMAN_REVIEW";"";"";"OUI";"Aucun lien sourceLine 2027 prouvé ; absence non présumée volontaire"
"2026";"QV26:L389";"0162F7.389";"Formation groupée 1.4 | DPS | OFSI | ABC";"F7";"AUTRES";"Formation";"0162F7";"DPS:G1";"DPS | OFSI | FOBA 2 | FOBA 3";"2026-06-09";"Mardi";"18:30";"22:00";"Caserne G1";"C for";"";"";"SOURCE_CLASSEUR_2026";"classeur ligne 389";"HUMAN_REVIEW";"";"";"OUI";"Aucun lien sourceLine 2027 prouvé ; absence non présumée volontaire"
"2026";"QV26:L389";"0162F7.389";"Formation groupée 1.4 | DPS | OFSI | ABC";"F7";"AUTRES";"Formation";"0162F7";"DPS:C1";"DPS | OFSI | FOBA 2 | FOBA 3";"2026-06-09";"Mardi";"18:30";"22:00";"Caserne G1";"C for";"";"";"SOURCE_CLASSEUR_2026";"classeur ligne 389";"HUMAN_REVIEW";"";"";"OUI";"Aucun lien sourceLine 2027 prouvé ; absence non présumée volontaire"
"2026";"QV26:L389";"0162F7.389";"Formation groupée 1.4 | DPS | OFSI | ABC";"F7";"AUTRES";"Formation";"0162F7";"DPS:B1";"DPS | OFSI | FOBA 2 | FOBA 3";"2026-06-09";"Mardi";"18:30";"22:00";"Caserne G1";"C for";"";"";"SOURCE_CLASSEUR_2026";"classeur ligne 389";"HUMAN_REVIEW";"";"";"OUI";"Aucun lien sourceLine 2027 prouvé ; absence non présumée volontaire"
"2026";"QV26:L389";"0162F7.389";"Formation groupée 1.4 | DPS | OFSI | ABC";"F7";"AUTRES";"Formation";"0162F7";"DPS:B2";"DPS | OFSI | FOBA 2 | FOBA 3";"2026-06-09";"Mardi";"18:30";"22:00";"Caserne G1";"C for";"";"";"SOURCE_CLASSEUR_2026";"classeur ligne 389";"HUMAN_REVIEW";"";"";"OUI";"Aucun lien sourceLine 2027 prouvé ; absence non présumée volontaire"
"2026";"QV26:L390";"SA10VD.251a";"Cours ECA SA10 - répondant de la formation antichute";"F2/3";"ECAFORM";"Cours";"";"OI_NON_DOCUMENTE_2026";"Sur convocation ECAFORM";"2026-06-10";"Mercredi";"07:30";"17:00";"Caserne G1";"C op";"";"";"SOURCE_CLASSEUR_2026";"classeur ligne 390";"HUMAN_REVIEW";"";"";"OUI";"Aucun lien sourceLine 2027 prouvé ; absence non présumée volontaire"
"2026";"QV26:L391";"0164F7ABC.391";"Exercice PR-ABC | Refresh";"F7";"PR";"Exercice";"0164F7";"OI_NON_DOCUMENTE_2026";"Porteur ABC tenue lourde | permanent | réguliers";"2026-06-10";"Mercredi";"08:00";"11:00";"Caserne G1";"C PR";"";"";"SOURCE_CLASSEUR_2026";"classeur ligne 391";"HUMAN_REVIEW";"";"";"OUI";"Aucun lien sourceLine 2027 prouvé ; absence non présumée volontaire"
"2026";"QV26:L392";"0154F7GRUE.392";"Formation grutier 1.2";"F7";"AUTO";"Formation";"0154F7";"OI_NON_DOCUMENTE_2026";"Grutiers A | Grutiers C selon convocation";"2026-06-10";"Mercredi";"18:00";"20:00";"Caserne G1";"Of auto";"";"";"SOURCE_CLASSEUR_2026";"classeur ligne 392";"RECONDUIT";"";"";"NON";"Référence source de 1 occurrence(s) 2027"
"2026";"QV26:L393";"EMSEA.393";"Séance EM";"F0";"SDIS";"Séance";"EMSEA";"OI_NON_DOCUMENTE_2026";"EM";"2026-06-10";"Mercredi";"18:00";"21:00";"Caserne G1";"Cdt";"";"";"SOURCE_CLASSEUR_2026";"classeur ligne 393";"RECONDUIT";"";"";"NON";"Référence source de 1 occurrence(s) 2027"
"2026";"QV26:L394";"SA10VD.251b";"Cours ECA SA10 - répondant de la formation antichute";"F2/3";"ECAFORM";"Cours";"";"OI_NON_DOCUMENTE_2026";"Sur convocation ECAFORM";"2026-06-11";"Jeudi";"07:30";"17:00";"Caserne G1";"C op";"";"";"SOURCE_CLASSEUR_2026";"classeur ligne 394";"HUMAN_REVIEW";"";"";"OUI";"Aucun lien sourceLine 2027 prouvé ; absence non présumée volontaire"
"2026";"QV26:L395";"0154F7GRUE.395";"Formation grutier 1.0";"F7";"AUTO";"Formation";"0154F7";"OI_NON_DOCUMENTE_2026";"Permanent";"2026-06-11";"Jeudi";"09:30";"11:30";"Caserne G1";"Of auto";"";"";"SOURCE_CLASSEUR_2026";"classeur ligne 395";"RECONDUIT";"";"";"NON";"Référence source de 1 occurrence(s) 2027"
"2026";"QV26:L396";"0151F7EA.396";"Cursus MEA - module 9.2";"F7";"AUTO";"";"0151F7";"OI_NON_DOCUMENTE_2026";"Formateur MEA | MEA N'25";"2026-06-11";"Jeudi";"17:00";"19:00";"Caserne G1";"Of auto";"";"";"SOURCE_CLASSEUR_2026";"classeur ligne 396";"HUMAN_REVIEW";"";"";"OUI";"Aucun lien sourceLine 2027 prouvé ; absence non présumée volontaire"
"2026";"QV26:L397";"01521F7PL.397";"Cursus TP9 - conduite libre";"F7";"AUTO";"";"01521F7";"OI_NON_DOCUMENTE_2026";"Formateur TP9 | Candidats cond TP9 '26";"2026-06-11";"Jeudi";"18:00";"21:00";"Caserne G1";"Of auto";"";"";"SOURCE_CLASSEUR_2026";"classeur ligne 397";"HUMAN_REVIEW";"";"";"OUI";"Aucun lien sourceLine 2027 prouvé ; absence non présumée volontaire"
"2026";"QV26:L398";"070F56.398";"Séance cadres F5/6";"F5/6";"SIC";"Séance";"070F56";"DPS:G1";"Cadres F5/6";"2026-06-11";"Jeudi";"18:00";"20:00";"Caserne G1";"Of spéc";"";"";"SOURCE_CLASSEUR_2026";"classeur ligne 398";"RECONDUIT";"";"";"NON";"Référence source de 1 occurrence(s) 2027"
"2026";"QV26:L398";"070F56.398";"Séance cadres F5/6";"F5/6";"SIC";"Séance";"070F56";"DPS:B1";"Cadres F5/6";"2026-06-11";"Jeudi";"18:00";"20:00";"Caserne G1";"Of spéc";"";"";"SOURCE_CLASSEUR_2026";"classeur ligne 398";"RECONDUIT";"";"";"NON";"Référence source de 1 occurrence(s) 2027"
"2026";"QV26:L399";"070F23.399";"Séance chefs de section DPS C1 | B2";"F2/3";"DPS";"Séance";"070F23";"DPS:C1";"C site | C sct |  Rempl C sct | Resp mat";"2026-06-11";"Jeudi";"19:00";"21:30";"Caserne C1";"C site";"";"";"SOURCE_CLASSEUR_2026";"classeur ligne 399";"RECONDUIT";"";"";"NON";"Référence source de 1 occurrence(s) 2027"
"2026";"QV26:L400";"070F23.400";"Séance chefs de section DPS";"F2/3";"DPS";"Séance";"070F23";"DPS:B1";"C site | C sct | Rempl C sct";"2026-06-11";"Jeudi";"19:00";"21:30";"Caserne B1";"C site";"";"";"SOURCE_CLASSEUR_2026";"classeur ligne 400";"RECONDUIT";"";"";"NON";"Référence source de 1 occurrence(s) 2027"
"2026";"QV26:L401";"070F23.401";"Séance chefs de section DPS C1 | B2";"F2/3";"DPS";"Séance";"070F23";"DPS:B2";"C site | C sct | Rempl C sct";"2026-06-11";"Jeudi";"19:00";"21:30";"Caserne B2";"C site";"";"";"SOURCE_CLASSEUR_2026";"classeur ligne 401";"RECONDUIT";"";"";"NON";"Référence source de 1 occurrence(s) 2027"
"2026";"QV26:L402";"0174F7DAP.402";"Reconnaissance DAP";"F7";"FOCA";"";"0174F7";"DAP:Y1";"C sct | Échelons I, II, III";"2026-06-11";"Jeudi";"19:00";"21:30";"Local Y1";"C op";"";"";"SOURCE_CLASSEUR_2026";"classeur ligne 402";"RECONDUIT";"";"";"NON";"Référence source de 1 occurrence(s) 2027"
"2026";"QV26:L403";"0174F7DAP.403";"Reconnaissance DAP";"F7";"FOCA";"";"0174F7";"DAP:Y3";"C sct | Échelons I, II, III";"2026-06-11";"Jeudi";"19:00";"21:30";"Local Y3";"C op";"";"";"SOURCE_CLASSEUR_2026";"classeur ligne 403";"RECONDUIT";"";"";"NON";"Référence source de 1 occurrence(s) 2027"
"2026";"QV26:L404";"0174F7DAP.404";"Reconnaissance DAP";"F7";"FOCA";"";"0174F7";"DAP:Y4";"C sct | Échelons I, II, III";"2026-06-11";"Jeudi";"19:00";"21:30";"Local Y4";"C op";"";"";"SOURCE_CLASSEUR_2026";"classeur ligne 404";"RECONDUIT";"";"";"NON";"Référence source de 1 occurrence(s) 2027"
"2026";"QV26:L405";"010JSP.405";"Soirée des présidents JSP";"F7";"JSP";"";"010JSP";"OI_NON_DOCUMENTE_2026";"C JSP | C site JSP | Resp for JSP";"2026-06-11";"Jeudi";"19:00";"23:00";"À définir";"C JSP";"";"";"SOURCE_CLASSEUR_2026";"classeur ligne 405";"RECONDUIT";"";"";"NON";"Référence source de 1 occurrence(s) 2027"
"2026";"QV26:L406";"SA11VD.261a";"Cours ECA SA11 - recyclage répondant de la formation antichute";"F2/3";"ECAFORM";"Cours";"";"OI_NON_DOCUMENTE_2026";"Sur convocation ECAFORM";"2026-06-12";"Vendredi";"07:30";"17:00";"Caserne G1";"C op";"";"";"SOURCE_CLASSEUR_2026";"classeur ligne 406";"HUMAN_REVIEW";"";"";"OUI";"Aucun lien sourceLine 2027 prouvé ; absence non présumée volontaire"
"2026";"QV26:L407";"0153F7BAT.407";"Formation pilote BAT 1";"F7";"AUTO";"Formation";"0153F7";"OI_NON_DOCUMENTE_2026";"Pilotes BAT permanent";"2026-06-12";"Vendredi";"08:00";"10:00";"Caserne G1";"Of auto";"";"";"SOURCE_CLASSEUR_2026";"classeur ligne 407";"RECONDUIT";"";"";"NON";"Référence source de 1 occurrence(s) 2027"
"2026";"QV26:L408";"0153F7BAT.408";"Formation pilote BAT 1";"F7";"AUTO";"Formation";"0153F7";"OI_NON_DOCUMENTE_2026";"Pilotes BAT permanent";"2026-06-12";"Vendredi";"10:00";"12:00";"Caserne G1";"Of auto";"";"";"SOURCE_CLASSEUR_2026";"classeur ligne 408";"RECONDUIT";"";"";"NON";"Référence source de 1 occurrence(s) 2027"
"2026";"QV26:L409";"0153F7BAT.409";"Formation pilote BAT 1";"F7";"AUTO";"Formation";"0153F7";"OI_NON_DOCUMENTE_2026";"Pilotes BAT permanent";"2026-06-12";"Vendredi";"14:00";"16:00";"Caserne G1";"Of auto";"";"";"SOURCE_CLASSEUR_2026";"classeur ligne 409";"RECONDUIT";"";"";"NON";"Référence source de 1 occurrence(s) 2027"
"2026";"QV26:L410";"010JSP.410";"Grillades des JSP Nord vaudois";"F1/8";"JSP";"";"010JSP";"OI_NON_DOCUMENTE_2026";"C JSP | C site JSP | Moniteurs JSP | JSP";"2026-06-12";"Vendredi";"18:00";"22:00";"Caserne G1";"C JSP";"";"";"SOURCE_CLASSEUR_2026";"classeur ligne 410";"RECONDUIT";"";"";"NON";"Référence source de 1 occurrence(s) 2027"
"2026";"QV26:L411";"0164F7ABC.411";"Instr demi-sct - ABC";"F7";"FOSPEC";"Instruction";"0164F7";"DPS:G1";"Section 3B | Réserve | Réguliers";"2026-06-13";"Samedi";"07:30";"10:30";"Caserne G1";"C sct";"";"";"SOURCE_CLASSEUR_2026";"classeur ligne 411";"RECONDUIT";"";"";"NON";"Référence source de 1 occurrence(s) 2027"
"2026";"QV26:L412";"010FOBA.412";"Exercice FOBA 4";"F7";"FOBA";"Exercice";"010FOBA";"OI_NON_DOCUMENTE_2026";"C FOBA | cadres FOBA | FOBA 1 | FOBA 2";"2026-06-13";"Samedi";"07:30";"17:30";"Place d'Armes";"C FOBA";"";"";"SOURCE_CLASSEUR_2026";"classeur ligne 412";"RECONDUIT";"";"";"NON";"Référence source de 1 occurrence(s) 2027"
"2026";"QV26:L413";"010JSP.413";"Exercice JSP Cadets 2 | FOBA 1";"F7";"JSP";"Exercice";"010JSP";"OI_NON_DOCUMENTE_2026";"Cadets JSP";"2026-06-13";"Samedi";"07:30";"17:30";"Place d'Armes";"Resp for JSP";"";"";"SOURCE_CLASSEUR_2026";"classeur ligne 413";"HUMAN_REVIEW";"";"";"OUI";"Aucun lien sourceLine 2027 prouvé ; absence non présumée volontaire"
"2026";"QV26:L414";"010JSP.414";"Formation CEMEA, module 3 | Prévention des abus sexuels";"F7";"JSP";"Formation";"010JSP";"OI_NON_DOCUMENTE_2026";"Moniteurs JSP selon convocation";"2026-06-13";"Samedi";"09:00";"12:00";"Caserne G1";"C for";"";"";"SOURCE_CLASSEUR_2026";"classeur ligne 414";"RECONDUIT";"";"";"NON";"Référence source de 1 occurrence(s) 2027"
"2026";"QV26:L415";"010JSP.415";"Formation CEMEA, module 4 | Responsabilité juridique";"F7";"JSP";"Formation";"010JSP";"OI_NON_DOCUMENTE_2026";"Moniteurs JSP selon convocation";"2026-06-13";"Samedi";"13:30";"16:30";"Caserne G1";"C for";"";"";"SOURCE_CLASSEUR_2026";"classeur ligne 415";"RECONDUIT";"";"";"NON";"Référence source de 1 occurrence(s) 2027"
"2026";"QV26:L416";"012G1PER.416";"Formation permanents | FOSPEC";"F7";"FOCO";"Formation";"012G1";"DPS:G1";"Permanent";"2026-06-15";"Lundi";"14:00";"17:00";"Caserne G1";"C for";"";"";"SOURCE_CLASSEUR_2026";"classeur ligne 416";"RECONDUIT";"";"";"NON";"Référence source de 1 occurrence(s) 2027"
"2026";"QV26:L417";"070F4.417";"Séance préposés APR";"F4";"PR";"Séance";"070F4";"OI_NON_DOCUMENTE_2026";"Resp APR | Préposés APR";"2026-06-15";"Lundi";"18:00";"20:30";"Caserne G1";"Resp APR";"";"";"SOURCE_CLASSEUR_2026";"classeur ligne 417";"RECONDUIT";"";"";"NON";"Référence source de 1 occurrence(s) 2027"
"2026";"QV26:L418";"0162F7OFSI.418";"Exercice OFSI・infrastructures CFF";"F7";"FOSPEC";"Exercice";"0162F7";"DPS:G1";"Personnel OFSI";"2026-06-15";"Lundi";"18:30";"21:00";"Caserne G1";"Resp OFSI";"";"";"SOURCE_CLASSEUR_2026";"classeur ligne 418";"RECONDUIT";"";"";"NON";"Référence source de 1 occurrence(s) 2027"
"2026";"QV26:L419";"0164F7ABC.419";"Instr sct - ABC";"F7";"FOSPEC";"Instruction";"0164F7";"DPS:G1";"Section 3 | Réserve | Réguliers";"2026-06-15";"Lundi";"18:30";"21:30";"Caserne G1";"C sct";"";"";"SOURCE_CLASSEUR_2026";"classeur ligne 419";"RECONDUIT";"";"";"NON";"Référence source de 1 occurrence(s) 2027"
"2026";"QV26:L420";"070F23.420";"Séance des chefs de section DAP";"F2/3";"DAP";"Séance";"070F23";"DPS:G1";"Cdt | QM | C for | C DAP | C sct";"2026-06-15";"Lundi";"19:00";"22:00";"Caserne G1";"C DAP";"";"";"SOURCE_CLASSEUR_2026";"classeur ligne 420";"RECONDUIT";"";"";"NON";"Référence source de 1 occurrence(s) 2027"
"2026";"QV26:L420";"070F23.420";"Séance des chefs de section DAP";"F2/3";"DAP";"Séance";"070F23";"DAP:Y1";"Cdt | QM | C for | C DAP | C sct";"2026-06-15";"Lundi";"19:00";"22:00";"Caserne G1";"C DAP";"";"";"SOURCE_CLASSEUR_2026";"classeur ligne 420";"RECONDUIT";"";"";"NON";"Référence source de 1 occurrence(s) 2027"
"2026";"QV26:L420";"070F23.420";"Séance des chefs de section DAP";"F2/3";"DAP";"Séance";"070F23";"DAP:Y2";"Cdt | QM | C for | C DAP | C sct";"2026-06-15";"Lundi";"19:00";"22:00";"Caserne G1";"C DAP";"";"";"SOURCE_CLASSEUR_2026";"classeur ligne 420";"RECONDUIT";"";"";"NON";"Référence source de 1 occurrence(s) 2027"
"2026";"QV26:L420";"070F23.420";"Séance des chefs de section DAP";"F2/3";"DAP";"Séance";"070F23";"DAP:Y3";"Cdt | QM | C for | C DAP | C sct";"2026-06-15";"Lundi";"19:00";"22:00";"Caserne G1";"C DAP";"";"";"SOURCE_CLASSEUR_2026";"classeur ligne 420";"RECONDUIT";"";"";"NON";"Référence source de 1 occurrence(s) 2027"
"2026";"QV26:L420";"070F23.420";"Séance des chefs de section DAP";"F2/3";"DAP";"Séance";"070F23";"DAP:Y4";"Cdt | QM | C for | C DAP | C sct";"2026-06-15";"Lundi";"19:00";"22:00";"Caserne G1";"C DAP";"";"";"SOURCE_CLASSEUR_2026";"classeur ligne 420";"RECONDUIT";"";"";"NON";"Référence source de 1 occurrence(s) 2027"
"2026";"QV26:L421";"0162F7.421";"Formation groupée 1.5 | DPS | OFSI | ABC";"F7";"AUTRES";"Formation";"0162F7";"DPS:G1";"DPS | OFSI | FOBA 2 | FOBA 3";"2026-06-16";"Mardi";"18:30";"22:00";"Caserne G1";"C for";"";"";"SOURCE_CLASSEUR_2026";"classeur ligne 421";"HUMAN_REVIEW";"";"";"OUI";"Aucun lien sourceLine 2027 prouvé ; absence non présumée volontaire"
"2026";"QV26:L421";"0162F7.421";"Formation groupée 1.5 | DPS | OFSI | ABC";"F7";"AUTRES";"Formation";"0162F7";"DPS:C1";"DPS | OFSI | FOBA 2 | FOBA 3";"2026-06-16";"Mardi";"18:30";"22:00";"Caserne G1";"C for";"";"";"SOURCE_CLASSEUR_2026";"classeur ligne 421";"HUMAN_REVIEW";"";"";"OUI";"Aucun lien sourceLine 2027 prouvé ; absence non présumée volontaire"
"2026";"QV26:L421";"0162F7.421";"Formation groupée 1.5 | DPS | OFSI | ABC";"F7";"AUTRES";"Formation";"0162F7";"DPS:B1";"DPS | OFSI | FOBA 2 | FOBA 3";"2026-06-16";"Mardi";"18:30";"22:00";"Caserne G1";"C for";"";"";"SOURCE_CLASSEUR_2026";"classeur ligne 421";"HUMAN_REVIEW";"";"";"OUI";"Aucun lien sourceLine 2027 prouvé ; absence non présumée volontaire"
"2026";"QV26:L421";"0162F7.421";"Formation groupée 1.5 | DPS | OFSI | ABC";"F7";"AUTRES";"Formation";"0162F7";"DPS:B2";"DPS | OFSI | FOBA 2 | FOBA 3";"2026-06-16";"Mardi";"18:30";"22:00";"Caserne G1";"C for";"";"";"SOURCE_CLASSEUR_2026";"classeur ligne 421";"HUMAN_REVIEW";"";"";"OUI";"Aucun lien sourceLine 2027 prouvé ; absence non présumée volontaire"
"2026";"QV26:L422";"0153F7BAT.422";"Formation pilote BAT 1 | Réserve";"F7";"AUTO";"Formation";"0153F7";"OI_NON_DOCUMENTE_2026";"Pilotes BAT permanent";"2026-06-17";"Mercredi";"08:00";"10:00";"Caserne G1";"Of auto";"";"";"SOURCE_CLASSEUR_2026";"classeur ligne 422";"RECONDUIT";"";"";"NON";"Référence source de 1 occurrence(s) 2027"
"2026";"QV26:L423";"0153F7BAT.423";"Formation pilote BAT 1 | Réserve";"F7";"AUTO";"Formation";"0153F7";"OI_NON_DOCUMENTE_2026";"Pilotes BAT permanent";"2026-06-17";"Mercredi";"10:00";"12:00";"Caserne G1";"Of auto";"";"";"SOURCE_CLASSEUR_2026";"classeur ligne 423";"RECONDUIT";"";"";"NON";"Référence source de 1 occurrence(s) 2027"
"2026";"QV26:L424";"0153F7BAT.424";"Formation pilote BAT 1 | Réserve";"F7";"AUTO";"Formation";"0153F7";"OI_NON_DOCUMENTE_2026";"Pilotes BAT permanent";"2026-06-17";"Mercredi";"14:00";"16:00";"Caserne G1";"Of auto";"";"";"SOURCE_CLASSEUR_2026";"classeur ligne 424";"RECONDUIT";"";"";"NON";"Référence source de 1 occurrence(s) 2027"
"2026";"QV26:L425";"PG0225.765ab";"Piste entraînement PAPR 2";"F7";"PR";"";"011PR";"OI_NON_DOCUMENTE_2026";"PAPR";"2026-06-17";"Mercredi";"17:00";"23:00";"La Rama";"C PR";"";"";"SOURCE_CLASSEUR_2026";"classeur ligne 425";"RECONDUIT";"";"";"NON";"Référence source de 1 occurrence(s) 2027"
"2026";"QV26:L426";"0171F7DPS.426";"Cursus CI DPS - module 3 | Activités de conduite";"F7";"FOCA";"";"0171F7";"DPS:G1";"Cdt | C for | Candidats échelon II OP '26 - '27";"2026-06-17";"Mercredi";"18:00";"21:00";"Caserne G1";"Cdt";"";"";"SOURCE_CLASSEUR_2026";"classeur ligne 426";"HUMAN_REVIEW";"";"";"OUI";"Aucun lien sourceLine 2027 prouvé ; absence non présumée volontaire"
"2026";"QV26:L426";"0171F7DPS.426";"Cursus CI DPS - module 3 | Activités de conduite";"F7";"FOCA";"";"0171F7";"DPS:C1";"Cdt | C for | Candidats échelon II OP '26 - '27";"2026-06-17";"Mercredi";"18:00";"21:00";"Caserne G1";"Cdt";"";"";"SOURCE_CLASSEUR_2026";"classeur ligne 426";"HUMAN_REVIEW";"";"";"OUI";"Aucun lien sourceLine 2027 prouvé ; absence non présumée volontaire"
"2026";"QV26:L426";"0171F7DPS.426";"Cursus CI DPS - module 3 | Activités de conduite";"F7";"FOCA";"";"0171F7";"DPS:B1";"Cdt | C for | Candidats échelon II OP '26 - '27";"2026-06-17";"Mercredi";"18:00";"21:00";"Caserne G1";"Cdt";"";"";"SOURCE_CLASSEUR_2026";"classeur ligne 426";"HUMAN_REVIEW";"";"";"OUI";"Aucun lien sourceLine 2027 prouvé ; absence non présumée volontaire"
"2026";"QV26:L426";"0171F7DPS.426";"Cursus CI DPS - module 3 | Activités de conduite";"F7";"FOCA";"";"0171F7";"DPS:B2";"Cdt | C for | Candidats échelon II OP '26 - '27";"2026-06-17";"Mercredi";"18:00";"21:00";"Caserne G1";"Cdt";"";"";"SOURCE_CLASSEUR_2026";"classeur ligne 426";"HUMAN_REVIEW";"";"";"OUI";"Aucun lien sourceLine 2027 prouvé ; absence non présumée volontaire"
"2026";"QV26:L427";"012C1DPS.427";"Exercice DPS-DAP 1";"F7";"FOCO";"Exercice";"012C1";"DPS:C1";"Section 2";"2026-06-17";"Mercredi";"19:00";"21:30";"Caserne C1";"C for";"";"";"SOURCE_CLASSEUR_2026";"classeur ligne 427";"RECONDUIT";"";"";"NON";"Référence source de 1 occurrence(s) 2027"
"2026";"QV26:L428";"013Y3DAP.428";"Exercice DPS-DAP 1";"F7";"FOCO";"Exercice";"013Y3";"DAP:Y3";"DAP Y3";"2026-06-17";"Mercredi";"19:00";"21:30";"Caserne C1";"C for";"";"";"SOURCE_CLASSEUR_2026";"classeur ligne 428";"RECONDUIT";"";"";"NON";"Référence source de 1 occurrence(s) 2027"
"2026";"QV26:L429";"070F7.429";"Séance commission d'instruction";"F7";"TOUS";"Séance";"070F7";"DPS:G1";"C for | C Domaines | Instr";"2026-06-18";"Jeudi";"16:00";"18:00";"Caserne G1";"C for";"";"";"SOURCE_CLASSEUR_2026";"classeur ligne 429";"RECONDUIT";"";"";"NON";"Référence source de 1 occurrence(s) 2027"
"2026";"QV26:L430";"01521F7PL.430";"Cursus TP9 - conduite libre";"F7";"AUTO";"";"01521F7";"OI_NON_DOCUMENTE_2026";"Formateur TP9 | Candidats cond TP9 '26";"2026-06-18";"Jeudi";"18:00";"21:00";"Caserne G1";"Of auto";"";"";"SOURCE_CLASSEUR_2026";"classeur ligne 430";"HUMAN_REVIEW";"";"";"OUI";"Aucun lien sourceLine 2027 prouvé ; absence non présumée volontaire"
"2026";"QV26:L431";"0154F7GRUE.431";"Formation grutier 1.2";"F7";"AUTO";"Formation";"0154F7";"OI_NON_DOCUMENTE_2026";"Grutiers A | Grutiers C selon convocation";"2026-06-18";"Jeudi";"18:00";"20:00";"Caserne G1";"Of auto";"";"";"SOURCE_CLASSEUR_2026";"classeur ligne 431";"RECONDUIT";"";"";"NON";"Référence source de 1 occurrence(s) 2027"
"2026";"QV26:L432";"010JB1.432";"Exercice JSP 6";"F7";"JSP";"Exercice";"010JB1";"OI_NON_DOCUMENTE_2026";"C site JSP | Moniteurs JSP | JSP";"2026-06-18";"Jeudi";"18:00";"20:00";"Caserne B1";"Resp for JSP";"";"";"SOURCE_CLASSEUR_2026";"classeur ligne 432";"RECONDUIT";"";"";"NON";"Référence source de 1 occurrence(s) 2027"
"2026";"QV26:L433";"0162F7.433";"Formation groupée 1.6 | DPS | OFSI | ABC";"F7";"AUTRES";"Formation";"0162F7";"DPS:G1";"DPS | OFSI | FOBA 2 | FOBA 3";"2026-06-18";"Jeudi";"18:30";"22:00";"Caserne G1";"C for";"";"";"SOURCE_CLASSEUR_2026";"classeur ligne 433";"HUMAN_REVIEW";"";"";"OUI";"Aucun lien sourceLine 2027 prouvé ; absence non présumée volontaire"
"2026";"QV26:L433";"0162F7.433";"Formation groupée 1.6 | DPS | OFSI | ABC";"F7";"AUTRES";"Formation";"0162F7";"DPS:C1";"DPS | OFSI | FOBA 2 | FOBA 3";"2026-06-18";"Jeudi";"18:30";"22:00";"Caserne G1";"C for";"";"";"SOURCE_CLASSEUR_2026";"classeur ligne 433";"HUMAN_REVIEW";"";"";"OUI";"Aucun lien sourceLine 2027 prouvé ; absence non présumée volontaire"
"2026";"QV26:L433";"0162F7.433";"Formation groupée 1.6 | DPS | OFSI | ABC";"F7";"AUTRES";"Formation";"0162F7";"DPS:B1";"DPS | OFSI | FOBA 2 | FOBA 3";"2026-06-18";"Jeudi";"18:30";"22:00";"Caserne G1";"C for";"";"";"SOURCE_CLASSEUR_2026";"classeur ligne 433";"HUMAN_REVIEW";"";"";"OUI";"Aucun lien sourceLine 2027 prouvé ; absence non présumée volontaire"
"2026";"QV26:L433";"0162F7.433";"Formation groupée 1.6 | DPS | OFSI | ABC";"F7";"AUTRES";"Formation";"0162F7";"DPS:B2";"DPS | OFSI | FOBA 2 | FOBA 3";"2026-06-18";"Jeudi";"18:30";"22:00";"Caserne G1";"C for";"";"";"SOURCE_CLASSEUR_2026";"classeur ligne 433";"HUMAN_REVIEW";"";"";"OUI";"Aucun lien sourceLine 2027 prouvé ; absence non présumée volontaire"
"2026";"QV26:L434";"013Y1DAP.434";"Exercice DAP 3";"F7";"FOCO";"Exercice";"013Y1";"DAP:Y1";"C sct | Échelon 0 à III | FOBA 2";"2026-06-18";"Jeudi";"19:00";"21:30";"Local Y1";"C sct";"";"";"SOURCE_CLASSEUR_2026";"classeur ligne 434";"RECONDUIT";"";"";"NON";"Référence source de 1 occurrence(s) 2027"
"2026";"QV26:L435";"0174F7DAP.435";"Reconnaissance DAP";"F7";"FOCA";"";"0174F7";"DAP:Y2";"C sct | Échelons I, II, III";"2026-06-18";"Jeudi";"19:00";"21:30";"Local Y2";"C op";"";"";"SOURCE_CLASSEUR_2026";"classeur ligne 435";"RECONDUIT";"";"";"NON";"Référence source de 1 occurrence(s) 2027"
"2026";"QV26:L436";"070F0.436";"Séance Codir + repas";"F0";"SDIS";"Séance";"070F0";"OI_NON_DOCUMENTE_2026";"Codir | Cdt";"2026-06-19";"Vendredi";"10:30";"12:00";"Caserne G1";"PrésidentE Codir";"";"";"SOURCE_CLASSEUR_2026";"classeur ligne 436";"RECONDUIT";"";"";"NON";"Référence source de 1 occurrence(s) 2027"
"2026";"QV26:L437";"";"Journée des familles";"F1/8";"DPS";"";"";"DPS:B2";"EM | DPS | Familles";"2026-06-19";"Vendredi";"19:00";"23:00";"Caserne B2";"C site";"";"";"SOURCE_CLASSEUR_2026";"classeur ligne 437";"RECONDUIT";"";"";"NON";"Référence source de 1 occurrence(s) 2027"
"2026";"QV26:L438";"01521F7PL.438";"Formation véhicule d'urgence | module REFRESH";"F7";"AUTO";"Formation";"01521F7";"OI_NON_DOCUMENTE_2026";"Of auto | Cond PL selon convocation";"2026-06-20";"Samedi";"07:00";"13:00";"Centre TCS";"Of auto";"";"";"SOURCE_CLASSEUR_2026";"classeur ligne 438";"RECONDUIT";"";"";"NON";"Référence source de 1 occurrence(s) 2027"
"2026";"QV26:L439";"0164F7ABC.439";"Instr demi-sct - ABC";"F7";"FOSPEC";"Instruction";"0164F7";"DPS:G1";"Section 2B | Réserve | Réguliers";"2026-06-20";"Samedi";"07:30";"10:30";"Caserne G1";"C sct";"";"";"SOURCE_CLASSEUR_2026";"classeur ligne 439";"RECONDUIT";"";"";"NON";"Référence source de 1 occurrence(s) 2027"
"2026";"QV26:L440";"012C1DPS.440";"Instr sct - VARIA";"F7";"FOCO";"Instruction";"012C1";"DPS:C1";"Section 1";"2026-06-20";"Samedi";"07:30";"10:30";"Caserne C1";"C sct";"";"";"SOURCE_CLASSEUR_2026";"classeur ligne 440";"RECONDUIT";"";"";"NON";"Référence source de 1 occurrence(s) 2027"
"2026";"QV26:L441";"012B1DPS.441";"Instr sct - VARIA";"F7";"FOCO";"Instruction";"012B1";"DPS:B1";"Section 1";"2026-06-20";"Samedi";"07:30";"10:30";"Caserne B1";"C sct";"";"";"SOURCE_CLASSEUR_2026";"classeur ligne 441";"RECONDUIT";"";"";"NON";"Référence source de 1 occurrence(s) 2027"
"2026";"QV26:L442";"012B2DPS.442";"Instr sct - VARIA";"F7";"FOCO";"Instruction";"012B2";"DPS:B2";"Section 1";"2026-06-20";"Samedi";"07:30";"10:30";"Caserne B2";"C sct";"";"";"SOURCE_CLASSEUR_2026";"classeur ligne 442";"RECONDUIT";"";"";"NON";"Référence source de 1 occurrence(s) 2027"
"2026";"QV26:L443";"";"Journée des familles";"F1/8";"DAP";"";"";"DAP:Y3";"EM | DAP | Familles";"2026-06-20";"Samedi";"08:00";"16:00";"Local Y3";"C sct";"";"";"SOURCE_CLASSEUR_2026";"classeur ligne 443";"RECONDUIT";"";"";"NON";"Référence source de 1 occurrence(s) 2027"
"2026";"QV26:L444";"010JSP.444";"Championnat suisses JSP";"F7";"JSP";"";"010JSP";"OI_NON_DOCUMENTE_2026";"C site JSP | Moniteurs JSP | JSP";"2026-06-20";"Samedi";"08:00";"18:00";"Caserne SDIS";"C JSP";"";"";"SOURCE_CLASSEUR_2026";"classeur ligne 444";"RECONDUIT";"";"";"NON";"Référence source de 1 occurrence(s) 2027"
"2026";"QV26:L445";"";"Journée des familles";"F1/8";"DPS";"";"";"DPS:G1";"EM | DPS | Familles";"2026-06-21";"Dimanche";"08:00";"17:00";"Caserne G1";"C site";"";"";"SOURCE_CLASSEUR_2026";"classeur ligne 445";"RECONDUIT";"";"";"NON";"Référence source de 1 occurrence(s) 2027"
"2026";"QV26:L446";"";"Journée des familles";"F1/8";"DAP";"";"";"DAP:Y1";"EM | DAP | Familles";"2026-06-21";"Dimanche";"08:00";"17:00";"Local Y1";"C sct";"";"";"SOURCE_CLASSEUR_2026";"classeur ligne 446";"RECONDUIT";"";"";"NON";"Référence source de 1 occurrence(s) 2027"
"2026";"QV26:L447";"010JSP.447";"Championnat suisses JSP";"F7";"JSP";"";"010JSP";"OI_NON_DOCUMENTE_2026";"C site JSP | Moniteurs JSP | JSP";"2026-06-21";"Dimanche";"08:00";"14:00";"Caserne SDIS";"C JSP";"";"";"SOURCE_CLASSEUR_2026";"classeur ligne 447";"RECONDUIT";"";"";"NON";"Référence source de 1 occurrence(s) 2027"
"2026";"QV26:L448";"0170F7.448";"Formation BIKABLO | Facilitation visuelle";"F7";"FOCA";"Formation";"0170F7";"OI_NON_DOCUMENTE_2026";"C for | selon convocation";"2026-06-22";"Lundi";"08:00";"17:00";"Caserne G1";"C for";"";"";"SOURCE_CLASSEUR_2026";"classeur ligne 448";"RECONDUIT";"";"";"NON";"Référence source de 1 occurrence(s) 2027"
"2026";"QV26:L449";"070F23.449";"Séance chefs de section DPS";"F2/3";"DPS";"Séance";"070F23";"DPS:G1";"C site | C sct | Rempl C sct";"2026-06-22";"Lundi";"18:00";"20:30";"Caserne G1";"C site";"";"";"SOURCE_CLASSEUR_2026";"classeur ligne 449";"RECONDUIT";"";"";"NON";"Référence source de 1 occurrence(s) 2027"
"2026";"QV26:L450";"0164F7ABC.450";"Instr sct - ABC";"F7";"FOSPEC";"Instruction";"0164F7";"DPS:G1";"Section 2 | Réserve | Réguliers";"2026-06-22";"Lundi";"18:30";"21:30";"Caserne G1";"C sct";"";"";"SOURCE_CLASSEUR_2026";"classeur ligne 450";"RECONDUIT";"";"";"NON";"Référence source de 1 occurrence(s) 2027"
"2026";"QV26:L451";"0170F7.451";"Formation BIKABLO | Facilitation visuelle";"F7";"FOCA";"Formation";"0170F7";"OI_NON_DOCUMENTE_2026";"C for | selon convocation";"2026-06-23";"Mardi";"08:00";"17:00";"Caserne G1";"C for";"";"";"SOURCE_CLASSEUR_2026";"classeur ligne 451";"RECONDUIT";"";"";"NON";"Référence source de 1 occurrence(s) 2027"
"2026";"QV26:L452";"0162F7OFSI.452";"Exercice OFSI・infrastructures CFF";"F7";"FOSPEC";"Exercice";"0162F7";"DPS:G1";"Personnel OFSI";"2026-06-23";"Mardi";"18:30";"21:00";"Caserne G1";"Resp OFSI";"";"";"SOURCE_CLASSEUR_2026";"classeur ligne 452";"RECONDUIT";"";"";"NON";"Référence source de 1 occurrence(s) 2027"
"2026";"QV26:L453";"010JSP.453";"Séance Direction JSP";"F7";"JSP";"Séance";"010JSP";"OI_NON_DOCUMENTE_2026";"C for | C JSP | C site JSP | Resp for JSP";"2026-06-23";"Mardi";"18:30";"20:30";"Caserne G1";"C JSP";"";"";"SOURCE_CLASSEUR_2026";"classeur ligne 453";"RECONDUIT";"";"";"NON";"Référence source de 1 occurrence(s) 2027"
"2026";"QV26:L454";"0120F7DPS.454";"Cours de cadres exercice DPS-DAP 2 - reconnaissance lieux";"F7";"FOCO";"Cours";"0120F7";"DPS:C1";"C for | C site | C sct | R C sct";"2026-06-23";"Mardi";"19:00";"22:00";"Caserne G1";"C for";"";"";"SOURCE_CLASSEUR_2026";"classeur ligne 454";"RECONDUIT";"";"";"NON";"Référence source de 1 occurrence(s) 2027"
"2026";"QV26:L454";"0120F7DPS.454";"Cours de cadres exercice DPS-DAP 2 - reconnaissance lieux";"F7";"FOCO";"Cours";"0120F7";"DPS:B1";"C for | C site | C sct | R C sct";"2026-06-23";"Mardi";"19:00";"22:00";"Caserne G1";"C for";"";"";"SOURCE_CLASSEUR_2026";"classeur ligne 454";"RECONDUIT";"";"";"NON";"Référence source de 1 occurrence(s) 2027"
"2026";"QV26:L454";"0120F7DPS.454";"Cours de cadres exercice DPS-DAP 2 - reconnaissance lieux";"F7";"FOCO";"Cours";"0120F7";"DPS:B2";"C for | C site | C sct | R C sct";"2026-06-23";"Mardi";"19:00";"22:00";"Caserne G1";"C for";"";"";"SOURCE_CLASSEUR_2026";"classeur ligne 454";"RECONDUIT";"";"";"NON";"Référence source de 1 occurrence(s) 2027"
"2026";"QV26:L455";"0130F7DAP.455";"Cours de cadres exercice DPS-DAP 2 - reconnaissance lieux";"F7";"FOCO";"Cours";"0130F7";"DAP:Y1";"C DAP | C sct";"2026-06-23";"Mardi";"19:00";"22:00";"Caserne G1";"C for";"";"";"SOURCE_CLASSEUR_2026";"classeur ligne 455";"RECONDUIT";"";"";"NON";"Référence source de 1 occurrence(s) 2027"
"2026";"QV26:L455";"0130F7DAP.455";"Cours de cadres exercice DPS-DAP 2 - reconnaissance lieux";"F7";"FOCO";"Cours";"0130F7";"DAP:Y2";"C DAP | C sct";"2026-06-23";"Mardi";"19:00";"22:00";"Caserne G1";"C for";"";"";"SOURCE_CLASSEUR_2026";"classeur ligne 455";"RECONDUIT";"";"";"NON";"Référence source de 1 occurrence(s) 2027"
"2026";"QV26:L455";"0130F7DAP.455";"Cours de cadres exercice DPS-DAP 2 - reconnaissance lieux";"F7";"FOCO";"Cours";"0130F7";"DAP:Y3";"C DAP | C sct";"2026-06-23";"Mardi";"19:00";"22:00";"Caserne G1";"C for";"";"";"SOURCE_CLASSEUR_2026";"classeur ligne 455";"RECONDUIT";"";"";"NON";"Référence source de 1 occurrence(s) 2027"
"2026";"QV26:L455";"0130F7DAP.455";"Cours de cadres exercice DPS-DAP 2 - reconnaissance lieux";"F7";"FOCO";"Cours";"0130F7";"DAP:Y4";"C DAP | C sct";"2026-06-23";"Mardi";"19:00";"22:00";"Caserne G1";"C for";"";"";"SOURCE_CLASSEUR_2026";"classeur ligne 455";"RECONDUIT";"";"";"NON";"Référence source de 1 occurrence(s) 2027"
"2026";"QV26:L456";"010FOBA.456";"Exercice FOBA 5";"F7";"FOBA";"Exercice";"010FOBA";"OI_NON_DOCUMENTE_2026";"C FOBA | cadres FOBA | FOBA 1 | FOBA 2";"2026-06-24";"Mercredi";"18:30";"21:30";"Caserne G1";"C FOBA";"";"";"SOURCE_CLASSEUR_2026";"classeur ligne 456";"RECONDUIT";"";"";"NON";"Référence source de 1 occurrence(s) 2027"
"2026";"QV26:L457";"0170F7.457";"Formation BIKABLO | Facilitation visuelle";"F7";"FOCA";"Formation";"0170F7";"OI_NON_DOCUMENTE_2026";"C for | selon convocation";"2026-06-25";"Jeudi";"08:00";"17:00";"Caserne G1";"C for";"";"";"SOURCE_CLASSEUR_2026";"classeur ligne 457";"RECONDUIT";"";"";"NON";"Référence source de 1 occurrence(s) 2027"
"2026";"QV26:L458";"0171F7DPS.458";"Cursus CI DPS - module 8 | Spécificités des interventions II";"F7";"FOCA";"";"0171F7";"DPS:G1";"Cdt | C for | Candidats échelon II OP '26 - '27";"2026-06-25";"Jeudi";"18:00";"21:00";"Caserne G1";"Cdt";"";"";"SOURCE_CLASSEUR_2026";"classeur ligne 458";"HUMAN_REVIEW";"";"";"OUI";"Aucun lien sourceLine 2027 prouvé ; absence non présumée volontaire"
"2026";"QV26:L458";"0171F7DPS.458";"Cursus CI DPS - module 8 | Spécificités des interventions II";"F7";"FOCA";"";"0171F7";"DPS:C1";"Cdt | C for | Candidats échelon II OP '26 - '27";"2026-06-25";"Jeudi";"18:00";"21:00";"Caserne G1";"Cdt";"";"";"SOURCE_CLASSEUR_2026";"classeur ligne 458";"HUMAN_REVIEW";"";"";"OUI";"Aucun lien sourceLine 2027 prouvé ; absence non présumée volontaire"
"2026";"QV26:L458";"0171F7DPS.458";"Cursus CI DPS - module 8 | Spécificités des interventions II";"F7";"FOCA";"";"0171F7";"DPS:B1";"Cdt | C for | Candidats échelon II OP '26 - '27";"2026-06-25";"Jeudi";"18:00";"21:00";"Caserne G1";"Cdt";"";"";"SOURCE_CLASSEUR_2026";"classeur ligne 458";"HUMAN_REVIEW";"";"";"OUI";"Aucun lien sourceLine 2027 prouvé ; absence non présumée volontaire"
"2026";"QV26:L458";"0171F7DPS.458";"Cursus CI DPS - module 8 | Spécificités des interventions II";"F7";"FOCA";"";"0171F7";"DPS:B2";"Cdt | C for | Candidats échelon II OP '26 - '27";"2026-06-25";"Jeudi";"18:00";"21:00";"Caserne G1";"Cdt";"";"";"SOURCE_CLASSEUR_2026";"classeur ligne 458";"HUMAN_REVIEW";"";"";"OUI";"Aucun lien sourceLine 2027 prouvé ; absence non présumée volontaire"
"2026";"QV26:L459";"040G1MAT.459";"Nettoyage annuel caserne";"F4";"DPS";"";"040G1";"DPS:G1";"Resp mat DPS | Préposés mat";"2026-06-25";"Jeudi";"18:00";"21:30";"Caserne G1";"C log";"";"";"SOURCE_CLASSEUR_2026";"classeur ligne 459";"RECONDUIT";"";"";"NON";"Référence source de 1 occurrence(s) 2027"
"2026";"QV26:L460";"040C1MAT.460";"Nettoyage annuel caserne";"F4";"DPS";"";"040C1";"DPS:C1";"Resp mat DPS | Préposés mat";"2026-06-25";"Jeudi";"18:00";"21:30";"Caserne C1";"C log";"";"";"SOURCE_CLASSEUR_2026";"classeur ligne 460";"RECONDUIT";"";"";"NON";"Référence source de 1 occurrence(s) 2027"
"2026";"QV26:L461";"010JSP.461";"Groupe de travail JSP";"F7";"JSP";"";"010JSP";"OI_NON_DOCUMENTE_2026";"C for | C JSP | Selon convocation";"2026-06-25";"Jeudi";"18:00";"21:00";"Caserne B1";"C JSP";"";"";"SOURCE_CLASSEUR_2026";"classeur ligne 461";"RECONDUIT";"";"";"NON";"Référence source de 1 occurrence(s) 2027"
"2026";"QV26:L462";"040B1MAT.462";"Nettoyage annuel caserne";"F4";"DPS";"";"040B1";"DPS:B1";"Resp mat DPS | Préposés mat";"2026-06-25";"Jeudi";"18:00";"21:30";"Caserne B1";"C log";"";"";"SOURCE_CLASSEUR_2026";"classeur ligne 462";"RECONDUIT";"";"";"NON";"Référence source de 1 occurrence(s) 2027"
"2026";"QV26:L463";"040B2MAT.463";"Nettoyage annuel caserne";"F4";"DPS";"";"040B2";"DPS:B2";"Resp mat DPS | Préposés mat";"2026-06-25";"Jeudi";"18:00";"21:30";"Caserne B2";"C log";"";"";"SOURCE_CLASSEUR_2026";"classeur ligne 463";"RECONDUIT";"";"";"NON";"Référence source de 1 occurrence(s) 2027"
"2026";"QV26:L464";"0170F7.464";"Formation BIKABLO | Facilitation visuelle";"F7";"FOCA";"Formation";"0170F7";"OI_NON_DOCUMENTE_2026";"C for | selon convocation";"2026-06-26";"Vendredi";"08:00";"17:00";"Caserne G1";"C for";"";"";"SOURCE_CLASSEUR_2026";"classeur ligne 464";"RECONDUIT";"";"";"NON";"Référence source de 1 occurrence(s) 2027"
"2026";"QV26:L465";"";"Repas du Permanent";"F1/8";"SDIS";"";"";"DPS:G1";"Permanent";"2026-06-26";"Vendredi";"19:00";"23:00";"À définir";"Cdt";"";"";"SOURCE_CLASSEUR_2026";"classeur ligne 465";"RECONDUIT";"";"";"NON";"Référence source de 1 occurrence(s) 2027"
"2026";"QV26:L466";"0164F7ABC.466";"Instr demi-sct - ABC";"F7";"FOSPEC";"Instruction";"0164F7";"DPS:G1";"Section 1B | Réserve | Réguliers";"2026-06-27";"Samedi";"07:30";"10:30";"Caserne G1";"C sct";"";"";"SOURCE_CLASSEUR_2026";"classeur ligne 466";"RECONDUIT";"";"";"NON";"Référence source de 1 occurrence(s) 2027"
"2026";"QV26:L467";"012C1DPS.467";"Instr sct - VARIA";"F7";"FOCO";"Instruction";"012C1";"DPS:C1";"Section 3";"2026-06-27";"Samedi";"07:30";"10:30";"Caserne C1";"C sct";"";"";"SOURCE_CLASSEUR_2026";"classeur ligne 467";"RECONDUIT";"";"";"NON";"Référence source de 1 occurrence(s) 2027"
"2026";"QV26:L468";"012B1DPS.468";"Instr sct - VARIA";"F7";"FOCO";"Instruction";"012B1";"DPS:B1";"Section 3";"2026-06-27";"Samedi";"07:30";"10:30";"Caserne B1";"C sct";"";"";"SOURCE_CLASSEUR_2026";"classeur ligne 468";"RECONDUIT";"";"";"NON";"Référence source de 1 occurrence(s) 2027"
"2026";"QV26:L469";"012B2DPS.469";"Instr sct - VARIA";"F7";"FOCO";"Instruction";"012B2";"DPS:B2";"Section 2";"2026-06-27";"Samedi";"07:30";"10:30";"Caserne B2";"C sct";"";"";"SOURCE_CLASSEUR_2026";"classeur ligne 469";"RECONDUIT";"";"";"NON";"Référence source de 1 occurrence(s) 2027"
"2026";"QV26:L470";"073F56.470";"Fête Eau Lac";"F5/6";"SIC";"";"073F56";"DPS:G1";"Sur convocation";"2026-06-28";"Dimanche";"10:00";"14:00";"Caserne G1";"C site";"";"";"SOURCE_CLASSEUR_2026";"classeur ligne 470";"RECONDUIT";"";"";"NON";"Référence source de 1 occurrence(s) 2027"
"2026";"QV26:L471";"073F56.471";"Fête Eau Lac";"F5/6";"SIC";"";"073F56";"DPS:G1";"Sur convocation";"2026-06-28";"Dimanche";"14:00";"18:00";"Caserne G1";"C site";"";"";"SOURCE_CLASSEUR_2026";"classeur ligne 471";"RECONDUIT";"";"";"NON";"Référence source de 1 occurrence(s) 2027"
"2026";"QV26:L472";"0164F7ABC.472";"Instr sct - ABC";"F7";"FOSPEC";"Instruction";"0164F7";"DPS:G1";"Section 1 | Réserve | Réguliers";"2026-06-29";"Lundi";"18:30";"21:30";"Caserne G1";"C sct";"";"";"SOURCE_CLASSEUR_2026";"classeur ligne 472";"RECONDUIT";"";"";"NON";"Référence source de 1 occurrence(s) 2027"
"2026";"QV26:L473";"070F1.473";"Table ouverte avec le Commandant";"F1/8";"";"";"070F1";"OI_NON_DOCUMENTE_2026";"Cdt";"2026-06-30";"Mardi";"17:00";"20:00";"Caserne G1";"Cdt";"";"";"SOURCE_CLASSEUR_2026";"classeur ligne 473";"RECONDUIT";"";"";"NON";"Référence source de 1 occurrence(s) 2027"
"2026";"QV26:L474";"011PR.474";"Sortie des formateurs PR";"F7";"PR";"";"011PR";"OI_NON_DOCUMENTE_2026";"C PR | Form PR";"2026-07-03";"Vendredi";"18:00";"23:00";"À définir";"C PR";"";"";"SOURCE_CLASSEUR_2026";"classeur ligne 474";"RECONDUIT";"";"";"NON";"Référence source de 1 occurrence(s) 2027"
"2026";"QV26:L475";"012G1DPS.475";"Instr demi-sct - VARIA";"F7";"FOCO";"Instruction";"012G1";"DPS:G1";"Section 5A | Réserve | Réguliers";"2026-07-04";"Samedi";"07:30";"10:30";"Caserne G1";"C sct";"";"";"SOURCE_CLASSEUR_2026";"classeur ligne 475";"RECONDUIT";"";"";"NON";"Référence source de 1 occurrence(s) 2027"
"2026";"QV26:L476";"012C1DPS.476";"Instr sct - VARIA";"F7";"FOCO";"Instruction";"012C1";"DPS:C1";"Section 2";"2026-07-04";"Samedi";"07:30";"10:30";"Caserne C1";"C sct";"";"";"SOURCE_CLASSEUR_2026";"classeur ligne 476";"RECONDUIT";"";"";"NON";"Référence source de 1 occurrence(s) 2027"
"2026";"QV26:L477";"012B1DPS.477";"Instr sct - VARIA";"F7";"FOCO";"Instruction";"012B1";"DPS:B1";"Section 2";"2026-07-04";"Samedi";"07:30";"10:30";"Caserne B1";"C sct";"";"";"SOURCE_CLASSEUR_2026";"classeur ligne 477";"RECONDUIT";"";"";"NON";"Référence source de 1 occurrence(s) 2027"
"2026";"QV26:L478";"0152F7PL/VL.478";"Conduite, formation continue";"F7";"AUTO";"Conduite";"0152F7";"DPS:G1";"Section 5A | Réserve | Réguliers";"2026-07-04";"Samedi";"10:30";"11:30";"Caserne G1";"C sct";"";"";"SOURCE_CLASSEUR_2026";"classeur ligne 478";"MODIFIÉ_VOLONTAIREMENT";"";"";"NON";"Cadence de conduite 2027 redéfinie par la MOA"
"2026";"QV26:L479";"012G1DPS.479";"Instr demi-sct - VARIA";"F7";"FOCO";"Instruction";"012G1";"DPS:G1";"Section 4A | Réserve | Réguliers";"2026-07-11";"Samedi";"07:30";"10:30";"Caserne G1";"C sct";"";"";"SOURCE_CLASSEUR_2026";"classeur ligne 479";"RECONDUIT";"";"";"NON";"Référence source de 1 occurrence(s) 2027"
"2026";"QV26:L480";"0152F7PL/VL.480";"Conduite, formation continue";"F7";"AUTO";"Conduite";"0152F7";"DPS:G1";"Section 4A | Réserve | Réguliers";"2026-07-11";"Samedi";"10:30";"11:30";"Caserne G1";"C sct";"";"";"SOURCE_CLASSEUR_2026";"classeur ligne 480";"MODIFIÉ_VOLONTAIREMENT";"";"";"NON";"Cadence de conduite 2027 redéfinie par la MOA"
"2026";"QV26:L481";"012G1DPS.481";"Instr demi-sct - VARIA";"F7";"FOCO";"Instruction";"012G1";"DPS:G1";"Section 3A | Réserve | Réguliers";"2026-07-18";"Samedi";"07:30";"10:30";"Caserne G1";"C sct";"";"";"SOURCE_CLASSEUR_2026";"classeur ligne 481";"RECONDUIT";"";"";"NON";"Référence source de 1 occurrence(s) 2027"
"2026";"QV26:L482";"0152F7PL/VL.482";"Conduite, formation continue";"F7";"AUTO";"Conduite";"0152F7";"DPS:G1";"Section 3A | Réserve | Réguliers";"2026-07-18";"Samedi";"10:30";"11:30";"Caserne G1";"C sct";"";"";"SOURCE_CLASSEUR_2026";"classeur ligne 482";"MODIFIÉ_VOLONTAIREMENT";"";"";"NON";"Cadence de conduite 2027 redéfinie par la MOA"
"2026";"QV26:L483";"012G1DPS.483";"Instr demi-sct - VARIA";"F7";"FOCO";"Instruction";"012G1";"DPS:G1";"Section 2A | Réserve | Réguliers";"2026-07-25";"Samedi";"07:30";"10:30";"Caserne G1";"C sct";"";"";"SOURCE_CLASSEUR_2026";"classeur ligne 483";"RECONDUIT";"";"";"NON";"Référence source de 1 occurrence(s) 2027"
"2026";"QV26:L484";"0152F7PL/VL.484";"Conduite, formation continue";"F7";"AUTO";"Conduite";"0152F7";"DPS:G1";"Section 2A | Réserve | Réguliers";"2026-07-25";"Samedi";"10:30";"11:30";"Caserne G1";"C sct";"";"";"SOURCE_CLASSEUR_2026";"classeur ligne 484";"MODIFIÉ_VOLONTAIREMENT";"";"";"NON";"Cadence de conduite 2027 redéfinie par la MOA"
"2026";"QV26:L485";"030C1.485";"Sécurité feu・Fête Nationale";"F2/3";"GARDE";"";"030C1";"DPS:C1";"Selon convocation";"2026-07-31";"Vendredi";"18:00";"23:00";"Caserne C1";"C site";"";"";"SOURCE_CLASSEUR_2026";"classeur ligne 485";"RECONDUIT";"";"";"NON";"Référence source de 1 occurrence(s) 2027"
"2026";"QV26:L486";"012G1DPS.486";"Instr demi-sct - VARIA";"F7";"FOCO";"Instruction";"012G1";"DPS:G1";"Section 1B | Réserve | Réguliers";"2026-08-01";"Samedi";"07:30";"10:30";"Caserne G1";"C sct";"";"";"SOURCE_CLASSEUR_2026";"classeur ligne 486";"RECONDUIT";"";"";"NON";"Référence source de 1 occurrence(s) 2027"
"2026";"QV26:L487";"071F3.487";"Tour de France Femmes '26";"F3";"OP";"";"071F3";"DPS:G1";"Selon convocation";"2026-08-01";"Samedi";"09:00";"18:00";"SDIS NV";"C op";"";"";"SOURCE_CLASSEUR_2026";"classeur ligne 487";"RECONDUIT";"";"";"NON";"Référence source de 1 occurrence(s) 2027"
"2026";"QV26:L487";"071F3.487";"Tour de France Femmes '26";"F3";"OP";"";"071F3";"DPS:C1";"Selon convocation";"2026-08-01";"Samedi";"09:00";"18:00";"SDIS NV";"C op";"";"";"SOURCE_CLASSEUR_2026";"classeur ligne 487";"RECONDUIT";"";"";"NON";"Référence source de 1 occurrence(s) 2027"
"2026";"QV26:L487";"071F3.487";"Tour de France Femmes '26";"F3";"OP";"";"071F3";"DPS:B1";"Selon convocation";"2026-08-01";"Samedi";"09:00";"18:00";"SDIS NV";"C op";"";"";"SOURCE_CLASSEUR_2026";"classeur ligne 487";"RECONDUIT";"";"";"NON";"Référence source de 1 occurrence(s) 2027"
"2026";"QV26:L487";"071F3.487";"Tour de France Femmes '26";"F3";"OP";"";"071F3";"DPS:B2";"Selon convocation";"2026-08-01";"Samedi";"09:00";"18:00";"SDIS NV";"C op";"";"";"SOURCE_CLASSEUR_2026";"classeur ligne 487";"RECONDUIT";"";"";"NON";"Référence source de 1 occurrence(s) 2027"
"2026";"QV26:L488";"0152F7PL/VL.488";"Conduite, formation continue";"F7";"AUTO";"Conduite";"0152F7";"DPS:G1";"Section 1B | Réserve | Réguliers";"2026-08-01";"Samedi";"10:30";"11:30";"Caserne G1";"C sct";"";"";"SOURCE_CLASSEUR_2026";"classeur ligne 488";"MODIFIÉ_VOLONTAIREMENT";"";"";"NON";"Cadence de conduite 2027 redéfinie par la MOA"
"2026";"QV26:L489";"013Y1DAP.489";"Cours de cadres exercice DAP 4";"F7";"FOCO";"Cours";"013Y1";"DAP:Y1";"C sct | Formateurs";"2026-08-06";"Jeudi";"19:00";"21:30";"Local Y1";"C sct";"";"";"SOURCE_CLASSEUR_2026";"classeur ligne 489";"RECONDUIT";"";"";"NON";"Référence source de 1 occurrence(s) 2027"
"2026";"QV26:L490";"013Y2DAP.490";"Cours de cadres exercice DAP 4";"F7";"FOCO";"Cours";"013Y2";"DAP:Y2";"C sct | Formateurs";"2026-08-06";"Jeudi";"19:00";"21:30";"Local Y2";"C sct";"";"";"SOURCE_CLASSEUR_2026";"classeur ligne 490";"RECONDUIT";"";"";"NON";"Référence source de 1 occurrence(s) 2027"
"2026";"QV26:L491";"012G1DPS.491";"Instr demi-sct - VARIA";"F7";"FOCO";"Instruction";"012G1";"DPS:G1";"Section 5B | Réserve | Réguliers";"2026-08-08";"Samedi";"07:30";"10:30";"Caserne G1";"C sct";"";"";"SOURCE_CLASSEUR_2026";"classeur ligne 491";"RECONDUIT";"";"";"NON";"Référence source de 1 occurrence(s) 2027"
"2026";"QV26:L492";"0152F7PL/VL.492";"Conduite, formation continue";"F7";"AUTO";"Conduite";"0152F7";"DPS:G1";"Section 5B | Réserve | Réguliers";"2026-08-08";"Samedi";"10:30";"11:30";"Caserne G1";"C sct";"";"";"SOURCE_CLASSEUR_2026";"classeur ligne 492";"MODIFIÉ_VOLONTAIREMENT";"";"";"NON";"Cadence de conduite 2027 redéfinie par la MOA"
"2026";"QV26:L493";"030C1.493";"Sécurité feu · Fête Médiévale";"F2/3";"GARDE";"";"030C1";"DPS:C1";"Selon convocation";"2026-08-08";"Samedi";"13:30";"18:30";"Caserne C1";"C site";"";"";"SOURCE_CLASSEUR_2026";"classeur ligne 493";"RECONDUIT";"";"";"NON";"Référence source de 1 occurrence(s) 2027"
"2026";"QV26:L494";"030C1.494";"Sécurité feu · Fête Médiévale";"F2/3";"GARDE";"";"030C1";"DPS:C1";"Selon convocation";"2026-08-08";"Samedi";"18:00";"23:00";"Caserne C1";"C site";"";"";"SOURCE_CLASSEUR_2026";"classeur ligne 494";"RECONDUIT";"";"";"NON";"Référence source de 1 occurrence(s) 2027"
"2026";"QV26:L495";"030C1.495";"Sécurité feu · Fête Médiévale";"F2/3";"GARDE";"";"030C1";"DPS:C1";"Selon convocation";"2026-08-09";"Dimanche";"09:00";"13:30";"Caserne C1";"C site";"";"";"SOURCE_CLASSEUR_2026";"classeur ligne 495";"RECONDUIT";"";"";"NON";"Référence source de 1 occurrence(s) 2027"
"2026";"QV26:L496";"030C1.496";"Sécurité feu · Fête Médiévale";"F2/3";"GARDE";"";"030C1";"DPS:C1";"Selon convocation";"2026-08-09";"Dimanche";"13:00";"17:00";"Caserne C1";"C site";"";"";"SOURCE_CLASSEUR_2026";"classeur ligne 496";"RECONDUIT";"";"";"NON";"Référence source de 1 occurrence(s) 2027"
"2026";"QV26:L497";"012G1DPS.497";"Instr sct - VARIA";"F7";"FOCO";"Instruction";"012G1";"DPS:G1";"Section 5 | Réserve | Réguliers";"2026-08-10";"Lundi";"18:30";"21:30";"Caserne G1";"C sct";"";"";"SOURCE_CLASSEUR_2026";"classeur ligne 497";"RECONDUIT";"";"";"NON";"Référence source de 1 occurrence(s) 2027"
"2026";"QV26:L498";"070F1DAP.498";"Séance cadres";"F1/8";"DAP";"Séance";"070F1";"DAP:Y2";"C sct | Échelons II, III";"2026-08-11";"Mardi";"19:00";"21:30";"Local Y2";"C Sct";"";"";"SOURCE_CLASSEUR_2026";"classeur ligne 498";"RECONDUIT";"";"";"NON";"Référence source de 1 occurrence(s) 2027"
"2026";"QV26:L499";"";"8 km du SDIS";"F2/3";"";"";"";"DPS:G1";"Tous";"2026-08-14";"Vendredi";"18:30";"23:00";"Caserne C1";"Resp Sports";"";"";"SOURCE_CLASSEUR_2026";"classeur ligne 499";"RECONDUIT";"";"";"NON";"Référence source de 1 occurrence(s) 2027"
"2026";"QV26:L499";"";"8 km du SDIS";"F2/3";"";"";"";"DPS:C1";"Tous";"2026-08-14";"Vendredi";"18:30";"23:00";"Caserne C1";"Resp Sports";"";"";"SOURCE_CLASSEUR_2026";"classeur ligne 499";"RECONDUIT";"";"";"NON";"Référence source de 1 occurrence(s) 2027"
"2026";"QV26:L499";"";"8 km du SDIS";"F2/3";"";"";"";"DPS:B1";"Tous";"2026-08-14";"Vendredi";"18:30";"23:00";"Caserne C1";"Resp Sports";"";"";"SOURCE_CLASSEUR_2026";"classeur ligne 499";"RECONDUIT";"";"";"NON";"Référence source de 1 occurrence(s) 2027"
"2026";"QV26:L499";"";"8 km du SDIS";"F2/3";"";"";"";"DPS:B2";"Tous";"2026-08-14";"Vendredi";"18:30";"23:00";"Caserne C1";"Resp Sports";"";"";"SOURCE_CLASSEUR_2026";"classeur ligne 499";"RECONDUIT";"";"";"NON";"Référence source de 1 occurrence(s) 2027"
"2026";"QV26:L499";"";"8 km du SDIS";"F2/3";"";"";"";"DAP:Y1";"Tous";"2026-08-14";"Vendredi";"18:30";"23:00";"Caserne C1";"Resp Sports";"";"";"SOURCE_CLASSEUR_2026";"classeur ligne 499";"RECONDUIT";"";"";"NON";"Référence source de 1 occurrence(s) 2027"
"2026";"QV26:L499";"";"8 km du SDIS";"F2/3";"";"";"";"DAP:Y2";"Tous";"2026-08-14";"Vendredi";"18:30";"23:00";"Caserne C1";"Resp Sports";"";"";"SOURCE_CLASSEUR_2026";"classeur ligne 499";"RECONDUIT";"";"";"NON";"Référence source de 1 occurrence(s) 2027"
"2026";"QV26:L499";"";"8 km du SDIS";"F2/3";"";"";"";"DAP:Y3";"Tous";"2026-08-14";"Vendredi";"18:30";"23:00";"Caserne C1";"Resp Sports";"";"";"SOURCE_CLASSEUR_2026";"classeur ligne 499";"RECONDUIT";"";"";"NON";"Référence source de 1 occurrence(s) 2027"
"2026";"QV26:L499";"";"8 km du SDIS";"F2/3";"";"";"";"DAP:Y4";"Tous";"2026-08-14";"Vendredi";"18:30";"23:00";"Caserne C1";"Resp Sports";"";"";"SOURCE_CLASSEUR_2026";"classeur ligne 499";"RECONDUIT";"";"";"NON";"Référence source de 1 occurrence(s) 2027"
"2026";"QV26:L500";"012G1DPS.500";"Instr demi-sct - VARIA";"F7";"FOCO";"Instruction";"012G1";"DPS:G1";"Section 4B | Réserve | Réguliers";"2026-08-15";"Samedi";"07:30";"10:30";"Caserne G1";"C sct";"";"";"SOURCE_CLASSEUR_2026";"classeur ligne 500";"RECONDUIT";"";"";"NON";"Référence source de 1 occurrence(s) 2027"
"2026";"QV26:L501";"0152F7PL/VL.501";"Conduite, formation continue";"F7";"AUTO";"Conduite";"0152F7";"DPS:G1";"Section 4B | Réserve | Réguliers";"2026-08-15";"Samedi";"10:30";"11:30";"Caserne G1";"C sct";"";"";"SOURCE_CLASSEUR_2026";"classeur ligne 501";"MODIFIÉ_VOLONTAIREMENT";"";"";"NON";"Cadence de conduite 2027 redéfinie par la MOA"
"2026";"QV26:L502";"";"Journée des familles";"F1/8";"DPS";"";"";"DPS:C1";"EM | DPS | Familles";"2026-08-15";"Samedi";"12:00";"16:00";"Caserne C1";"C site";"";"";"SOURCE_CLASSEUR_2026";"classeur ligne 502";"RECONDUIT";"";"";"NON";"Référence source de 1 occurrence(s) 2027"
"2026";"QV26:L503";"012G1DPS.503";"Instr sct - VARIA";"F7";"FOCO";"Instruction";"012G1";"DPS:G1";"Section 4 | Réserve | Réguliers";"2026-08-17";"Lundi";"18:30";"21:30";"Caserne G1";"C sct";"";"";"SOURCE_CLASSEUR_2026";"classeur ligne 503";"RECONDUIT";"";"";"NON";"Référence source de 1 occurrence(s) 2027"
"2026";"QV26:L504";"01522F7VL.504";"Cursus cond VL - module 3.1 | remorques";"F7";"AUTO";"";"01522F7";"OI_NON_DOCUMENTE_2026";"Moniteurs conduite DPS et DAP | Cond VL N '26";"2026-08-18";"Mardi";"18:00";"21:00";"Caserne G1";"Of auto";"";"";"SOURCE_CLASSEUR_2026";"classeur ligne 504";"HUMAN_REVIEW";"";"";"OUI";"Aucun lien sourceLine 2027 prouvé ; absence non présumée volontaire"
"2026";"QV26:L505";"EMSEA.505";"Séance EM";"F0";"SDIS";"Séance";"EMSEA";"OI_NON_DOCUMENTE_2026";"EM";"2026-08-18";"Mardi";"18:00";"21:00";"Caserne G1";"Cdt";"";"";"SOURCE_CLASSEUR_2026";"classeur ligne 505";"RECONDUIT";"";"";"NON";"Référence source de 1 occurrence(s) 2027"
"2026";"QV26:L506";"0151F7EA.506";"Cours de cadres Formateurs MEA 2";"F7";"AUTO";"Cours";"0151F7";"OI_NON_DOCUMENTE_2026";"Of auto | Formateurs EA";"2026-08-19";"Mercredi";"17:30";"20:00";"Caserne G1";"Of auto";"";"";"SOURCE_CLASSEUR_2026";"classeur ligne 506";"RECONDUIT";"";"";"NON";"Référence source de 1 occurrence(s) 2027"
"2026";"QV26:L507";"0170F7.507";"Cursus c groupe - module 2 | Méthodologie didactique";"F7";"FOCA";"";"0170F7";"DPS:G1";"Cdt | C for | Instr | Échelon I N '26";"2026-08-19";"Mercredi";"18:00";"21:00";"Caserne G1";"Cdt";"";"";"SOURCE_CLASSEUR_2026";"classeur ligne 507";"HUMAN_REVIEW";"";"";"OUI";"Aucun lien sourceLine 2027 prouvé ; absence non présumée volontaire"
"2026";"QV26:L507";"0170F7.507";"Cursus c groupe - module 2 | Méthodologie didactique";"F7";"FOCA";"";"0170F7";"DPS:C1";"Cdt | C for | Instr | Échelon I N '26";"2026-08-19";"Mercredi";"18:00";"21:00";"Caserne G1";"Cdt";"";"";"SOURCE_CLASSEUR_2026";"classeur ligne 507";"HUMAN_REVIEW";"";"";"OUI";"Aucun lien sourceLine 2027 prouvé ; absence non présumée volontaire"
"2026";"QV26:L507";"0170F7.507";"Cursus c groupe - module 2 | Méthodologie didactique";"F7";"FOCA";"";"0170F7";"DPS:B1";"Cdt | C for | Instr | Échelon I N '26";"2026-08-19";"Mercredi";"18:00";"21:00";"Caserne G1";"Cdt";"";"";"SOURCE_CLASSEUR_2026";"classeur ligne 507";"HUMAN_REVIEW";"";"";"OUI";"Aucun lien sourceLine 2027 prouvé ; absence non présumée volontaire"
"2026";"QV26:L507";"0170F7.507";"Cursus c groupe - module 2 | Méthodologie didactique";"F7";"FOCA";"";"0170F7";"DPS:B2";"Cdt | C for | Instr | Échelon I N '26";"2026-08-19";"Mercredi";"18:00";"21:00";"Caserne G1";"Cdt";"";"";"SOURCE_CLASSEUR_2026";"classeur ligne 507";"HUMAN_REVIEW";"";"";"OUI";"Aucun lien sourceLine 2027 prouvé ; absence non présumée volontaire"
"2026";"QV26:L507";"0170F7.507";"Cursus c groupe - module 2 | Méthodologie didactique";"F7";"FOCA";"";"0170F7";"DAP:Y1";"Cdt | C for | Instr | Échelon I N '26";"2026-08-19";"Mercredi";"18:00";"21:00";"Caserne G1";"Cdt";"";"";"SOURCE_CLASSEUR_2026";"classeur ligne 507";"HUMAN_REVIEW";"";"";"OUI";"Aucun lien sourceLine 2027 prouvé ; absence non présumée volontaire"
"2026";"QV26:L507";"0170F7.507";"Cursus c groupe - module 2 | Méthodologie didactique";"F7";"FOCA";"";"0170F7";"DAP:Y2";"Cdt | C for | Instr | Échelon I N '26";"2026-08-19";"Mercredi";"18:00";"21:00";"Caserne G1";"Cdt";"";"";"SOURCE_CLASSEUR_2026";"classeur ligne 507";"HUMAN_REVIEW";"";"";"OUI";"Aucun lien sourceLine 2027 prouvé ; absence non présumée volontaire"
"2026";"QV26:L507";"0170F7.507";"Cursus c groupe - module 2 | Méthodologie didactique";"F7";"FOCA";"";"0170F7";"DAP:Y3";"Cdt | C for | Instr | Échelon I N '26";"2026-08-19";"Mercredi";"18:00";"21:00";"Caserne G1";"Cdt";"";"";"SOURCE_CLASSEUR_2026";"classeur ligne 507";"HUMAN_REVIEW";"";"";"OUI";"Aucun lien sourceLine 2027 prouvé ; absence non présumée volontaire"
"2026";"QV26:L507";"0170F7.507";"Cursus c groupe - module 2 | Méthodologie didactique";"F7";"FOCA";"";"0170F7";"DAP:Y4";"Cdt | C for | Instr | Échelon I N '26";"2026-08-19";"Mercredi";"18:00";"21:00";"Caserne G1";"Cdt";"";"";"SOURCE_CLASSEUR_2026";"classeur ligne 507";"HUMAN_REVIEW";"";"";"OUI";"Aucun lien sourceLine 2027 prouvé ; absence non présumée volontaire"
"2026";"QV26:L508";"070F56.508";"Séance communication F5/6";"F5/6";"SIC";"Séance";"070F56";"DPS:G1";"Membres communication";"2026-08-19";"Mercredi";"18:00";"20:00";"Caserne G1";"Of spéc";"";"";"SOURCE_CLASSEUR_2026";"classeur ligne 508";"RECONDUIT";"";"";"NON";"Référence source de 1 occurrence(s) 2027"
"2026";"QV26:L508";"070F56.508";"Séance communication F5/6";"F5/6";"SIC";"Séance";"070F56";"DAP:Y1";"Membres communication";"2026-08-19";"Mercredi";"18:00";"20:00";"Caserne G1";"Of spéc";"";"";"SOURCE_CLASSEUR_2026";"classeur ligne 508";"RECONDUIT";"";"";"NON";"Référence source de 1 occurrence(s) 2027"
"2026";"QV26:L509";"012C1DPS.509";"Cours de cadres exercice DPS 2";"F7";"FOCO";"Cours";"012C1";"DPS:C1";"C site | Selon convocation";"2026-08-19";"Mercredi";"19:00";"21:30";"Caserne C1";"C site";"";"";"SOURCE_CLASSEUR_2026";"classeur ligne 509";"RECONDUIT";"";"";"NON";"Référence source de 1 occurrence(s) 2027"
"2026";"QV26:L510";"012B1DPS.510";"Cours de cadres exercice DPS 2";"F7";"FOCO";"Cours";"012B1";"DPS:B1";"C site | Selon convocation";"2026-08-19";"Mercredi";"19:00";"21:30";"Caserne B1";"C site";"";"";"SOURCE_CLASSEUR_2026";"classeur ligne 510";"RECONDUIT";"";"";"NON";"Référence source de 1 occurrence(s) 2027"
"2026";"QV26:L511";"012B2DPS.511";"Cours de cadres exercice DPS 2";"F7";"FOCO";"Cours";"012B2";"DPS:B2";"C site | Selon convocation";"2026-08-19";"Mercredi";"19:00";"21:30";"Caserne B2";"C site";"";"";"SOURCE_CLASSEUR_2026";"classeur ligne 511";"RECONDUIT";"";"";"NON";"Référence source de 1 occurrence(s) 2027"
"2026";"QV26:L512";"01522F7VL.512";"Cours de cadres exercice CAR";"F7";"AUTO";"Cours";"01522F7";"OI_NON_DOCUMENTE_2026";"Moniteurs conduite DPS";"2026-08-20";"Jeudi";"18:30";"21:00";"Caserne G1";"Of auto";"";"";"SOURCE_CLASSEUR_2026";"classeur ligne 512";"RECONDUIT";"";"";"NON";"Référence source de 1 occurrence(s) 2027"
"2026";"QV26:L513";"011PR.513";"Exercice PR 3.1 | Highway to hell";"F7";"PR";"Exercice";"011PR";"OI_NON_DOCUMENTE_2026";"PAPR";"2026-08-20";"Jeudi";"18:30";"21:30";"Caserne G1";"C PR";"";"";"SOURCE_CLASSEUR_2026";"classeur ligne 513";"RECONDUIT";"";"";"NON";"Référence source de 1 occurrence(s) 2027"
"2026";"QV26:L514";"010JSP.514";"Séance Direction JSP";"F7";"JSP";"Séance";"010JSP";"OI_NON_DOCUMENTE_2026";"C for | C JSP | C site JSP | Resp for JSP";"2026-08-20";"Jeudi";"18:30";"20:30";"Caserne G1";"C JSP";"";"";"SOURCE_CLASSEUR_2026";"classeur ligne 514";"RECONDUIT";"";"";"NON";"Référence source de 1 occurrence(s) 2027"
"2026";"QV26:L515";"0171F7.515";"Formation relation avec la presse";"F7";"FOCA";"Formation";"0171F7";"DPS:G1";"OSR | Personnel communiquant";"2026-08-21";"Vendredi";"08:00";"17:00";"Caserne G1";"Cdt";"";"";"SOURCE_CLASSEUR_2026";"classeur ligne 515";"RECONDUIT";"";"";"NON";"Référence source de 1 occurrence(s) 2027"
"2026";"QV26:L516";"012G1DPS.516";"Instr demi-sct - VARIA";"F7";"FOCO";"Instruction";"012G1";"DPS:G1";"Section 3B | Réserve | Réguliers";"2026-08-22";"Samedi";"07:30";"10:30";"Caserne G1";"C sct";"";"";"SOURCE_CLASSEUR_2026";"classeur ligne 516";"RECONDUIT";"";"";"NON";"Référence source de 1 occurrence(s) 2027"
"2026";"QV26:L517";"012C1DPS.517";"Instr demi-sct - FEU";"F7";"FOCO";"Instruction";"012C1";"DPS:C1";"Section 1B | Perm B2";"2026-08-22";"Samedi";"07:30";"10:30";"Caserne C1";"C sct";"";"";"SOURCE_CLASSEUR_2026";"classeur ligne 517";"RECONDUIT";"";"";"NON";"Référence source de 1 occurrence(s) 2027"
"2026";"QV26:L518";"012B2DPS.518";"Instr demi-sct - FEU";"F7";"FOCO";"Instruction";"012B2";"DPS:B2";"Perm B2";"2026-08-22";"Samedi";"07:30";"10:30";"Caserne C1";"C sct";"";"";"SOURCE_CLASSEUR_2026";"classeur ligne 518";"RECONDUIT";"";"";"NON";"Référence source de 1 occurrence(s) 2027"
"2026";"QV26:L519";"012B1DPS.519";"Instr demi-sct - FEU";"F7";"FOCO";"Instruction";"012B1";"DPS:B1";"Section 1B";"2026-08-22";"Samedi";"07:30";"10:30";"Caserne B1";"C sct";"";"";"SOURCE_CLASSEUR_2026";"classeur ligne 519";"RECONDUIT";"";"";"NON";"Référence source de 1 occurrence(s) 2027"
"2026";"QV26:L520";"0152F7PL/VL.520";"Conduite, formation continue";"F7";"AUTO";"Conduite";"0152F7";"DPS:G1";"Section 3B | Réserve | Réguliers";"2026-08-22";"Samedi";"10:30";"11:30";"Caserne G1";"C sct";"";"";"SOURCE_CLASSEUR_2026";"classeur ligne 520";"MODIFIÉ_VOLONTAIREMENT";"";"";"NON";"Cadence de conduite 2027 redéfinie par la MOA"
"2026";"QV26:L521";"0152F7PL/VL.521";"Conduite, formation continue";"F7";"AUTO";"Conduite";"0152F7";"DPS:C1";"Section 1B | Perm B2";"2026-08-22";"Samedi";"10:30";"11:30";"Caserne C1";"C sct";"";"";"SOURCE_CLASSEUR_2026";"classeur ligne 521";"MODIFIÉ_VOLONTAIREMENT";"";"";"NON";"Cadence de conduite 2027 redéfinie par la MOA"
"2026";"QV26:L522";"0152F7PL/VL.522";"Conduite, formation continue";"F7";"AUTO";"Conduite";"0152F7";"DPS:B1";"Section 1B";"2026-08-22";"Samedi";"10:30";"11:30";"Caserne B1";"C sct";"";"";"SOURCE_CLASSEUR_2026";"classeur ligne 522";"MODIFIÉ_VOLONTAIREMENT";"";"";"NON";"Cadence de conduite 2027 redéfinie par la MOA"
"2026";"QV26:L523";"0152F7PL/VL.523";"Conduite, formation continue";"F7";"AUTO";"Conduite";"0152F7";"DPS:B2";"Perm B2";"2026-08-22";"Samedi";"10:30";"11:30";"Caserne B2";"C sct";"";"";"SOURCE_CLASSEUR_2026";"classeur ligne 523";"MODIFIÉ_VOLONTAIREMENT";"";"";"NON";"Cadence de conduite 2027 redéfinie par la MOA"
"2026";"QV26:L524";"012G1PER.524";"Formation permanents | POL FEU";"F7";"FOCO";"Formation";"012G1";"DPS:G1";"Permanent";"2026-08-24";"Lundi";"14:00";"17:00";"Caserne G1";"C for";"";"";"SOURCE_CLASSEUR_2026";"classeur ligne 524";"RECONDUIT";"";"";"NON";"Référence source de 1 occurrence(s) 2027"
"2026";"QV26:L525";"070F23.525";"Séance de préparation Téléthon";"F2/3";"SDIS";"Séance";"070F23";"DPS:G1";"Resp Téléthon DPS, DAP et JSP";"2026-08-24";"Lundi";"18:00";"20:00";"Caserne G1";"QM";"";"";"SOURCE_CLASSEUR_2026";"classeur ligne 525";"RECONDUIT";"";"";"NON";"Référence source de 1 occurrence(s) 2027"
"2026";"QV26:L525";"070F23.525";"Séance de préparation Téléthon";"F2/3";"SDIS";"Séance";"070F23";"DPS:C1";"Resp Téléthon DPS, DAP et JSP";"2026-08-24";"Lundi";"18:00";"20:00";"Caserne G1";"QM";"";"";"SOURCE_CLASSEUR_2026";"classeur ligne 525";"RECONDUIT";"";"";"NON";"Référence source de 1 occurrence(s) 2027"
"2026";"QV26:L525";"070F23.525";"Séance de préparation Téléthon";"F2/3";"SDIS";"Séance";"070F23";"DPS:B1";"Resp Téléthon DPS, DAP et JSP";"2026-08-24";"Lundi";"18:00";"20:00";"Caserne G1";"QM";"";"";"SOURCE_CLASSEUR_2026";"classeur ligne 525";"RECONDUIT";"";"";"NON";"Référence source de 1 occurrence(s) 2027"
"2026";"QV26:L525";"070F23.525";"Séance de préparation Téléthon";"F2/3";"SDIS";"Séance";"070F23";"DPS:B2";"Resp Téléthon DPS, DAP et JSP";"2026-08-24";"Lundi";"18:00";"20:00";"Caserne G1";"QM";"";"";"SOURCE_CLASSEUR_2026";"classeur ligne 525";"RECONDUIT";"";"";"NON";"Référence source de 1 occurrence(s) 2027"
"2026";"QV26:L525";"070F23.525";"Séance de préparation Téléthon";"F2/3";"SDIS";"Séance";"070F23";"DAP:Y1";"Resp Téléthon DPS, DAP et JSP";"2026-08-24";"Lundi";"18:00";"20:00";"Caserne G1";"QM";"";"";"SOURCE_CLASSEUR_2026";"classeur ligne 525";"RECONDUIT";"";"";"NON";"Référence source de 1 occurrence(s) 2027"
"2026";"QV26:L525";"070F23.525";"Séance de préparation Téléthon";"F2/3";"SDIS";"Séance";"070F23";"DAP:Y2";"Resp Téléthon DPS, DAP et JSP";"2026-08-24";"Lundi";"18:00";"20:00";"Caserne G1";"QM";"";"";"SOURCE_CLASSEUR_2026";"classeur ligne 525";"RECONDUIT";"";"";"NON";"Référence source de 1 occurrence(s) 2027"
"2026";"QV26:L525";"070F23.525";"Séance de préparation Téléthon";"F2/3";"SDIS";"Séance";"070F23";"DAP:Y3";"Resp Téléthon DPS, DAP et JSP";"2026-08-24";"Lundi";"18:00";"20:00";"Caserne G1";"QM";"";"";"SOURCE_CLASSEUR_2026";"classeur ligne 525";"RECONDUIT";"";"";"NON";"Référence source de 1 occurrence(s) 2027"
"2026";"QV26:L525";"070F23.525";"Séance de préparation Téléthon";"F2/3";"SDIS";"Séance";"070F23";"DAP:Y4";"Resp Téléthon DPS, DAP et JSP";"2026-08-24";"Lundi";"18:00";"20:00";"Caserne G1";"QM";"";"";"SOURCE_CLASSEUR_2026";"classeur ligne 525";"RECONDUIT";"";"";"NON";"Référence source de 1 occurrence(s) 2027"
"2026";"QV26:L526";"012G1DPS.526";"Instr sct - VARIA";"F7";"FOCO";"Instruction";"012G1";"DPS:G1";"Section 3 | Réserve | Réguliers";"2026-08-24";"Lundi";"18:30";"21:30";"Caserne G1";"C sct";"";"";"SOURCE_CLASSEUR_2026";"classeur ligne 526";"RECONDUIT";"";"";"NON";"Référence source de 1 occurrence(s) 2027"
"2026";"QV26:L527";"0153F7BAT.527";"Cours de cadres formation pilote BAT 2";"F7";"AUTO";"Cours";"0153F7";"OI_NON_DOCUMENTE_2026";"Of auto | Formateurs pilotes BAT";"2026-08-25";"Mardi";"14:00";"16:00";"Caserne G1";"Of auto";"";"";"SOURCE_CLASSEUR_2026";"classeur ligne 527";"RECONDUIT";"";"";"NON";"Référence source de 1 occurrence(s) 2027"
"2026";"QV26:L528";"0171F7DPS.528";"Cursus CI DPS - cours de cadres pour évaluateurs";"F7";"FOCA";"";"0171F7";"DPS:G1";"Cdt | C for | Évaluateurs";"2026-08-25";"Mardi";"14:00";"16:00";"Caserne G1";"Cdt";"";"";"SOURCE_CLASSEUR_2026";"classeur ligne 528";"HUMAN_REVIEW";"";"";"OUI";"Aucun lien sourceLine 2027 prouvé ; absence non présumée volontaire"
"2026";"QV26:L529";"0171F7DPS.529";"Cursus CI DPS - module 9 | Rétablissement et débriefing";"F7";"FOCA";"";"0171F7";"DPS:G1";"Cdt | C for | Candidats échelon II OP '26 - '27";"2026-08-25";"Mardi";"18:00";"21:00";"Caserne G1";"Cdt";"";"";"SOURCE_CLASSEUR_2026";"classeur ligne 529";"HUMAN_REVIEW";"";"";"OUI";"Aucun lien sourceLine 2027 prouvé ; absence non présumée volontaire"
"2026";"QV26:L529";"0171F7DPS.529";"Cursus CI DPS - module 9 | Rétablissement et débriefing";"F7";"FOCA";"";"0171F7";"DPS:C1";"Cdt | C for | Candidats échelon II OP '26 - '27";"2026-08-25";"Mardi";"18:00";"21:00";"Caserne G1";"Cdt";"";"";"SOURCE_CLASSEUR_2026";"classeur ligne 529";"HUMAN_REVIEW";"";"";"OUI";"Aucun lien sourceLine 2027 prouvé ; absence non présumée volontaire"
"2026";"QV26:L529";"0171F7DPS.529";"Cursus CI DPS - module 9 | Rétablissement et débriefing";"F7";"FOCA";"";"0171F7";"DPS:B1";"Cdt | C for | Candidats échelon II OP '26 - '27";"2026-08-25";"Mardi";"18:00";"21:00";"Caserne G1";"Cdt";"";"";"SOURCE_CLASSEUR_2026";"classeur ligne 529";"HUMAN_REVIEW";"";"";"OUI";"Aucun lien sourceLine 2027 prouvé ; absence non présumée volontaire"
"2026";"QV26:L529";"0171F7DPS.529";"Cursus CI DPS - module 9 | Rétablissement et débriefing";"F7";"FOCA";"";"0171F7";"DPS:B2";"Cdt | C for | Candidats échelon II OP '26 - '27";"2026-08-25";"Mardi";"18:00";"21:00";"Caserne G1";"Cdt";"";"";"SOURCE_CLASSEUR_2026";"classeur ligne 529";"HUMAN_REVIEW";"";"";"OUI";"Aucun lien sourceLine 2027 prouvé ; absence non présumée volontaire"
"2026";"QV26:L530";"0151F7EA.530";"Formation MEA 2.2";"F7";"AUTO";"Formation";"0151F7";"OI_NON_DOCUMENTE_2026";"Section 3";"2026-08-25";"Mardi";"18:00";"20:30";"Caserne G1";"Of auto";"";"";"SOURCE_CLASSEUR_2026";"classeur ligne 530";"RECONDUIT";"";"";"NON";"Référence source de 1 occurrence(s) 2027"
"2026";"QV26:L531";"011PR.531";"Exercice PR 3.2 | Highway to hell";"F7";"PR";"Exercice";"011PR";"OI_NON_DOCUMENTE_2026";"PAPR";"2026-08-25";"Mardi";"18:30";"21:30";"Caserne G1";"C PR";"";"";"SOURCE_CLASSEUR_2026";"classeur ligne 531";"RECONDUIT";"";"";"NON";"Référence source de 1 occurrence(s) 2027"
"2026";"QV26:L532";"0165F7NAC.532";"Formation NAC 1.1";"F7";"FOSPEC";"Formation";"0165F7";"DPS:G1";"C FOSPEC | NAC";"2026-08-25";"Mardi";"18:30";"21:00";"Caserne G1";"C FOSPEC";"";"";"SOURCE_CLASSEUR_2026";"classeur ligne 532";"RECONDUIT";"";"";"NON";"Référence source de 1 occurrence(s) 2027"
"2026";"QV26:L532";"0165F7NAC.532";"Formation NAC 1.1";"F7";"FOSPEC";"Formation";"0165F7";"DPS:C1";"C FOSPEC | NAC";"2026-08-25";"Mardi";"18:30";"21:00";"Caserne G1";"C FOSPEC";"";"";"SOURCE_CLASSEUR_2026";"classeur ligne 532";"RECONDUIT";"";"";"NON";"Référence source de 1 occurrence(s) 2027"
"2026";"QV26:L532";"0165F7NAC.532";"Formation NAC 1.1";"F7";"FOSPEC";"Formation";"0165F7";"DPS:B1";"C FOSPEC | NAC";"2026-08-25";"Mardi";"18:30";"21:00";"Caserne G1";"C FOSPEC";"";"";"SOURCE_CLASSEUR_2026";"classeur ligne 532";"RECONDUIT";"";"";"NON";"Référence source de 1 occurrence(s) 2027"
"2026";"QV26:L532";"0165F7NAC.532";"Formation NAC 1.1";"F7";"FOSPEC";"Formation";"0165F7";"DPS:B2";"C FOSPEC | NAC";"2026-08-25";"Mardi";"18:30";"21:00";"Caserne G1";"C FOSPEC";"";"";"SOURCE_CLASSEUR_2026";"classeur ligne 532";"RECONDUIT";"";"";"NON";"Référence source de 1 occurrence(s) 2027"
"2026";"QV26:L533";"070F1DAP.533";"Séance cadres";"F1/8";"DAP";"Séance";"070F1";"DAP:Y3";"C sct | Échelons II, III";"2026-08-25";"Mardi";"19:00";"21:30";"Local Y3";"C Sct";"";"";"SOURCE_CLASSEUR_2026";"classeur ligne 533";"RECONDUIT";"";"";"NON";"Référence source de 1 occurrence(s) 2027"
"2026";"QV26:L534";"010FOBA.534";"Exercice FOBA 6";"F7";"FOBA";"Exercice";"010FOBA";"OI_NON_DOCUMENTE_2026";"C FOBA | cadres FOBA | FOBA 1 | FOBA 2";"2026-08-26";"Mercredi";"18:30";"21:30";"Caserne G1";"C FOBA";"";"";"SOURCE_CLASSEUR_2026";"classeur ligne 534";"RECONDUIT";"";"";"NON";"Référence source de 1 occurrence(s) 2027"
"2026";"QV26:L535";"070F1DAP.535";"Séance cadres";"F1/8";"DAP";"Séance";"070F1";"DAP:Y4";"C sct | Échelons II, III";"2026-08-26";"Mercredi";"19:00";"21:30";"Local Y4";"C Sct";"";"";"SOURCE_CLASSEUR_2026";"classeur ligne 535";"RECONDUIT";"";"";"NON";"Référence source de 1 occurrence(s) 2027"
"2026";"QV26:L536";"01522F7VL.536";"Cursus cond VL - module 3.2 | remorques";"F7";"AUTO";"";"01522F7";"OI_NON_DOCUMENTE_2026";"Moniteurs conduite DPS et DAP | Cond VL N '26";"2026-08-27";"Jeudi";"18:00";"21:00";"Caserne G1";"Of auto";"";"";"SOURCE_CLASSEUR_2026";"classeur ligne 536";"HUMAN_REVIEW";"";"";"OUI";"Aucun lien sourceLine 2027 prouvé ; absence non présumée volontaire"
"2026";"QV26:L537";"011PR.537";"Exercice PR 3.3 | Highway to hell";"F7";"PR";"Exercice";"011PR";"OI_NON_DOCUMENTE_2026";"PAPR";"2026-08-27";"Jeudi";"18:30";"21:30";"Caserne G1";"C PR";"";"";"SOURCE_CLASSEUR_2026";"classeur ligne 537";"RECONDUIT";"";"";"NON";"Référence source de 1 occurrence(s) 2027"
"2026";"QV26:L538";"012C1DPS.538";"Exercice DPS-DAP 2";"F7";"FOCO";"Exercice";"012C1";"DPS:C1";"Section 3";"2026-08-27";"Jeudi";"19:00";"21:30";"Caserne C1";"C for";"";"";"SOURCE_CLASSEUR_2026";"classeur ligne 538";"RECONDUIT";"";"";"NON";"Référence source de 1 occurrence(s) 2027"
"2026";"QV26:L539";"012B1DPS.539";"Exercice DPS-DAP 2";"F7";"FOCO";"Exercice";"012B1";"DPS:B1";"Section 2";"2026-08-27";"Jeudi";"19:00";"21:30";"Caserne B1";"C for";"";"";"SOURCE_CLASSEUR_2026";"classeur ligne 539";"RECONDUIT";"";"";"NON";"Référence source de 1 occurrence(s) 2027"
"2026";"QV26:L540";"012B2DPS.540";"Exercice DPS-DAP 2";"F7";"FOCO";"Exercice";"012B2";"DPS:B2";"Section 2";"2026-08-27";"Jeudi";"19:00";"21:30";"Caserne B2";"C for";"";"";"SOURCE_CLASSEUR_2026";"classeur ligne 540";"RECONDUIT";"";"";"NON";"Référence source de 1 occurrence(s) 2027"
"2026";"QV26:L541";"070F1DAP.541";"Séance cadres";"F1/8";"DAP";"Séance";"070F1";"DAP:Y1";"C sct | Échelons II, III";"2026-08-27";"Jeudi";"19:00";"21:30";"Local Y1";"C Sct";"";"";"SOURCE_CLASSEUR_2026";"classeur ligne 541";"RECONDUIT";"";"";"NON";"Référence source de 1 occurrence(s) 2027"
"2026";"QV26:L542";"013Y2DAP.542";"Exercice DPS-DAP 2";"F7";"FOCO";"Exercice";"013Y2";"DAP:Y2";"DAP Y2 | ½ section";"2026-08-27";"Jeudi";"19:00";"21:30";"À définir";"C for";"";"";"SOURCE_CLASSEUR_2026";"classeur ligne 542";"RECONDUIT";"";"";"NON";"Référence source de 1 occurrence(s) 2027"
"2026";"QV26:L543";"013Y3DAP.543";"Exercice DPS-DAP 2";"F7";"FOCO";"Exercice";"013Y3";"DAP:Y3";"DAP Y3 | ½ section";"2026-08-27";"Jeudi";"19:00";"21:30";"À définir";"C for";"";"";"SOURCE_CLASSEUR_2026";"classeur ligne 543";"RECONDUIT";"";"";"NON";"Référence source de 1 occurrence(s) 2027"
"2026";"QV26:L544";"013Y4DAP.544";"Exercice DPS-DAP 2";"F7";"FOCO";"Exercice";"013Y4";"DAP:Y4";"DAP Y4 | ½ section";"2026-08-27";"Jeudi";"19:00";"21:30";"À définir";"C for";"";"";"SOURCE_CLASSEUR_2026";"classeur ligne 544";"RECONDUIT";"";"";"NON";"Référence source de 1 occurrence(s) 2027"
"2026";"QV26:L545";"070F0.545";"Séance Codir";"F0";"SDIS";"Séance";"070F0";"OI_NON_DOCUMENTE_2026";"Codir | Cdt";"2026-08-28";"Vendredi";"08:00";"09:30";"Caserne G1";"PrésidentE Codir";"";"";"SOURCE_CLASSEUR_2026";"classeur ligne 545";"RECONDUIT";"";"";"NON";"Référence source de 1 occurrence(s) 2027"
"2026";"QV26:L546";"0154F7GRUE.546";"Formation grutier 2.0";"F7";"AUTO";"Formation";"0154F7";"OI_NON_DOCUMENTE_2026";"Permanent";"2026-08-28";"Vendredi";"09:30";"11:30";"Caserne G1";"Of auto";"";"";"SOURCE_CLASSEUR_2026";"classeur ligne 546";"RECONDUIT";"";"";"NON";"Référence source de 1 occurrence(s) 2027"
"2026";"QV26:L547";"0154F7GRUE.547";"Formation grutier 2.0";"F7";"AUTO";"Formation";"0154F7";"OI_NON_DOCUMENTE_2026";"Permanent";"2026-08-28";"Vendredi";"13:30";"15:30";"Caserne G1";"Of auto";"";"";"SOURCE_CLASSEUR_2026";"classeur ligne 547";"RECONDUIT";"";"";"NON";"Référence source de 1 occurrence(s) 2027"
"2026";"QV26:L548";"012G1DPS.548";"Instr demi-sct - VARIA";"F7";"FOCO";"Instruction";"012G1";"DPS:G1";"Section 2B | Réserve | Réguliers";"2026-08-29";"Samedi";"07:30";"10:30";"Caserne G1";"C sct";"";"";"SOURCE_CLASSEUR_2026";"classeur ligne 548";"RECONDUIT";"";"";"NON";"Référence source de 1 occurrence(s) 2027"
"2026";"QV26:L549";"012C1DPS.549";"Instr demi-sct - FEU";"F7";"FOCO";"Instruction";"012C1";"DPS:C1";"Section 3A | Perm B2";"2026-08-29";"Samedi";"07:30";"10:30";"Caserne C1";"C sct";"";"";"SOURCE_CLASSEUR_2026";"classeur ligne 549";"RECONDUIT";"";"";"NON";"Référence source de 1 occurrence(s) 2027"
"2026";"QV26:L550";"012B2DPS.550";"Instr demi-sct - FEU";"F7";"FOCO";"Instruction";"012B2";"DPS:B2";"Perm B2";"2026-08-29";"Samedi";"07:30";"10:30";"Caserne C1";"C sct";"";"";"SOURCE_CLASSEUR_2026";"classeur ligne 550";"RECONDUIT";"";"";"NON";"Référence source de 1 occurrence(s) 2027"
"2026";"QV26:L551";"012B1DPS.551";"Instr demi-sct - FEU";"F7";"FOCO";"Instruction";"012B1";"DPS:B1";"Section 3A";"2026-08-29";"Samedi";"07:30";"10:30";"Caserne B1";"C sct";"";"";"SOURCE_CLASSEUR_2026";"classeur ligne 551";"RECONDUIT";"";"";"NON";"Référence source de 1 occurrence(s) 2027"
"2026";"QV26:L552";"010JG1.552";"Exercice JSP 5";"F7";"JSP";"Exercice";"010JG1";"OI_NON_DOCUMENTE_2026";"C site JSP | Moniteurs JSP | JSP";"2026-08-29";"Samedi";"08:00";"11:30";"Caserne G1";"Resp for JSP";"";"";"SOURCE_CLASSEUR_2026";"classeur ligne 552";"RECONDUIT";"";"";"NON";"Référence source de 1 occurrence(s) 2027"
"2026";"QV26:L553";"0152F7PL/VL.553";"Conduite, formation continue";"F7";"AUTO";"Conduite";"0152F7";"DPS:G1";"Section 2B | Réserve | Réguliers";"2026-08-29";"Samedi";"10:30";"11:30";"Caserne G1";"C sct";"";"";"SOURCE_CLASSEUR_2026";"classeur ligne 553";"MODIFIÉ_VOLONTAIREMENT";"";"";"NON";"Cadence de conduite 2027 redéfinie par la MOA"
"2026";"QV26:L554";"0152F7PL/VL.554";"Conduite, formation continue";"F7";"AUTO";"Conduite";"0152F7";"DPS:C1";"Section 3A | Perm B2";"2026-08-29";"Samedi";"10:30";"11:30";"Caserne C1";"C sct";"";"";"SOURCE_CLASSEUR_2026";"classeur ligne 554";"MODIFIÉ_VOLONTAIREMENT";"";"";"NON";"Cadence de conduite 2027 redéfinie par la MOA"
"2026";"QV26:L555";"0152F7PL/VL.555";"Conduite, formation continue";"F7";"AUTO";"Conduite";"0152F7";"DPS:B1";"Section 3A";"2026-08-29";"Samedi";"10:30";"11:30";"Caserne B1";"C sct";"";"";"SOURCE_CLASSEUR_2026";"classeur ligne 555";"MODIFIÉ_VOLONTAIREMENT";"";"";"NON";"Cadence de conduite 2027 redéfinie par la MOA"
"2026";"QV26:L556";"0152F7PL/VL.556";"Conduite, formation continue";"F7";"AUTO";"Conduite";"0152F7";"DPS:B2";"Perm B2";"2026-08-29";"Samedi";"10:30";"11:30";"Caserne B2";"C sct";"";"";"SOURCE_CLASSEUR_2026";"classeur ligne 556";"MODIFIÉ_VOLONTAIREMENT";"";"";"NON";"Cadence de conduite 2027 redéfinie par la MOA"
"2026";"QV26:L557";"070F1SDIS.557";"Séance échelons II, III et IV";"F1/8";"SDIS";"Séance";"070F1";"DPS:G1";"Échelons II, III et IV";"2026-08-31";"Lundi";"18:30";"21:00";"Caserne G1";"Cdt";"";"";"SOURCE_CLASSEUR_2026";"classeur ligne 557";"RECONDUIT";"";"";"NON";"Référence source de 1 occurrence(s) 2027"
"2026";"QV26:L557";"070F1SDIS.557";"Séance échelons II, III et IV";"F1/8";"SDIS";"Séance";"070F1";"DPS:C1";"Échelons II, III et IV";"2026-08-31";"Lundi";"18:30";"21:00";"Caserne G1";"Cdt";"";"";"SOURCE_CLASSEUR_2026";"classeur ligne 557";"RECONDUIT";"";"";"NON";"Référence source de 1 occurrence(s) 2027"
"2026";"QV26:L557";"070F1SDIS.557";"Séance échelons II, III et IV";"F1/8";"SDIS";"Séance";"070F1";"DPS:B1";"Échelons II, III et IV";"2026-08-31";"Lundi";"18:30";"21:00";"Caserne G1";"Cdt";"";"";"SOURCE_CLASSEUR_2026";"classeur ligne 557";"RECONDUIT";"";"";"NON";"Référence source de 1 occurrence(s) 2027"
"2026";"QV26:L557";"070F1SDIS.557";"Séance échelons II, III et IV";"F1/8";"SDIS";"Séance";"070F1";"DPS:B2";"Échelons II, III et IV";"2026-08-31";"Lundi";"18:30";"21:00";"Caserne G1";"Cdt";"";"";"SOURCE_CLASSEUR_2026";"classeur ligne 557";"RECONDUIT";"";"";"NON";"Référence source de 1 occurrence(s) 2027"
"2026";"QV26:L557";"070F1SDIS.557";"Séance échelons II, III et IV";"F1/8";"SDIS";"Séance";"070F1";"DAP:Y1";"Échelons II, III et IV";"2026-08-31";"Lundi";"18:30";"21:00";"Caserne G1";"Cdt";"";"";"SOURCE_CLASSEUR_2026";"classeur ligne 557";"RECONDUIT";"";"";"NON";"Référence source de 1 occurrence(s) 2027"
"2026";"QV26:L557";"070F1SDIS.557";"Séance échelons II, III et IV";"F1/8";"SDIS";"Séance";"070F1";"DAP:Y2";"Échelons II, III et IV";"2026-08-31";"Lundi";"18:30";"21:00";"Caserne G1";"Cdt";"";"";"SOURCE_CLASSEUR_2026";"classeur ligne 557";"RECONDUIT";"";"";"NON";"Référence source de 1 occurrence(s) 2027"
"2026";"QV26:L557";"070F1SDIS.557";"Séance échelons II, III et IV";"F1/8";"SDIS";"Séance";"070F1";"DAP:Y3";"Échelons II, III et IV";"2026-08-31";"Lundi";"18:30";"21:00";"Caserne G1";"Cdt";"";"";"SOURCE_CLASSEUR_2026";"classeur ligne 557";"RECONDUIT";"";"";"NON";"Référence source de 1 occurrence(s) 2027"
"2026";"QV26:L557";"070F1SDIS.557";"Séance échelons II, III et IV";"F1/8";"SDIS";"Séance";"070F1";"DAP:Y4";"Échelons II, III et IV";"2026-08-31";"Lundi";"18:30";"21:00";"Caserne G1";"Cdt";"";"";"SOURCE_CLASSEUR_2026";"classeur ligne 557";"RECONDUIT";"";"";"NON";"Référence source de 1 occurrence(s) 2027"
"2026";"QV26:L558";"0151F7EA.558";"Formation MEA 2.1";"F7";"AUTO";"Formation";"0151F7";"OI_NON_DOCUMENTE_2026";"Réguliers";"2026-09-01";"Mardi";"09:30";"12:00";"Caserne G1";"Of auto";"";"";"SOURCE_CLASSEUR_2026";"classeur ligne 558";"RECONDUIT";"";"";"NON";"Référence source de 1 occurrence(s) 2027"
"2026";"QV26:L559";"EMSEA.559";"Séance EM | Cadres et spécialistes";"F0";"SDIS";"Séance";"EMSEA";"OI_NON_DOCUMENTE_2026";"EM";"2026-09-01";"Mardi";"18:00";"21:00";"Caserne G1";"Cdt";"";"";"SOURCE_CLASSEUR_2026";"classeur ligne 559";"RECONDUIT";"";"";"NON";"Référence source de 1 occurrence(s) 2027"
"2026";"QV26:L560";"011PR.560";"Exercice PR 3.4 | Highway to hell";"F7";"PR";"Exercice";"011PR";"OI_NON_DOCUMENTE_2026";"PAPR";"2026-09-01";"Mardi";"18:30";"21:30";"Caserne G1";"C PR";"";"";"SOURCE_CLASSEUR_2026";"classeur ligne 560";"RECONDUIT";"";"";"NON";"Référence source de 1 occurrence(s) 2027"
"2026";"QV26:L561";"012G1DPS.561";"Instr sct - VARIA";"F7";"FOCO";"Instruction";"012G1";"DPS:G1";"Section 2 | Réserve | Réguliers";"2026-09-01";"Mardi";"18:30";"21:30";"Caserne G1";"C sct";"";"";"SOURCE_CLASSEUR_2026";"classeur ligne 561";"RECONDUIT";"";"";"NON";"Référence source de 1 occurrence(s) 2027"
"2026";"QV26:L562";"0151F7EA.562";"Formation MEA 2.0";"F7";"AUTO";"Formation";"0151F7";"OI_NON_DOCUMENTE_2026";"Permanent";"2026-09-02";"Mercredi";"09:30";"12:00";"Caserne G1";"Of auto";"";"";"SOURCE_CLASSEUR_2026";"classeur ligne 562";"RECONDUIT";"";"";"NON";"Référence source de 1 occurrence(s) 2027"
"2026";"QV26:L563";"0171F7DPS.563";"Cursus CI DPS - module 4 | Tactique I";"F7";"FOCA";"";"0171F7";"DPS:G1";"Cdt | C for | Candidats échelon II OP '26 - '27";"2026-09-02";"Mercredi";"18:00";"21:00";"Caserne G1";"Cdt";"";"";"SOURCE_CLASSEUR_2026";"classeur ligne 563";"HUMAN_REVIEW";"";"";"OUI";"Aucun lien sourceLine 2027 prouvé ; absence non présumée volontaire"
"2026";"QV26:L563";"0171F7DPS.563";"Cursus CI DPS - module 4 | Tactique I";"F7";"FOCA";"";"0171F7";"DPS:C1";"Cdt | C for | Candidats échelon II OP '26 - '27";"2026-09-02";"Mercredi";"18:00";"21:00";"Caserne G1";"Cdt";"";"";"SOURCE_CLASSEUR_2026";"classeur ligne 563";"HUMAN_REVIEW";"";"";"OUI";"Aucun lien sourceLine 2027 prouvé ; absence non présumée volontaire"
"2026";"QV26:L563";"0171F7DPS.563";"Cursus CI DPS - module 4 | Tactique I";"F7";"FOCA";"";"0171F7";"DPS:B1";"Cdt | C for | Candidats échelon II OP '26 - '27";"2026-09-02";"Mercredi";"18:00";"21:00";"Caserne G1";"Cdt";"";"";"SOURCE_CLASSEUR_2026";"classeur ligne 563";"HUMAN_REVIEW";"";"";"OUI";"Aucun lien sourceLine 2027 prouvé ; absence non présumée volontaire"
"2026";"QV26:L563";"0171F7DPS.563";"Cursus CI DPS - module 4 | Tactique I";"F7";"FOCA";"";"0171F7";"DPS:B2";"Cdt | C for | Candidats échelon II OP '26 - '27";"2026-09-02";"Mercredi";"18:00";"21:00";"Caserne G1";"Cdt";"";"";"SOURCE_CLASSEUR_2026";"classeur ligne 563";"HUMAN_REVIEW";"";"";"OUI";"Aucun lien sourceLine 2027 prouvé ; absence non présumée volontaire"
"2026";"QV26:L564";"0151F7EA.564";"Formation MEA 2.2";"F7";"AUTO";"Formation";"0151F7";"OI_NON_DOCUMENTE_2026";"Section 2";"2026-09-03";"Jeudi";"18:00";"20:30";"Caserne G1";"Of auto";"";"";"SOURCE_CLASSEUR_2026";"classeur ligne 564";"RECONDUIT";"";"";"NON";"Référence source de 1 occurrence(s) 2027"
"2026";"QV26:L565";"011PR.565";"Exercice PR 3.5 | Highway to hell";"F7";"PR";"Exercice";"011PR";"OI_NON_DOCUMENTE_2026";"PAPR";"2026-09-03";"Jeudi";"18:30";"21:30";"Caserne G1";"C PR";"";"";"SOURCE_CLASSEUR_2026";"classeur ligne 565";"RECONDUIT";"";"";"NON";"Référence source de 1 occurrence(s) 2027"
"2026";"QV26:L566";"070F56AV.566";"Séance photo personnel DAP Y1";"F5/6";"SIC";"Séance";"070F56";"DAP:Y1";"C sct | Échelon 0 à III";"2026-09-03";"Jeudi";"18:30";"19:00";"Local Y1";"C sct";"";"";"SOURCE_CLASSEUR_2026";"classeur ligne 566";"RECONDUIT";"";"";"NON";"Référence source de 1 occurrence(s) 2027"
"2026";"QV26:L567";"012C1DPS.567";"Exercice DPS-DAP 2";"F7";"FOCO";"Exercice";"012C1";"DPS:C1";"Section 1";"2026-09-03";"Jeudi";"19:00";"21:30";"Caserne C1";"C for";"";"";"SOURCE_CLASSEUR_2026";"classeur ligne 567";"RECONDUIT";"";"";"NON";"Référence source de 1 occurrence(s) 2027"
"2026";"QV26:L568";"012B1DPS.568";"Exercice DPS-DAP 2";"F7";"FOCO";"Exercice";"012B1";"DPS:B1";"Section 1";"2026-09-03";"Jeudi";"19:00";"21:30";"Caserne B1";"C for";"";"";"SOURCE_CLASSEUR_2026";"classeur ligne 568";"RECONDUIT";"";"";"NON";"Référence source de 1 occurrence(s) 2027"
"2026";"QV26:L569";"012B2DPS.569";"Exercice DPS-DAP 2";"F7";"FOCO";"Exercice";"012B2";"DPS:B2";"Section 1";"2026-09-03";"Jeudi";"19:00";"21:30";"Caserne B2";"C for";"";"";"SOURCE_CLASSEUR_2026";"classeur ligne 569";"RECONDUIT";"";"";"NON";"Référence source de 1 occurrence(s) 2027"
"2026";"QV26:L570";"013Y1DAP.570";"Exercice DAP 4";"F7";"FOCO";"Exercice";"013Y1";"DAP:Y1";"C sct | Échelon 0 à III";"2026-09-03";"Jeudi";"19:00";"21:30";"Local Y1";"C sct";"";"";"SOURCE_CLASSEUR_2026";"classeur ligne 570";"HUMAN_REVIEW";"";"";"OUI";"Aucun lien sourceLine 2027 prouvé ; absence non présumée volontaire"
"2026";"QV26:L571";"013Y4DAP.571";"Cours de cadres exercice DAP 3";"F7";"FOCO";"Cours";"013Y4";"DAP:Y4";"C sct | Formateurs";"2026-09-03";"Jeudi";"19:00";"21:30";"Local Y4";"C sct";"";"";"SOURCE_CLASSEUR_2026";"classeur ligne 571";"RECONDUIT";"";"";"NON";"Référence source de 1 occurrence(s) 2027"
"2026";"QV26:L572";"013Y2DAP.572";"Exercice DPS-DAP 2";"F7";"FOCO";"Exercice";"013Y2";"DAP:Y2";"DAP Y2 | ½ section";"2026-09-03";"Jeudi";"19:00";"21:30";"À définir";"C for";"";"";"SOURCE_CLASSEUR_2026";"classeur ligne 572";"RECONDUIT";"";"";"NON";"Référence source de 1 occurrence(s) 2027"
"2026";"QV26:L573";"013Y3DAP.573";"Exercice DPS-DAP 2";"F7";"FOCO";"Exercice";"013Y3";"DAP:Y3";"DAP Y3 | ½ section";"2026-09-03";"Jeudi";"19:00";"21:30";"À définir";"C for";"";"";"SOURCE_CLASSEUR_2026";"classeur ligne 573";"RECONDUIT";"";"";"NON";"Référence source de 1 occurrence(s) 2027"
"2026";"QV26:L574";"013Y4DAP.574";"Exercice DPS-DAP 2";"F7";"FOCO";"Exercice";"013Y4";"DAP:Y4";"DAP Y4 | ½ section";"2026-09-03";"Jeudi";"19:00";"21:30";"À définir";"C for";"";"";"SOURCE_CLASSEUR_2026";"classeur ligne 574";"RECONDUIT";"";"";"NON";"Référence source de 1 occurrence(s) 2027"
"2026";"QV26:L575";"073F56.575";"Tir inter-unités";"F5/6";"SIC";"";"073F56";"DPS:G1";"Selon convocation";"2026-09-04";"Vendredi";"08:00";"12:00";"Stand de tir";"Cdt";"";"";"SOURCE_CLASSEUR_2026";"classeur ligne 575";"RECONDUIT";"";"";"NON";"Référence source de 1 occurrence(s) 2027"
"2026";"QV26:L576";"012G1DPS.576";"Instr demi-sct - VARIA";"F7";"FOCO";"Instruction";"012G1";"DPS:G1";"Section 1A | Réserve | Réguliers";"2026-09-05";"Samedi";"07:30";"10:30";"Caserne G1";"C sct";"";"";"SOURCE_CLASSEUR_2026";"classeur ligne 576";"RECONDUIT";"";"";"NON";"Référence source de 1 occurrence(s) 2027"
"2026";"QV26:L577";"012C1DPS.577";"Instr demi-sct - FEU";"F7";"FOCO";"Instruction";"012C1";"DPS:C1";"Section 2A | Perm B2";"2026-09-05";"Samedi";"07:30";"10:30";"Caserne C1";"C sct";"";"";"SOURCE_CLASSEUR_2026";"classeur ligne 577";"RECONDUIT";"";"";"NON";"Référence source de 1 occurrence(s) 2027"
"2026";"QV26:L578";"012B2DPS.578";"Instr demi-sct - FEU";"F7";"FOCO";"Instruction";"012B2";"DPS:B2";"Perm B2";"2026-09-05";"Samedi";"07:30";"10:30";"Caserne C1";"C sct";"";"";"SOURCE_CLASSEUR_2026";"classeur ligne 578";"RECONDUIT";"";"";"NON";"Référence source de 1 occurrence(s) 2027"
"2026";"QV26:L579";"012B1DPS.579";"Instr demi-sct - FEU";"F7";"FOCO";"Instruction";"012B1";"DPS:B1";"Section 2A";"2026-09-05";"Samedi";"07:30";"10:30";"Caserne B1";"C sct";"";"";"SOURCE_CLASSEUR_2026";"classeur ligne 579";"RECONDUIT";"";"";"NON";"Référence source de 1 occurrence(s) 2027"
"2026";"QV26:L580";"0170F7.580";"Cursus c groupe - module 3 | Consolidation théorique et pratique";"F7";"FOCA";"";"0170F7";"DPS:G1";"Cdt | C for | Échelon I N '26";"2026-09-05";"Samedi";"08:00";"11:00";"Caserne G1";"Cdt";"";"";"SOURCE_CLASSEUR_2026";"classeur ligne 580";"HUMAN_REVIEW";"";"";"OUI";"Aucun lien sourceLine 2027 prouvé ; absence non présumée volontaire"
"2026";"QV26:L580";"0170F7.580";"Cursus c groupe - module 3 | Consolidation théorique et pratique";"F7";"FOCA";"";"0170F7";"DPS:C1";"Cdt | C for | Échelon I N '26";"2026-09-05";"Samedi";"08:00";"11:00";"Caserne G1";"Cdt";"";"";"SOURCE_CLASSEUR_2026";"classeur ligne 580";"HUMAN_REVIEW";"";"";"OUI";"Aucun lien sourceLine 2027 prouvé ; absence non présumée volontaire"
"2026";"QV26:L580";"0170F7.580";"Cursus c groupe - module 3 | Consolidation théorique et pratique";"F7";"FOCA";"";"0170F7";"DPS:B1";"Cdt | C for | Échelon I N '26";"2026-09-05";"Samedi";"08:00";"11:00";"Caserne G1";"Cdt";"";"";"SOURCE_CLASSEUR_2026";"classeur ligne 580";"HUMAN_REVIEW";"";"";"OUI";"Aucun lien sourceLine 2027 prouvé ; absence non présumée volontaire"
"2026";"QV26:L580";"0170F7.580";"Cursus c groupe - module 3 | Consolidation théorique et pratique";"F7";"FOCA";"";"0170F7";"DPS:B2";"Cdt | C for | Échelon I N '26";"2026-09-05";"Samedi";"08:00";"11:00";"Caserne G1";"Cdt";"";"";"SOURCE_CLASSEUR_2026";"classeur ligne 580";"HUMAN_REVIEW";"";"";"OUI";"Aucun lien sourceLine 2027 prouvé ; absence non présumée volontaire"
"2026";"QV26:L580";"0170F7.580";"Cursus c groupe - module 3 | Consolidation théorique et pratique";"F7";"FOCA";"";"0170F7";"DAP:Y1";"Cdt | C for | Échelon I N '26";"2026-09-05";"Samedi";"08:00";"11:00";"Caserne G1";"Cdt";"";"";"SOURCE_CLASSEUR_2026";"classeur ligne 580";"HUMAN_REVIEW";"";"";"OUI";"Aucun lien sourceLine 2027 prouvé ; absence non présumée volontaire"
"2026";"QV26:L580";"0170F7.580";"Cursus c groupe - module 3 | Consolidation théorique et pratique";"F7";"FOCA";"";"0170F7";"DAP:Y2";"Cdt | C for | Échelon I N '26";"2026-09-05";"Samedi";"08:00";"11:00";"Caserne G1";"Cdt";"";"";"SOURCE_CLASSEUR_2026";"classeur ligne 580";"HUMAN_REVIEW";"";"";"OUI";"Aucun lien sourceLine 2027 prouvé ; absence non présumée volontaire"
"2026";"QV26:L580";"0170F7.580";"Cursus c groupe - module 3 | Consolidation théorique et pratique";"F7";"FOCA";"";"0170F7";"DAP:Y3";"Cdt | C for | Échelon I N '26";"2026-09-05";"Samedi";"08:00";"11:00";"Caserne G1";"Cdt";"";"";"SOURCE_CLASSEUR_2026";"classeur ligne 580";"HUMAN_REVIEW";"";"";"OUI";"Aucun lien sourceLine 2027 prouvé ; absence non présumée volontaire"
"2026";"QV26:L580";"0170F7.580";"Cursus c groupe - module 3 | Consolidation théorique et pratique";"F7";"FOCA";"";"0170F7";"DAP:Y4";"Cdt | C for | Échelon I N '26";"2026-09-05";"Samedi";"08:00";"11:00";"Caserne G1";"Cdt";"";"";"SOURCE_CLASSEUR_2026";"classeur ligne 580";"HUMAN_REVIEW";"";"";"OUI";"Aucun lien sourceLine 2027 prouvé ; absence non présumée volontaire"
"2026";"QV26:L581";"";"Journée des familles";"F1/8";"DAP";"";"";"DAP:Y2";"EM | DAP | Familles";"2026-09-05";"Samedi";"08:00";"16:00";"Local Y2";"C sct";"";"";"SOURCE_CLASSEUR_2026";"classeur ligne 581";"RECONDUIT";"";"";"NON";"Référence source de 1 occurrence(s) 2027"
"2026";"QV26:L582";"0152F7PL/VL.582";"Conduite, formation continue";"F7";"AUTO";"Conduite";"0152F7";"DPS:G1";"Section 1A | Réserve | Réguliers";"2026-09-05";"Samedi";"10:30";"11:30";"Caserne G1";"C sct";"";"";"SOURCE_CLASSEUR_2026";"classeur ligne 582";"MODIFIÉ_VOLONTAIREMENT";"";"";"NON";"Cadence de conduite 2027 redéfinie par la MOA"
"2026";"QV26:L583";"0152F7PL/VL.583";"Conduite, formation continue";"F7";"AUTO";"Conduite";"0152F7";"DPS:C1";"Section 2A | Perm B2";"2026-09-05";"Samedi";"10:30";"11:30";"Caserne C1";"C sct";"";"";"SOURCE_CLASSEUR_2026";"classeur ligne 583";"MODIFIÉ_VOLONTAIREMENT";"";"";"NON";"Cadence de conduite 2027 redéfinie par la MOA"
"2026";"QV26:L584";"0152F7PL/VL.584";"Conduite, formation continue";"F7";"AUTO";"Conduite";"0152F7";"DPS:B1";"Section 2A";"2026-09-05";"Samedi";"10:30";"11:30";"Caserne B1";"C sct";"";"";"SOURCE_CLASSEUR_2026";"classeur ligne 584";"MODIFIÉ_VOLONTAIREMENT";"";"";"NON";"Cadence de conduite 2027 redéfinie par la MOA"
"2026";"QV26:L585";"0152F7PL/VL.585";"Conduite, formation continue";"F7";"AUTO";"Conduite";"0152F7";"DPS:B2";"Perm B2";"2026-09-05";"Samedi";"10:30";"11:30";"Caserne B2";"C sct";"";"";"SOURCE_CLASSEUR_2026";"classeur ligne 585";"MODIFIÉ_VOLONTAIREMENT";"";"";"NON";"Cadence de conduite 2027 redéfinie par la MOA"
"2026";"QV26:L586";"070F4.586";"Séance préposés APR";"F4";"PR";"Séance";"070F4";"OI_NON_DOCUMENTE_2026";"Resp APR | Préposés APR";"2026-09-07";"Lundi";"18:00";"20:30";"Caserne G1";"Resp APR";"";"";"SOURCE_CLASSEUR_2026";"classeur ligne 586";"RECONDUIT";"";"";"NON";"Référence source de 1 occurrence(s) 2027"
"2026";"QV26:L587";"010JC1.587";"Exercice JSP 7";"F7";"JSP";"Exercice";"010JC1";"OI_NON_DOCUMENTE_2026";"C site JSP | Moniteurs JSP | JSP";"2026-09-07";"Lundi";"18:00";"20:00";"Caserne C1";"Resp for JSP";"";"";"SOURCE_CLASSEUR_2026";"classeur ligne 587";"RECONDUIT";"";"";"NON";"Référence source de 1 occurrence(s) 2027"
"2026";"QV26:L588";"0165F7NAC.588";"Formation NAC 1.2";"F7";"FOSPEC";"Formation";"0165F7";"DPS:G1";"C FOSPEC | NAC";"2026-09-07";"Lundi";"18:30";"21:00";"Caserne G1";"C FOSPEC";"";"";"SOURCE_CLASSEUR_2026";"classeur ligne 588";"RECONDUIT";"";"";"NON";"Référence source de 1 occurrence(s) 2027"
"2026";"QV26:L588";"0165F7NAC.588";"Formation NAC 1.2";"F7";"FOSPEC";"Formation";"0165F7";"DPS:C1";"C FOSPEC | NAC";"2026-09-07";"Lundi";"18:30";"21:00";"Caserne G1";"C FOSPEC";"";"";"SOURCE_CLASSEUR_2026";"classeur ligne 588";"RECONDUIT";"";"";"NON";"Référence source de 1 occurrence(s) 2027"
"2026";"QV26:L588";"0165F7NAC.588";"Formation NAC 1.2";"F7";"FOSPEC";"Formation";"0165F7";"DPS:B1";"C FOSPEC | NAC";"2026-09-07";"Lundi";"18:30";"21:00";"Caserne G1";"C FOSPEC";"";"";"SOURCE_CLASSEUR_2026";"classeur ligne 588";"RECONDUIT";"";"";"NON";"Référence source de 1 occurrence(s) 2027"
"2026";"QV26:L588";"0165F7NAC.588";"Formation NAC 1.2";"F7";"FOSPEC";"Formation";"0165F7";"DPS:B2";"C FOSPEC | NAC";"2026-09-07";"Lundi";"18:30";"21:00";"Caserne G1";"C FOSPEC";"";"";"SOURCE_CLASSEUR_2026";"classeur ligne 588";"RECONDUIT";"";"";"NON";"Référence source de 1 occurrence(s) 2027"
"2026";"QV26:L589";"012G1DPS.589";"Instr sct - VARIA";"F7";"FOCO";"Instruction";"012G1";"DPS:G1";"Section 1 | Réserve | Réguliers";"2026-09-07";"Lundi";"18:30";"21:30";"Caserne G1";"C sct";"";"";"SOURCE_CLASSEUR_2026";"classeur ligne 589";"RECONDUIT";"";"";"NON";"Référence source de 1 occurrence(s) 2027"
"2026";"QV26:L590";"0151F7EA.590";"Formation MEA 2.2";"F7";"AUTO";"Formation";"0151F7";"OI_NON_DOCUMENTE_2026";"Section 1";"2026-09-08";"Mardi";"18:00";"20:30";"Caserne G1";"Of auto";"";"";"SOURCE_CLASSEUR_2026";"classeur ligne 590";"RECONDUIT";"";"";"NON";"Référence source de 1 occurrence(s) 2027"
"2026";"QV26:L591";"010JSP.591";"Groupe de travail JSP";"F7";"JSP";"";"010JSP";"OI_NON_DOCUMENTE_2026";"C for | C JSP | Selon convocation";"2026-09-08";"Mardi";"18:00";"21:00";"Caserne G1";"C JSP";"";"";"SOURCE_CLASSEUR_2026";"classeur ligne 591";"RECONDUIT";"";"";"NON";"Référence source de 1 occurrence(s) 2027"
"2026";"QV26:L592";"0167F7SAN.592";"Recyclage BLS | AED SN55i";"F7";"FOSPEC";"";"0167F7";"DPS:G1";"Instructeur recyclage BLS | AED, selon convocation";"2026-09-08";"Mardi";"18:00";"22:00";"Caserne B1";"Réf sanitaire";"";"";"SOURCE_CLASSEUR_2026";"classeur ligne 592";"RECONDUIT";"";"";"NON";"Référence source de 1 occurrence(s) 2027"
"2026";"QV26:L592";"0167F7SAN.592";"Recyclage BLS | AED SN55i";"F7";"FOSPEC";"";"0167F7";"DPS:C1";"Instructeur recyclage BLS | AED, selon convocation";"2026-09-08";"Mardi";"18:00";"22:00";"Caserne B1";"Réf sanitaire";"";"";"SOURCE_CLASSEUR_2026";"classeur ligne 592";"RECONDUIT";"";"";"NON";"Référence source de 1 occurrence(s) 2027"
"2026";"QV26:L592";"0167F7SAN.592";"Recyclage BLS | AED SN55i";"F7";"FOSPEC";"";"0167F7";"DPS:B1";"Instructeur recyclage BLS | AED, selon convocation";"2026-09-08";"Mardi";"18:00";"22:00";"Caserne B1";"Réf sanitaire";"";"";"SOURCE_CLASSEUR_2026";"classeur ligne 592";"RECONDUIT";"";"";"NON";"Référence source de 1 occurrence(s) 2027"
"2026";"QV26:L592";"0167F7SAN.592";"Recyclage BLS | AED SN55i";"F7";"FOSPEC";"";"0167F7";"DPS:B2";"Instructeur recyclage BLS | AED, selon convocation";"2026-09-08";"Mardi";"18:00";"22:00";"Caserne B1";"Réf sanitaire";"";"";"SOURCE_CLASSEUR_2026";"classeur ligne 592";"RECONDUIT";"";"";"NON";"Référence source de 1 occurrence(s) 2027"
"2026";"QV26:L592";"0167F7SAN.592";"Recyclage BLS | AED SN55i";"F7";"FOSPEC";"";"0167F7";"DAP:Y1";"Instructeur recyclage BLS | AED, selon convocation";"2026-09-08";"Mardi";"18:00";"22:00";"Caserne B1";"Réf sanitaire";"";"";"SOURCE_CLASSEUR_2026";"classeur ligne 592";"RECONDUIT";"";"";"NON";"Référence source de 1 occurrence(s) 2027"
"2026";"QV26:L593";"070F56AV.593";"Séance photo personnel DAP";"F5/6";"SIC";"Séance";"070F56";"DAP:Y2";"C sct | Échelon 0 à III";"2026-09-08";"Mardi";"18:30";"19:00";"Local Y2";"C sct";"";"";"SOURCE_CLASSEUR_2026";"classeur ligne 593";"RECONDUIT";"";"";"NON";"Référence source de 2 occurrence(s) 2027"
"2026";"QV26:L594";"013Y2DAP.594";"Exercice DAP 4";"F7";"FOCO";"Exercice";"013Y2";"DAP:Y2";"C sct | Échelon 0 à III";"2026-09-08";"Mardi";"19:00";"21:30";"Local Y2";"C sct";"";"";"SOURCE_CLASSEUR_2026";"classeur ligne 594";"HUMAN_REVIEW";"";"";"OUI";"Aucun lien sourceLine 2027 prouvé ; absence non présumée volontaire"
"2026";"QV26:L595";"01522F7VL.595";"Exercice CAR 1.1";"F7";"AUTO";"Exercice";"01522F7";"OI_NON_DOCUMENTE_2026";"Moniteurs conduite DPS | Cond VL";"2026-09-08";"Mardi";"19:00";"21:30";"Caserne militaire";"Of auto";"";"";"SOURCE_CLASSEUR_2026";"classeur ligne 595";"RECONDUIT";"";"";"NON";"Référence source de 1 occurrence(s) 2027"
"2026";"QV26:L596";"0151F7EA.596";"Formation MEA 2.0";"F7";"AUTO";"Formation";"0151F7";"OI_NON_DOCUMENTE_2026";"Permanent";"2026-09-09";"Mercredi";"09:30";"12:00";"Caserne G1";"Of auto";"";"";"SOURCE_CLASSEUR_2026";"classeur ligne 596";"RECONDUIT";"";"";"NON";"Référence source de 1 occurrence(s) 2027"
"2026";"QV26:L597";"010JSP.597";"Test flammes 1";"F7";"JSP";"";"010JSP";"OI_NON_DOCUMENTE_2026";"C JSP | Resp for JSP | Moniteur JSP | Candidats Flm 1";"2026-09-09";"Mercredi";"14:00";"18:00";"Caserne G1";"C JSP";"";"";"SOURCE_CLASSEUR_2026";"classeur ligne 597";"RECONDUIT";"";"";"NON";"Référence source de 1 occurrence(s) 2027"
"2026";"QV26:L598";"070F23.598";"Séance chefs de section DPS";"F2/3";"DPS";"Séance";"070F23";"DPS:G1";"C site | C sct | Rempl C sct";"2026-09-09";"Mercredi";"18:00";"20:30";"Caserne G1";"C site";"";"";"SOURCE_CLASSEUR_2026";"classeur ligne 598";"RECONDUIT";"";"";"NON";"Référence source de 1 occurrence(s) 2027"
"2026";"QV26:L599";"010JB1.599";"Exercice JSP 7";"F7";"JSP";"Exercice";"010JB1";"OI_NON_DOCUMENTE_2026";"C site JSP | Moniteurs JSP | JSP";"2026-09-09";"Mercredi";"18:00";"20:00";"Caserne B1";"Resp for JSP";"";"";"SOURCE_CLASSEUR_2026";"classeur ligne 599";"RECONDUIT";"";"";"NON";"Référence source de 1 occurrence(s) 2027"
"2026";"QV26:L600";"010FOBA.600";"Exercice FOBA | Consolidation 3";"F7";"FOBA";"Exercice";"010FOBA";"OI_NON_DOCUMENTE_2026";"C FOBA | cadres FOBA | FOBA 3";"2026-09-09";"Mercredi";"18:30";"21:30";"Caserne G1";"C FOBA";"";"";"SOURCE_CLASSEUR_2026";"classeur ligne 600";"RECONDUIT";"";"";"NON";"Référence source de 1 occurrence(s) 2027"
"2026";"QV26:L601";"070F23.601";"Séance chefs de section DPS C1 | B2";"F2/3";"DPS";"Séance";"070F23";"DPS:C1";"C site | C sct | Rempl C sct | Resp mat";"2026-09-09";"Mercredi";"19:00";"21:30";"Caserne C1";"C site";"";"";"SOURCE_CLASSEUR_2026";"classeur ligne 601";"RECONDUIT";"";"";"NON";"Référence source de 1 occurrence(s) 2027"
"2026";"QV26:L602";"070F23.602";"Séance chefs de section DPS";"F2/3";"DPS";"Séance";"070F23";"DPS:B1";"C site | C sct | Rempl C sct";"2026-09-09";"Mercredi";"19:00";"21:30";"Caserne B1";"C site";"";"";"SOURCE_CLASSEUR_2026";"classeur ligne 602";"RECONDUIT";"";"";"NON";"Référence source de 1 occurrence(s) 2027"
"2026";"QV26:L603";"070F23.603";"Séance chefs de section DPS C1 | B2";"F2/3";"DPS";"Séance";"070F23";"DPS:B2";"C site | C sct | Rempl C sct";"2026-09-09";"Mercredi";"19:00";"21:30";"Caserne B2";"C site";"";"";"SOURCE_CLASSEUR_2026";"classeur ligne 603";"RECONDUIT";"";"";"NON";"Référence source de 1 occurrence(s) 2027"
"2026";"QV26:L604";"0154F7GRUE.604";"Formation grutier 2.2";"F7";"AUTO";"Formation";"0154F7";"OI_NON_DOCUMENTE_2026";"Grutiers A | Grutiers C selon convocation";"2026-09-10";"Jeudi";"18:00";"20:00";"Caserne G1";"Of auto";"";"";"SOURCE_CLASSEUR_2026";"classeur ligne 604";"RECONDUIT";"";"";"NON";"Référence source de 1 occurrence(s) 2027"
"2026";"QV26:L605";"011PR.605";"Exercice PR 3.6 | Highway to hell";"F7";"PR";"Exercice";"011PR";"OI_NON_DOCUMENTE_2026";"PAPR";"2026-09-10";"Jeudi";"18:30";"21:30";"Caserne G1";"C PR";"";"";"SOURCE_CLASSEUR_2026";"classeur ligne 605";"RECONDUIT";"";"";"NON";"Référence source de 1 occurrence(s) 2027"
"2026";"QV26:L606";"0151F7EA.606";"Formation MEA 2.1";"F7";"AUTO";"Formation";"0151F7";"OI_NON_DOCUMENTE_2026";"Réguliers";"2026-09-11";"Vendredi";"09:30";"12:00";"Caserne G1";"Of auto";"";"";"SOURCE_CLASSEUR_2026";"classeur ligne 606";"RECONDUIT";"";"";"NON";"Référence source de 1 occurrence(s) 2027"
"2026";"QV26:L607";"0161F7PIO.607";"Instr demi-sct - PIONNIER";"F7";"FOSPEC";"Instruction";"0161F7";"DPS:G1";"Section 5A | Réserve | Réguliers";"2026-09-12";"Samedi";"07:30";"11:30";"Caserne G1";"C sct";"";"";"SOURCE_CLASSEUR_2026";"classeur ligne 607";"RECONDUIT";"";"";"NON";"Référence source de 1 occurrence(s) 2027"
"2026";"QV26:L608";"012C1DPS.608";"Instr demi-sct - FEU";"F7";"FOCO";"Instruction";"012C1";"DPS:C1";"Section 1A | Perm B2";"2026-09-12";"Samedi";"07:30";"10:30";"Caserne C1";"C sct";"";"";"SOURCE_CLASSEUR_2026";"classeur ligne 608";"RECONDUIT";"";"";"NON";"Référence source de 1 occurrence(s) 2027"
"2026";"QV26:L609";"012B2DPS.609";"Instr demi-sct - FEU";"F7";"FOCO";"Instruction";"012B2";"DPS:B2";"Perm B2";"2026-09-12";"Samedi";"07:30";"10:30";"Caserne C1";"C sct";"";"";"SOURCE_CLASSEUR_2026";"classeur ligne 609";"RECONDUIT";"";"";"NON";"Référence source de 1 occurrence(s) 2027"
"2026";"QV26:L610";"012B1DPS.610";"Instr demi-sct - FEU";"F7";"FOCO";"Instruction";"012B1";"DPS:B1";"Section 1A";"2026-09-12";"Samedi";"07:30";"10:30";"Caserne B1";"C sct";"";"";"SOURCE_CLASSEUR_2026";"classeur ligne 610";"RECONDUIT";"";"";"NON";"Référence source de 1 occurrence(s) 2027"
"2026";"QV26:L611";"010JG1.611";"Exercice JSP 6";"F7";"JSP";"Exercice";"010JG1";"OI_NON_DOCUMENTE_2026";"C site JSP | Moniteurs JSP | JSP";"2026-09-12";"Samedi";"08:00";"11:30";"Caserne G1";"Resp for JSP";"";"";"SOURCE_CLASSEUR_2026";"classeur ligne 611";"RECONDUIT";"";"";"NON";"Référence source de 1 occurrence(s) 2027"
"2026";"QV26:L612";"070F1.612";"Journée des nouveaux habitants";"F1/8";"DPS";"";"070F1";"DPS:G1";"QM | Sur convocation";"2026-09-12";"Samedi";"10:00";"14:00";"Caserne G1";"QM";"";"";"SOURCE_CLASSEUR_2026";"classeur ligne 612";"RECONDUIT";"";"";"NON";"Référence source de 1 occurrence(s) 2027"
"2026";"QV26:L613";"0152F7PL/VL.613";"Conduite, formation continue";"F7";"AUTO";"Conduite";"0152F7";"DPS:C1";"Section 1A | Perm B2";"2026-09-12";"Samedi";"10:30";"11:30";"Caserne C1";"C sct";"";"";"SOURCE_CLASSEUR_2026";"classeur ligne 613";"MODIFIÉ_VOLONTAIREMENT";"";"";"NON";"Cadence de conduite 2027 redéfinie par la MOA"
"2026";"QV26:L614";"0152F7PL/VL.614";"Conduite, formation continue";"F7";"AUTO";"Conduite";"0152F7";"DPS:B1";"Section 1A";"2026-09-12";"Samedi";"10:30";"11:30";"Caserne B1";"C sct";"";"";"SOURCE_CLASSEUR_2026";"classeur ligne 614";"MODIFIÉ_VOLONTAIREMENT";"";"";"NON";"Cadence de conduite 2027 redéfinie par la MOA"
"2026";"QV26:L615";"0152F7PL/VL.615";"Conduite, formation continue";"F7";"AUTO";"Conduite";"0152F7";"DPS:B2";"Perm B2";"2026-09-12";"Samedi";"10:30";"11:30";"Caserne B2";"C sct";"";"";"SOURCE_CLASSEUR_2026";"classeur ligne 615";"MODIFIÉ_VOLONTAIREMENT";"";"";"NON";"Cadence de conduite 2027 redéfinie par la MOA"
"2026";"QV26:L616";"0151F7EA.616";"Formation MEA 2.0";"F7";"AUTO";"Formation";"0151F7";"OI_NON_DOCUMENTE_2026";"Permanent";"2026-09-14";"Lundi";"13:30";"16:00";"Caserne G1";"Of auto";"";"";"SOURCE_CLASSEUR_2026";"classeur ligne 616";"RECONDUIT";"";"";"NON";"Référence source de 1 occurrence(s) 2027"
"2026";"QV26:L617";"010JG1.617";"Séance interne cadres JSP";"F7";"JSP";"Séance";"010JG1";"OI_NON_DOCUMENTE_2026";"C site JSP | Resp for JSP | Moniteurs JSP";"2026-09-14";"Lundi";"18:00";"21:00";"Caserne G1";"C site JSP";"";"";"SOURCE_CLASSEUR_2026";"classeur ligne 617";"RECONDUIT";"";"";"NON";"Référence source de 1 occurrence(s) 2027"
"2026";"QV26:L618";"01521F7PL.618";"Test de sélection cond PL N'26";"F7";"AUTO";"";"01521F7";"OI_NON_DOCUMENTE_2026";"Of auto | Moniteurs DPS | Cond PL N'26";"2026-09-14";"Lundi";"18:00";"22:00";"Caserne G1";"Of auto";"";"";"SOURCE_CLASSEUR_2026";"classeur ligne 618";"RECONDUIT";"";"";"NON";"Référence source de 1 occurrence(s) 2027"
"2026";"QV26:L619";"010JY3.619";"Séance interne cadres JSP";"F7";"JSP";"Séance";"010JY3";"OI_NON_DOCUMENTE_2026";"C site JSP | Resp for JSP | Moniteurs JSP";"2026-09-14";"Lundi";"18:00";"21:00";"Caserne C1";"C site JSP";"";"";"SOURCE_CLASSEUR_2026";"classeur ligne 619";"RECONDUIT";"";"";"NON";"Référence source de 1 occurrence(s) 2027"
"2026";"QV26:L620";"070F23.620";"Séance des chefs de section DAP";"F2/3";"DAP";"Séance";"070F23";"DPS:G1";"Cdt | QM | C for | C DAP | C sct";"2026-09-14";"Lundi";"19:00";"22:00";"Caserne G1";"C DAP";"";"";"SOURCE_CLASSEUR_2026";"classeur ligne 620";"RECONDUIT";"";"";"NON";"Référence source de 1 occurrence(s) 2027"
"2026";"QV26:L620";"070F23.620";"Séance des chefs de section DAP";"F2/3";"DAP";"Séance";"070F23";"DAP:Y1";"Cdt | QM | C for | C DAP | C sct";"2026-09-14";"Lundi";"19:00";"22:00";"Caserne G1";"C DAP";"";"";"SOURCE_CLASSEUR_2026";"classeur ligne 620";"RECONDUIT";"";"";"NON";"Référence source de 1 occurrence(s) 2027"
"2026";"QV26:L620";"070F23.620";"Séance des chefs de section DAP";"F2/3";"DAP";"Séance";"070F23";"DAP:Y2";"Cdt | QM | C for | C DAP | C sct";"2026-09-14";"Lundi";"19:00";"22:00";"Caserne G1";"C DAP";"";"";"SOURCE_CLASSEUR_2026";"classeur ligne 620";"RECONDUIT";"";"";"NON";"Référence source de 1 occurrence(s) 2027"
"2026";"QV26:L620";"070F23.620";"Séance des chefs de section DAP";"F2/3";"DAP";"Séance";"070F23";"DAP:Y3";"Cdt | QM | C for | C DAP | C sct";"2026-09-14";"Lundi";"19:00";"22:00";"Caserne G1";"C DAP";"";"";"SOURCE_CLASSEUR_2026";"classeur ligne 620";"RECONDUIT";"";"";"NON";"Référence source de 1 occurrence(s) 2027"
"2026";"QV26:L620";"070F23.620";"Séance des chefs de section DAP";"F2/3";"DAP";"Séance";"070F23";"DAP:Y4";"Cdt | QM | C for | C DAP | C sct";"2026-09-14";"Lundi";"19:00";"22:00";"Caserne G1";"C DAP";"";"";"SOURCE_CLASSEUR_2026";"classeur ligne 620";"RECONDUIT";"";"";"NON";"Référence source de 1 occurrence(s) 2027"
"2026";"QV26:L621";"0151F7EA.621";"Formation MEA 2.2";"F7";"AUTO";"Formation";"0151F7";"OI_NON_DOCUMENTE_2026";"Section 5";"2026-09-15";"Mardi";"18:00";"20:30";"Caserne G1";"Of auto";"";"";"SOURCE_CLASSEUR_2026";"classeur ligne 621";"RECONDUIT";"";"";"NON";"Référence source de 1 occurrence(s) 2027"
"2026";"QV26:L622";"011PR.622";"Test de sélection PAPR N'27 | Phase I";"F7";"PR";"";"011PR";"OI_NON_DOCUMENTE_2026";"C PR | C for | QM | Form PR | Candidats PAPR N'27";"2026-09-15";"Mardi";"18:00";"22:00";"Caserne G1";"C PR";"";"";"SOURCE_CLASSEUR_2026";"classeur ligne 622";"RECONDUIT";"";"";"NON";"Référence source de 1 occurrence(s) 2027"
"2026";"QV26:L623";"010JB1.623";"Séance interne cadres JSP";"F7";"JSP";"Séance";"010JB1";"OI_NON_DOCUMENTE_2026";"C site JSP | Resp for JSP | Moniteurs JSP";"2026-09-15";"Mardi";"18:00";"21:00";"Caserne B1";"C site JSP";"";"";"SOURCE_CLASSEUR_2026";"classeur ligne 623";"RECONDUIT";"";"";"NON";"Référence source de 1 occurrence(s) 2027"
"2026";"QV26:L624";"070F0.624";"Séance COSEC | Budget";"F0";"SDIS";"Séance";"070F0";"OI_NON_DOCUMENTE_2026";"Président Codir | Cdt | Cadre op CECRY";"2026-09-15";"Mardi";"18:30";"21:00";"SSP";"Cdt";"";"";"SOURCE_CLASSEUR_2026";"classeur ligne 624";"RECONDUIT";"";"";"NON";"Référence source de 1 occurrence(s) 2027"
"2026";"QV26:L625";"012G1PER.625";"Formation permanents | CSU-nvb";"F7";"FOCO";"Formation";"012G1";"DPS:G1";"Permanent";"2026-09-16";"Mercredi";"08:00";"11:00";"Caserne G1";"C for";"";"";"SOURCE_CLASSEUR_2026";"classeur ligne 625";"RECONDUIT";"";"";"NON";"Référence source de 1 occurrence(s) 2027"
"2026";"QV26:L626";"010JSP.626";"Test flammes 2";"F7";"JSP";"";"010JSP";"OI_NON_DOCUMENTE_2026";"C JSP | Resp for JSP | Moniteur JSP | Candidats Flm 2";"2026-09-16";"Mercredi";"14:00";"18:00";"Caserne G1";"C JSP";"";"";"SOURCE_CLASSEUR_2026";"classeur ligne 626";"RECONDUIT";"";"";"NON";"Référence source de 1 occurrence(s) 2027"
"2026";"QV26:L627";"010FOBA.627";"Exercice FOBA 7";"F7";"FOBA";"Exercice";"010FOBA";"OI_NON_DOCUMENTE_2026";"C FOBA | cadres FOBA | FOBA 1 | FOBA 2";"2026-09-16";"Mercredi";"18:30";"21:30";"Caserne G1";"C FOBA";"";"";"SOURCE_CLASSEUR_2026";"classeur ligne 627";"RECONDUIT";"";"";"NON";"Référence source de 1 occurrence(s) 2027"
"2026";"QV26:L628";"013Y4DAP.628";"Cours de cadres exercice DAP 4";"F7";"FOCO";"Cours";"013Y4";"DAP:Y4";"C sct | Formateurs";"2026-09-16";"Mercredi";"19:00";"21:30";"Local Y4";"C sct";"";"";"SOURCE_CLASSEUR_2026";"classeur ligne 628";"RECONDUIT";"";"";"NON";"Référence source de 1 occurrence(s) 2027"
"2026";"QV26:L629";"0154F7GRUE.629";"Formation grutier 2.2";"F7";"AUTO";"Formation";"0154F7";"OI_NON_DOCUMENTE_2026";"Grutiers A | Grutiers C selon convocation";"2026-09-17";"Jeudi";"18:00";"20:00";"Caserne G1";"Of auto";"";"";"SOURCE_CLASSEUR_2026";"classeur ligne 629";"RECONDUIT";"";"";"NON";"Référence source de 1 occurrence(s) 2027"
"2026";"QV26:L630";"0151F7EA.630";"Formation MEA 2.2";"F7";"AUTO";"Formation";"0151F7";"OI_NON_DOCUMENTE_2026";"Section 5 + Réguliers";"2026-09-17";"Jeudi";"18:00";"20:30";"Caserne G1";"Of auto";"";"";"SOURCE_CLASSEUR_2026";"classeur ligne 630";"RECONDUIT";"";"";"NON";"Référence source de 1 occurrence(s) 2027"
"2026";"QV26:L631";"070F0.631";"Séance Codir";"F0";"SDIS";"Séance";"070F0";"OI_NON_DOCUMENTE_2026";"Codir | Cdt";"2026-09-17";"Jeudi";"18:00";"19:00";"Ursins";"PrésidentE Codir";"";"";"SOURCE_CLASSEUR_2026";"classeur ligne 631";"RECONDUIT";"";"";"NON";"Référence source de 1 occurrence(s) 2027"
"2026";"QV26:L632";"070F56AV.632";"Séance photo personnel DPS C1";"F5/6";"SIC";"Séance";"070F56";"DPS:C1";"C site | DPS | FOBA 2 et 3";"2026-09-17";"Jeudi";"18:30";"19:00";"Caserne C1";"C site";"";"";"SOURCE_CLASSEUR_2026";"classeur ligne 632";"RECONDUIT";"";"";"NON";"Référence source de 1 occurrence(s) 2027"
"2026";"QV26:L633";"070F56AV.633";"Séance photo personnel DPS B1";"F5/6";"SIC";"Séance";"070F56";"DPS:B1";"C site | DPS | FOBA 2 et 3";"2026-09-17";"Jeudi";"18:30";"19:00";"Caserne B1";"C site";"";"";"SOURCE_CLASSEUR_2026";"classeur ligne 633";"RECONDUIT";"";"";"NON";"Référence source de 1 occurrence(s) 2027"
"2026";"QV26:L634";"070F56AV.634";"Séance photo personnel DPS B2";"F5/6";"SIC";"Séance";"070F56";"DPS:B2";"C site | DPS | FOBA 2 et 3";"2026-09-17";"Jeudi";"18:30";"19:00";"Caserne B2";"C site";"";"";"SOURCE_CLASSEUR_2026";"classeur ligne 634";"RECONDUIT";"";"";"NON";"Référence source de 1 occurrence(s) 2027"
"2026";"QV26:L635";"012C1DPS.635";"Exercice DPS 2";"F7";"FOCO";"Exercice";"012C1";"DPS:C1";"C site | DPS | FOBA 2 et 3";"2026-09-17";"Jeudi";"19:00";"21:30";"Caserne C1";"C site";"";"";"SOURCE_CLASSEUR_2026";"classeur ligne 635";"RECONDUIT";"";"";"NON";"Référence source de 1 occurrence(s) 2027"
"2026";"QV26:L636";"012B1DPS.636";"Exercice DPS 2";"F7";"FOCO";"Exercice";"012B1";"DPS:B1";"C site | DPS | FOBA 2 et 3";"2026-09-17";"Jeudi";"19:00";"21:30";"Caserne B1";"C site";"";"";"SOURCE_CLASSEUR_2026";"classeur ligne 636";"RECONDUIT";"";"";"NON";"Référence source de 1 occurrence(s) 2027"
"2026";"QV26:L637";"012B2DPS.637";"Exercice DPS 2";"F7";"FOCO";"Exercice";"012B2";"DPS:B2";"C site | DPS | FOBA 2 et 3";"2026-09-17";"Jeudi";"19:00";"21:30";"Caserne B2";"C site";"";"";"SOURCE_CLASSEUR_2026";"classeur ligne 637";"RECONDUIT";"";"";"NON";"Référence source de 1 occurrence(s) 2027"
"2026";"QV26:L638";"070F0.638";"Assemblée CI";"F0";"SDIS";"";"070F0";"OI_NON_DOCUMENTE_2026";"CI | Codir | Cdt";"2026-09-17";"Jeudi";"19:30";"21:00";"À définir";"PrésidentE CI";"";"";"SOURCE_CLASSEUR_2026";"classeur ligne 638";"RECONDUIT";"";"";"NON";"Référence source de 1 occurrence(s) 2027"
"2026";"QV26:L639";"0151F7EA.639";"Formation MEA 2.0";"F7";"AUTO";"Formation";"0151F7";"OI_NON_DOCUMENTE_2026";"Permanent";"2026-09-18";"Vendredi";"09:30";"12:00";"Caserne G1";"Of auto";"";"";"SOURCE_CLASSEUR_2026";"classeur ligne 639";"RECONDUIT";"";"";"NON";"Référence source de 1 occurrence(s) 2027"
"2026";"QV26:L640";"012C1DPS.640";"Instr demi-sct - FEU";"F7";"FOCO";"Instruction";"012C1";"DPS:C1";"Section 3B | Perm B2";"2026-09-19";"Samedi";"07:30";"10:30";"Caserne C1";"C sct";"";"";"SOURCE_CLASSEUR_2026";"classeur ligne 640";"RECONDUIT";"";"";"NON";"Référence source de 1 occurrence(s) 2027"
"2026";"QV26:L641";"012B2DPS.641";"Instr demi-sct - FEU";"F7";"FOCO";"Instruction";"012B2";"DPS:B2";"Perm B2";"2026-09-19";"Samedi";"07:30";"10:30";"Caserne C1";"C sct";"";"";"SOURCE_CLASSEUR_2026";"classeur ligne 641";"RECONDUIT";"";"";"NON";"Référence source de 1 occurrence(s) 2027"
"2026";"QV26:L642";"012B1DPS.642";"Instr demi-sct - FEU";"F7";"FOCO";"Instruction";"012B1";"DPS:B1";"Section 3B";"2026-09-19";"Samedi";"07:30";"10:30";"Caserne B1";"C sct";"";"";"SOURCE_CLASSEUR_2026";"classeur ligne 642";"RECONDUIT";"";"";"NON";"Référence source de 1 occurrence(s) 2027"
"2026";"QV26:L643";"0152F7PL/VL.643";"Conduite, formation continue";"F7";"AUTO";"Conduite";"0152F7";"DPS:C1";"Section 3B | Perm B2";"2026-09-19";"Samedi";"10:30";"11:30";"Caserne C1";"C sct";"";"";"SOURCE_CLASSEUR_2026";"classeur ligne 643";"MODIFIÉ_VOLONTAIREMENT";"";"";"NON";"Cadence de conduite 2027 redéfinie par la MOA"
"2026";"QV26:L644";"0152F7PL/VL.644";"Conduite, formation continue";"F7";"AUTO";"Conduite";"0152F7";"DPS:B1";"Section 3B";"2026-09-19";"Samedi";"10:30";"11:30";"Caserne B1";"C sct";"";"";"SOURCE_CLASSEUR_2026";"classeur ligne 644";"MODIFIÉ_VOLONTAIREMENT";"";"";"NON";"Cadence de conduite 2027 redéfinie par la MOA"
"2026";"QV26:L645";"0152F7PL/VL.645";"Conduite, formation continue";"F7";"AUTO";"Conduite";"0152F7";"DPS:B2";"Perm B2";"2026-09-19";"Samedi";"10:30";"11:30";"Caserne B2";"C sct";"";"";"SOURCE_CLASSEUR_2026";"classeur ligne 645";"MODIFIÉ_VOLONTAIREMENT";"";"";"NON";"Cadence de conduite 2027 redéfinie par la MOA"
"2026";"QV26:L646";"SAB2VD.252a";"Cours ECA SA10 - cours de cadres - répondant de la formation antichute";"F2/3";"ECAFORM";"Cours";"";"OI_NON_DOCUMENTE_2026";"Sur convocation ECAFORM";"2026-09-22";"Mardi";"07:30";"17:00";"Caserne G1";"C op";"";"";"SOURCE_CLASSEUR_2026";"classeur ligne 646";"HUMAN_REVIEW";"";"";"OUI";"Aucun lien sourceLine 2027 prouvé ; absence non présumée volontaire"
"2026";"QV26:L647";"070F1.647";"Entretien postulant échelons I et II";"F1/8";"SDIS";"";"070F1";"OI_NON_DOCUMENTE_2026";"Cdt | QM | C site | C DAP | Selon convocation";"2026-09-22";"Mardi";"16:00";"20:00";"Caserne G1";"Cdt";"";"";"SOURCE_CLASSEUR_2026";"classeur ligne 647";"HUMAN_REVIEW";"";"";"OUI";"Aucun lien sourceLine 2027 prouvé ; absence non présumée volontaire"
"2026";"QV26:L648";"012C1DPS.648";"Cours de cadres exercice DPS 3";"F7";"FOCO";"Cours";"012C1";"DPS:C1";"C site | Selon convocation";"2026-09-22";"Mardi";"19:00";"21:30";"Caserne C1";"C site";"";"";"SOURCE_CLASSEUR_2026";"classeur ligne 648";"RECONDUIT";"";"";"NON";"Référence source de 1 occurrence(s) 2027"
"2026";"QV26:L649";"012B1DPS.649";"Cours de cadres exercice DPS 3";"F7";"FOCO";"Cours";"012B1";"DPS:B1";"C site | Selon convocation";"2026-09-22";"Mardi";"19:00";"21:30";"Caserne B1";"C site";"";"";"SOURCE_CLASSEUR_2026";"classeur ligne 649";"RECONDUIT";"";"";"NON";"Référence source de 1 occurrence(s) 2027"
"2026";"QV26:L650";"012B2DPS.650";"Cours de cadres exercice DPS 3";"F7";"FOCO";"Cours";"012B2";"DPS:B2";"C site | Selon convocation";"2026-09-22";"Mardi";"19:00";"21:30";"Caserne B2";"C site";"";"";"SOURCE_CLASSEUR_2026";"classeur ligne 650";"RECONDUIT";"";"";"NON";"Référence source de 1 occurrence(s) 2027"
"2026";"QV26:L651";"013Y4DAP.651";"Exercice DAP 3";"F7";"FOCO";"Exercice";"013Y4";"DAP:Y4";"C sct | Échelon 0 à III | FOBA 2";"2026-09-22";"Mardi";"19:00";"21:30";"Local Y4";"C sct";"";"";"SOURCE_CLASSEUR_2026";"classeur ligne 651";"RECONDUIT";"";"";"NON";"Référence source de 1 occurrence(s) 2027"
"2026";"QV26:L652";"01522F7VL.652";"Exercice CAR 1.2";"F7";"AUTO";"Exercice";"01522F7";"OI_NON_DOCUMENTE_2026";"Moniteurs conduite DPS | Cond VL";"2026-09-22";"Mardi";"19:00";"21:30";"Caserne militaire";"Of auto";"";"";"SOURCE_CLASSEUR_2026";"classeur ligne 652";"RECONDUIT";"";"";"NON";"Référence source de 1 occurrence(s) 2027"
"2026";"QV26:L653";"SA10VD.252a";"Cours ECA SA10 - répondant de la formation antichute";"F2/3";"ECAFORM";"Cours";"";"OI_NON_DOCUMENTE_2026";"Sur convocation ECAFORM";"2026-09-23";"Mercredi";"07:30";"17:00";"Caserne G1";"C op";"";"";"SOURCE_CLASSEUR_2026";"classeur ligne 653";"HUMAN_REVIEW";"";"";"OUI";"Aucun lien sourceLine 2027 prouvé ; absence non présumée volontaire"
"2026";"QV26:L654";"SP19VD.264a";"Cours ECA SP19 - ventilation opérationnelle";"F2/3";"ECAFORM";"Cours";"";"OI_NON_DOCUMENTE_2026";"Sur convocation ECAFORM";"2026-09-23";"Mercredi";"07:30";"17:00";"Caserne G1";"C op";"";"";"SOURCE_CLASSEUR_2026";"classeur ligne 654";"HUMAN_REVIEW";"";"";"OUI";"Aucun lien sourceLine 2027 prouvé ; absence non présumée volontaire"
"2026";"QV26:L655";"070F0.655";"Séance CRDIS";"F0";"SDIS";"Séance";"070F0";"OI_NON_DOCUMENTE_2026";"Cdt";"2026-09-23";"Mercredi";"09:30";"14:00";"Caserne G1";"Cdt";"";"";"SOURCE_CLASSEUR_2026";"classeur ligne 655";"RECONDUIT";"";"";"NON";"Référence source de 1 occurrence(s) 2027"
"2026";"QV26:L656";"010JSP.656";"Préparation Revue Quinquennale | École de section";"F7";"JSP";"";"010JSP";"OI_NON_DOCUMENTE_2026";"C JSP | Resp for JSP | Moniteur JSP | JSP";"2026-09-23";"Mercredi";"14:00";"16:00";"Caserne G1";"C JSP";"";"";"SOURCE_CLASSEUR_2026";"classeur ligne 656";"HUMAN_REVIEW";"";"";"OUI";"Aucun lien sourceLine 2027 prouvé ; absence non présumée volontaire"
"2026";"QV26:L657";"070F1.657";"Entretien postulant échelons I et II";"F1/8";"SDIS";"";"070F1";"OI_NON_DOCUMENTE_2026";"Cdt | QM | C site | C DAP | Selon convocation";"2026-09-23";"Mercredi";"16:00";"18:00";"Caserne G1";"Cdt";"";"";"SOURCE_CLASSEUR_2026";"classeur ligne 657";"HUMAN_REVIEW";"";"";"OUI";"Aucun lien sourceLine 2027 prouvé ; absence non présumée volontaire"
"2026";"QV26:L658";"0166F7AC.658";"Formation antichute";"F7";"FOSPEC";"Formation";"0166F7";"DPS:G1";"Spécialiste antichute";"2026-09-23";"Mercredi";"18:00";"21:00";"Caserne G1";"C op";"";"";"SOURCE_CLASSEUR_2026";"classeur ligne 658";"RECONDUIT";"";"";"NON";"Référence source de 1 occurrence(s) 2027"
"2026";"QV26:L658";"0166F7AC.658";"Formation antichute";"F7";"FOSPEC";"Formation";"0166F7";"DPS:C1";"Spécialiste antichute";"2026-09-23";"Mercredi";"18:00";"21:00";"Caserne G1";"C op";"";"";"SOURCE_CLASSEUR_2026";"classeur ligne 658";"RECONDUIT";"";"";"NON";"Référence source de 1 occurrence(s) 2027"
"2026";"QV26:L658";"0166F7AC.658";"Formation antichute";"F7";"FOSPEC";"Formation";"0166F7";"DPS:B1";"Spécialiste antichute";"2026-09-23";"Mercredi";"18:00";"21:00";"Caserne G1";"C op";"";"";"SOURCE_CLASSEUR_2026";"classeur ligne 658";"RECONDUIT";"";"";"NON";"Référence source de 1 occurrence(s) 2027"
"2026";"QV26:L658";"0166F7AC.658";"Formation antichute";"F7";"FOSPEC";"Formation";"0166F7";"DPS:B2";"Spécialiste antichute";"2026-09-23";"Mercredi";"18:00";"21:00";"Caserne G1";"C op";"";"";"SOURCE_CLASSEUR_2026";"classeur ligne 658";"RECONDUIT";"";"";"NON";"Référence source de 1 occurrence(s) 2027"
"2026";"QV26:L658";"0166F7AC.658";"Formation antichute";"F7";"FOSPEC";"Formation";"0166F7";"DAP:Y1";"Spécialiste antichute";"2026-09-23";"Mercredi";"18:00";"21:00";"Caserne G1";"C op";"";"";"SOURCE_CLASSEUR_2026";"classeur ligne 658";"RECONDUIT";"";"";"NON";"Référence source de 1 occurrence(s) 2027"
"2026";"QV26:L658";"0166F7AC.658";"Formation antichute";"F7";"FOSPEC";"Formation";"0166F7";"DAP:Y2";"Spécialiste antichute";"2026-09-23";"Mercredi";"18:00";"21:00";"Caserne G1";"C op";"";"";"SOURCE_CLASSEUR_2026";"classeur ligne 658";"RECONDUIT";"";"";"NON";"Référence source de 1 occurrence(s) 2027"
"2026";"QV26:L658";"0166F7AC.658";"Formation antichute";"F7";"FOSPEC";"Formation";"0166F7";"DAP:Y3";"Spécialiste antichute";"2026-09-23";"Mercredi";"18:00";"21:00";"Caserne G1";"C op";"";"";"SOURCE_CLASSEUR_2026";"classeur ligne 658";"RECONDUIT";"";"";"NON";"Référence source de 1 occurrence(s) 2027"
"2026";"QV26:L659";"0151F7EA.659";"Formation MEA 2.2";"F7";"AUTO";"Formation";"0151F7";"OI_NON_DOCUMENTE_2026";"Section 4";"2026-09-23";"Mercredi";"18:00";"20:30";"Caserne G1";"Of auto";"";"";"SOURCE_CLASSEUR_2026";"classeur ligne 659";"RECONDUIT";"";"";"NON";"Référence source de 1 occurrence(s) 2027"
"2026";"QV26:L660";"010JSP.660";"Séance Direction JSP";"F7";"JSP";"Séance";"010JSP";"OI_NON_DOCUMENTE_2026";"C for | C JSP | C site JSP | Resp for JSP";"2026-09-23";"Mercredi";"18:30";"20:30";"Caserne G1";"C JSP";"";"";"SOURCE_CLASSEUR_2026";"classeur ligne 660";"RECONDUIT";"";"";"NON";"Référence source de 1 occurrence(s) 2027"
"2026";"QV26:L661";"SA10VD.252b";"Cours ECA SA10 - répondant de la formation antichute";"F2/3";"ECAFORM";"Cours";"";"OI_NON_DOCUMENTE_2026";"Sur convocation ECAFORM";"2026-09-24";"Jeudi";"07:30";"17:00";"Caserne G1";"C op";"";"";"SOURCE_CLASSEUR_2026";"classeur ligne 661";"HUMAN_REVIEW";"";"";"OUI";"Aucun lien sourceLine 2027 prouvé ; absence non présumée volontaire"
"2026";"QV26:L662";"01521F7PL.662";"Conduite TP9000, formation continue 2.1";"F7";"AUTO";"";"01521F7";"OI_NON_DOCUMENTE_2026";"Cond TP9 | Réguliers";"2026-09-24";"Jeudi";"10:00";"12:00";"Caserne G1";"Of auto";"";"";"SOURCE_CLASSEUR_2026";"classeur ligne 662";"RECONDUIT";"";"";"NON";"Référence source de 1 occurrence(s) 2027"
"2026";"QV26:L663";"071F3.663";"Préparation Revue Quinquennale | École de section";"F3";"";"";"071F3";"DPS:G1";"DPS G1, B1, DAP Y1 et DAP Y2";"2026-09-24";"Jeudi";"19:00";"21:00";"Caserne G1";"C op";"";"";"SOURCE_CLASSEUR_2026";"classeur ligne 663";"HUMAN_REVIEW";"";"";"OUI";"Aucun lien sourceLine 2027 prouvé ; absence non présumée volontaire"
"2026";"QV26:L663";"071F3.663";"Préparation Revue Quinquennale | École de section";"F3";"";"";"071F3";"DPS:B1";"DPS G1, B1, DAP Y1 et DAP Y2";"2026-09-24";"Jeudi";"19:00";"21:00";"Caserne G1";"C op";"";"";"SOURCE_CLASSEUR_2026";"classeur ligne 663";"HUMAN_REVIEW";"";"";"OUI";"Aucun lien sourceLine 2027 prouvé ; absence non présumée volontaire"
"2026";"QV26:L663";"071F3.663";"Préparation Revue Quinquennale | École de section";"F3";"";"";"071F3";"DAP:Y1";"DPS G1, B1, DAP Y1 et DAP Y2";"2026-09-24";"Jeudi";"19:00";"21:00";"Caserne G1";"C op";"";"";"SOURCE_CLASSEUR_2026";"classeur ligne 663";"HUMAN_REVIEW";"";"";"OUI";"Aucun lien sourceLine 2027 prouvé ; absence non présumée volontaire"
"2026";"QV26:L663";"071F3.663";"Préparation Revue Quinquennale | École de section";"F3";"";"";"071F3";"DAP:Y2";"DPS G1, B1, DAP Y1 et DAP Y2";"2026-09-24";"Jeudi";"19:00";"21:00";"Caserne G1";"C op";"";"";"SOURCE_CLASSEUR_2026";"classeur ligne 663";"HUMAN_REVIEW";"";"";"OUI";"Aucun lien sourceLine 2027 prouvé ; absence non présumée volontaire"
"2026";"QV26:L664";"071F3.664";"Préparation Revue Quinquennale | École de section";"F3";"";"";"071F3";"DPS:C1";"DPS C1, B2, DAP Y3 et DAP Y4";"2026-09-24";"Jeudi";"19:00";"21:00";"Caserne C1";"C op";"";"";"SOURCE_CLASSEUR_2026";"classeur ligne 664";"HUMAN_REVIEW";"";"";"OUI";"Aucun lien sourceLine 2027 prouvé ; absence non présumée volontaire"
"2026";"QV26:L664";"071F3.664";"Préparation Revue Quinquennale | École de section";"F3";"";"";"071F3";"DPS:B2";"DPS C1, B2, DAP Y3 et DAP Y4";"2026-09-24";"Jeudi";"19:00";"21:00";"Caserne C1";"C op";"";"";"SOURCE_CLASSEUR_2026";"classeur ligne 664";"HUMAN_REVIEW";"";"";"OUI";"Aucun lien sourceLine 2027 prouvé ; absence non présumée volontaire"
"2026";"QV26:L664";"071F3.664";"Préparation Revue Quinquennale | École de section";"F3";"";"";"071F3";"DAP:Y3";"DPS C1, B2, DAP Y3 et DAP Y4";"2026-09-24";"Jeudi";"19:00";"21:00";"Caserne C1";"C op";"";"";"SOURCE_CLASSEUR_2026";"classeur ligne 664";"HUMAN_REVIEW";"";"";"OUI";"Aucun lien sourceLine 2027 prouvé ; absence non présumée volontaire"
"2026";"QV26:L664";"071F3.664";"Préparation Revue Quinquennale | École de section";"F3";"";"";"071F3";"DAP:Y4";"DPS C1, B2, DAP Y3 et DAP Y4";"2026-09-24";"Jeudi";"19:00";"21:00";"Caserne C1";"C op";"";"";"SOURCE_CLASSEUR_2026";"classeur ligne 664";"HUMAN_REVIEW";"";"";"OUI";"Aucun lien sourceLine 2027 prouvé ; absence non présumée volontaire"
"2026";"QV26:L665";"SA11VD.262a";"Cours ECA SA11 - recyclage répondant de la formation antichute";"F2/3";"ECAFORM";"Cours";"";"OI_NON_DOCUMENTE_2026";"Sur convocation ECAFORM";"2026-09-25";"Vendredi";"07:30";"17:00";"Caserne G1";"C op";"";"";"SOURCE_CLASSEUR_2026";"classeur ligne 665";"HUMAN_REVIEW";"";"";"OUI";"Aucun lien sourceLine 2027 prouvé ; absence non présumée volontaire"
"2026";"QV26:L666";"0161F7PIO.666";"Instr demi-sct - PIONNIER";"F7";"FOSPEC";"Instruction";"0161F7";"DPS:G1";"Section 3A | Réserve | Réguliers";"2026-09-26";"Samedi";"07:30";"11:30";"Caserne G1";"C sct";"";"";"SOURCE_CLASSEUR_2026";"classeur ligne 666";"RECONDUIT";"";"";"NON";"Référence source de 1 occurrence(s) 2027"
"2026";"QV26:L667";"012C1DPS.667";"Instr demi-sct - FEU";"F7";"FOCO";"Instruction";"012C1";"DPS:C1";"Section 2B | Perm B2";"2026-09-26";"Samedi";"07:30";"10:30";"Caserne C1";"C sct";"";"";"SOURCE_CLASSEUR_2026";"classeur ligne 667";"RECONDUIT";"";"";"NON";"Référence source de 1 occurrence(s) 2027"
"2026";"QV26:L668";"012B2DPS.668";"Instr demi-sct - FEU";"F7";"FOCO";"Instruction";"012B2";"DPS:B2";"Perm B2";"2026-09-26";"Samedi";"07:30";"10:30";"Caserne C1";"C sct";"";"";"SOURCE_CLASSEUR_2026";"classeur ligne 668";"RECONDUIT";"";"";"NON";"Référence source de 1 occurrence(s) 2027"
"2026";"QV26:L669";"012B1DPS.669";"Instr demi-sct - FEU";"F7";"FOCO";"Instruction";"012B1";"DPS:B1";"Section 2B";"2026-09-26";"Samedi";"07:30";"10:30";"Caserne B1";"C sct";"";"";"SOURCE_CLASSEUR_2026";"classeur ligne 669";"RECONDUIT";"";"";"NON";"Référence source de 1 occurrence(s) 2027"
"2026";"QV26:L670";"JS03JS.261a";"Cours JSP JS03 - flamme 3 JSP";"F7";"JSP";"Cours";"010JSP";"OI_NON_DOCUMENTE_2026";"Sur convocation ECAFORM";"2026-09-26";"Samedi";"07:30";"17:00";"La Rama";"C for";"";"";"SOURCE_CLASSEUR_2026";"classeur ligne 670";"HUMAN_REVIEW";"";"";"OUI";"Aucun lien sourceLine 2027 prouvé ; absence non présumée volontaire"
"2026";"QV26:L671";"071F3.671";"Revue Quinquennale SDIS Nord vaudois";"F3";"";"";"071F3";"DPS:G1";"TOUS";"2026-09-26";"Samedi";"07:30";"23:00";"SDIS NV";"C op";"";"";"SOURCE_CLASSEUR_2026";"classeur ligne 671";"HUMAN_REVIEW";"";"";"OUI";"Aucun lien sourceLine 2027 prouvé ; absence non présumée volontaire"
"2026";"QV26:L671";"071F3.671";"Revue Quinquennale SDIS Nord vaudois";"F3";"";"";"071F3";"DPS:C1";"TOUS";"2026-09-26";"Samedi";"07:30";"23:00";"SDIS NV";"C op";"";"";"SOURCE_CLASSEUR_2026";"classeur ligne 671";"HUMAN_REVIEW";"";"";"OUI";"Aucun lien sourceLine 2027 prouvé ; absence non présumée volontaire"
"2026";"QV26:L671";"071F3.671";"Revue Quinquennale SDIS Nord vaudois";"F3";"";"";"071F3";"DPS:B1";"TOUS";"2026-09-26";"Samedi";"07:30";"23:00";"SDIS NV";"C op";"";"";"SOURCE_CLASSEUR_2026";"classeur ligne 671";"HUMAN_REVIEW";"";"";"OUI";"Aucun lien sourceLine 2027 prouvé ; absence non présumée volontaire"
"2026";"QV26:L671";"071F3.671";"Revue Quinquennale SDIS Nord vaudois";"F3";"";"";"071F3";"DPS:B2";"TOUS";"2026-09-26";"Samedi";"07:30";"23:00";"SDIS NV";"C op";"";"";"SOURCE_CLASSEUR_2026";"classeur ligne 671";"HUMAN_REVIEW";"";"";"OUI";"Aucun lien sourceLine 2027 prouvé ; absence non présumée volontaire"
"2026";"QV26:L671";"071F3.671";"Revue Quinquennale SDIS Nord vaudois";"F3";"";"";"071F3";"DAP:Y1";"TOUS";"2026-09-26";"Samedi";"07:30";"23:00";"SDIS NV";"C op";"";"";"SOURCE_CLASSEUR_2026";"classeur ligne 671";"HUMAN_REVIEW";"";"";"OUI";"Aucun lien sourceLine 2027 prouvé ; absence non présumée volontaire"
"2026";"QV26:L671";"071F3.671";"Revue Quinquennale SDIS Nord vaudois";"F3";"";"";"071F3";"DAP:Y2";"TOUS";"2026-09-26";"Samedi";"07:30";"23:00";"SDIS NV";"C op";"";"";"SOURCE_CLASSEUR_2026";"classeur ligne 671";"HUMAN_REVIEW";"";"";"OUI";"Aucun lien sourceLine 2027 prouvé ; absence non présumée volontaire"
"2026";"QV26:L671";"071F3.671";"Revue Quinquennale SDIS Nord vaudois";"F3";"";"";"071F3";"DAP:Y3";"TOUS";"2026-09-26";"Samedi";"07:30";"23:00";"SDIS NV";"C op";"";"";"SOURCE_CLASSEUR_2026";"classeur ligne 671";"HUMAN_REVIEW";"";"";"OUI";"Aucun lien sourceLine 2027 prouvé ; absence non présumée volontaire"
"2026";"QV26:L671";"071F3.671";"Revue Quinquennale SDIS Nord vaudois";"F3";"";"";"071F3";"DAP:Y4";"TOUS";"2026-09-26";"Samedi";"07:30";"23:00";"SDIS NV";"C op";"";"";"SOURCE_CLASSEUR_2026";"classeur ligne 671";"HUMAN_REVIEW";"";"";"OUI";"Aucun lien sourceLine 2027 prouvé ; absence non présumée volontaire"
"2026";"QV26:L672";"0152F7PL/VL.672";"Conduite, formation continue";"F7";"AUTO";"Conduite";"0152F7";"DPS:C1";"Section 2B | Perm B2";"2026-09-26";"Samedi";"10:30";"11:30";"Caserne C1";"C sct";"";"";"SOURCE_CLASSEUR_2026";"classeur ligne 672";"MODIFIÉ_VOLONTAIREMENT";"";"";"NON";"Cadence de conduite 2027 redéfinie par la MOA"
"2026";"QV26:L673";"0152F7PL/VL.673";"Conduite, formation continue";"F7";"AUTO";"Conduite";"0152F7";"DPS:B1";"Section 2B";"2026-09-26";"Samedi";"10:30";"11:30";"Caserne B1";"C sct";"";"";"SOURCE_CLASSEUR_2026";"classeur ligne 673";"MODIFIÉ_VOLONTAIREMENT";"";"";"NON";"Cadence de conduite 2027 redéfinie par la MOA"
"2026";"QV26:L674";"0152F7PL/VL.674";"Conduite, formation continue";"F7";"AUTO";"Conduite";"0152F7";"DPS:B2";"Perm B2";"2026-09-26";"Samedi";"10:30";"11:30";"Caserne B2";"C sct";"";"";"SOURCE_CLASSEUR_2026";"classeur ligne 674";"MODIFIÉ_VOLONTAIREMENT";"";"";"NON";"Cadence de conduite 2027 redéfinie par la MOA"
"2026";"QV26:L675";"0171F7DPS.675";"Cursus CI DPS - module 10 | Tests théoriques et pratiques";"F7";"FOCA";"";"0171F7";"DPS:G1";"Cdt | C for | Candidats échelon II OP '26 - '27";"2026-09-26";"Samedi";"18:00";"23:59";"Caserne G1";"Cdt";"";"";"SOURCE_CLASSEUR_2026";"classeur ligne 675";"HUMAN_REVIEW";"";"";"OUI";"Aucun lien sourceLine 2027 prouvé ; absence non présumée volontaire"
"2026";"QV26:L675";"0171F7DPS.675";"Cursus CI DPS - module 10 | Tests théoriques et pratiques";"F7";"FOCA";"";"0171F7";"DPS:C1";"Cdt | C for | Candidats échelon II OP '26 - '27";"2026-09-26";"Samedi";"18:00";"23:59";"Caserne G1";"Cdt";"";"";"SOURCE_CLASSEUR_2026";"classeur ligne 675";"HUMAN_REVIEW";"";"";"OUI";"Aucun lien sourceLine 2027 prouvé ; absence non présumée volontaire"
"2026";"QV26:L675";"0171F7DPS.675";"Cursus CI DPS - module 10 | Tests théoriques et pratiques";"F7";"FOCA";"";"0171F7";"DPS:B1";"Cdt | C for | Candidats échelon II OP '26 - '27";"2026-09-26";"Samedi";"18:00";"23:59";"Caserne G1";"Cdt";"";"";"SOURCE_CLASSEUR_2026";"classeur ligne 675";"HUMAN_REVIEW";"";"";"OUI";"Aucun lien sourceLine 2027 prouvé ; absence non présumée volontaire"
"2026";"QV26:L675";"0171F7DPS.675";"Cursus CI DPS - module 10 | Tests théoriques et pratiques";"F7";"FOCA";"";"0171F7";"DPS:B2";"Cdt | C for | Candidats échelon II OP '26 - '27";"2026-09-26";"Samedi";"18:00";"23:59";"Caserne G1";"Cdt";"";"";"SOURCE_CLASSEUR_2026";"classeur ligne 675";"HUMAN_REVIEW";"";"";"OUI";"Aucun lien sourceLine 2027 prouvé ; absence non présumée volontaire"
"2026";"QV26:L676";"0171F7DPS.676";"Cursus CI DPS - module 10 | Tests théoriques et pratiques";"F7";"FOCA";"";"0171F7";"DPS:G1";"Cdt | C for | Candidats échelon II OP '26 - '27";"2026-09-27";"Dimanche";"00:00";"06:00";"Caserne G1";"Cdt";"";"";"SOURCE_CLASSEUR_2026";"classeur ligne 676";"HUMAN_REVIEW";"";"";"OUI";"Aucun lien sourceLine 2027 prouvé ; absence non présumée volontaire"
"2026";"QV26:L676";"0171F7DPS.676";"Cursus CI DPS - module 10 | Tests théoriques et pratiques";"F7";"FOCA";"";"0171F7";"DPS:C1";"Cdt | C for | Candidats échelon II OP '26 - '27";"2026-09-27";"Dimanche";"00:00";"06:00";"Caserne G1";"Cdt";"";"";"SOURCE_CLASSEUR_2026";"classeur ligne 676";"HUMAN_REVIEW";"";"";"OUI";"Aucun lien sourceLine 2027 prouvé ; absence non présumée volontaire"
"2026";"QV26:L676";"0171F7DPS.676";"Cursus CI DPS - module 10 | Tests théoriques et pratiques";"F7";"FOCA";"";"0171F7";"DPS:B1";"Cdt | C for | Candidats échelon II OP '26 - '27";"2026-09-27";"Dimanche";"00:00";"06:00";"Caserne G1";"Cdt";"";"";"SOURCE_CLASSEUR_2026";"classeur ligne 676";"HUMAN_REVIEW";"";"";"OUI";"Aucun lien sourceLine 2027 prouvé ; absence non présumée volontaire"
"2026";"QV26:L676";"0171F7DPS.676";"Cursus CI DPS - module 10 | Tests théoriques et pratiques";"F7";"FOCA";"";"0171F7";"DPS:B2";"Cdt | C for | Candidats échelon II OP '26 - '27";"2026-09-27";"Dimanche";"00:00";"06:00";"Caserne G1";"Cdt";"";"";"SOURCE_CLASSEUR_2026";"classeur ligne 676";"HUMAN_REVIEW";"";"";"OUI";"Aucun lien sourceLine 2027 prouvé ; absence non présumée volontaire"
"2026";"QV26:L677";"070F1.677";"Entretien postulant échelons I et II";"F1/8";"SDIS";"";"070F1";"OI_NON_DOCUMENTE_2026";"Cdt | QM | C site | C DAP | Selon convocation";"2026-09-28";"Lundi";"16:00";"18:00";"Caserne G1";"Cdt";"";"";"SOURCE_CLASSEUR_2026";"classeur ligne 677";"HUMAN_REVIEW";"";"";"OUI";"Aucun lien sourceLine 2027 prouvé ; absence non présumée volontaire"
"2026";"QV26:L678";"0151F7EA.678";"Formation MEA 2.2";"F7";"AUTO";"Formation";"0151F7";"OI_NON_DOCUMENTE_2026";"Section 3 + Réguliers";"2026-09-28";"Lundi";"18:00";"20:30";"Caserne G1";"Of auto";"";"";"SOURCE_CLASSEUR_2026";"classeur ligne 678";"RECONDUIT";"";"";"NON";"Référence source de 1 occurrence(s) 2027"
"2026";"QV26:L679";"01521F7PL.679";"Conduite TP9000, formation continue 2.0";"F7";"AUTO";"";"01521F7";"OI_NON_DOCUMENTE_2026";"Cond TP9 | Permanent";"2026-09-29";"Mardi";"10:00";"12:00";"Caserne G1";"Of auto";"";"";"SOURCE_CLASSEUR_2026";"classeur ligne 679";"RECONDUIT";"";"";"NON";"Référence source de 1 occurrence(s) 2027"
"2026";"QV26:L680";"EMSEA.680";"Séance EM";"F0";"SDIS";"Séance";"EMSEA";"OI_NON_DOCUMENTE_2026";"EM";"2026-09-29";"Mardi";"18:00";"21:00";"Caserne G1";"Cdt";"";"";"SOURCE_CLASSEUR_2026";"classeur ligne 680";"RECONDUIT";"";"";"NON";"Référence source de 1 occurrence(s) 2027"
"2026";"QV26:L681";"013Y3DAP.681";"Cours de cadres exercice DAP 4";"F7";"FOCO";"Cours";"013Y3";"DAP:Y3";"C sct | Formateurs";"2026-09-29";"Mardi";"19:00";"21:30";"Local Y3";"C sct";"";"";"SOURCE_CLASSEUR_2026";"classeur ligne 681";"RECONDUIT";"";"";"NON";"Référence source de 1 occurrence(s) 2027"
"2026";"QV26:L682";"01522F7VL.682";"Exercice CAR 1.3";"F7";"AUTO";"Exercice";"01522F7";"OI_NON_DOCUMENTE_2026";"Moniteurs conduite DPS | Cond VL";"2026-09-29";"Mardi";"19:00";"21:30";"Caserne militaire";"Of auto";"";"";"SOURCE_CLASSEUR_2026";"classeur ligne 682";"RECONDUIT";"";"";"NON";"Référence source de 1 occurrence(s) 2027"
"2026";"QV26:L683";"0153F7BAT.683";"Formation pilote BAT 2";"F7";"AUTO";"Formation";"0153F7";"OI_NON_DOCUMENTE_2026";"Pilotes BAT permanent";"2026-09-30";"Mercredi";"08:00";"10:00";"Caserne G1";"Of auto";"";"";"SOURCE_CLASSEUR_2026";"classeur ligne 683";"RECONDUIT";"";"";"NON";"Référence source de 1 occurrence(s) 2027"
"2026";"QV26:L684";"0153F7BAT.684";"Formation pilote BAT 2";"F7";"AUTO";"Formation";"0153F7";"OI_NON_DOCUMENTE_2026";"Pilotes BAT permanent";"2026-09-30";"Mercredi";"10:00";"12:00";"Caserne G1";"Of auto";"";"";"SOURCE_CLASSEUR_2026";"classeur ligne 684";"RECONDUIT";"";"";"NON";"Référence source de 1 occurrence(s) 2027"
"2026";"QV26:L685";"0153F7BAT.685";"Formation pilote BAT 2";"F7";"AUTO";"Formation";"0153F7";"OI_NON_DOCUMENTE_2026";"Pilotes BAT permanent";"2026-09-30";"Mercredi";"14:00";"16:00";"Caserne G1";"Of auto";"";"";"SOURCE_CLASSEUR_2026";"classeur ligne 685";"RECONDUIT";"";"";"NON";"Référence source de 1 occurrence(s) 2027"
"2026";"QV26:L686";"0172F7DAP.686";"Cursus CI DAP - module 4 | Interventions varia";"F7";"FOCA";"";"0172F7";"DAP:Y1";"Cdt | C for | Candidats échelon II '25-26";"2026-09-30";"Mercredi";"18:00";"21:00";"Caserne G1";"Cdt";"";"";"SOURCE_CLASSEUR_2026";"classeur ligne 686";"HUMAN_REVIEW";"";"";"OUI";"Aucun lien sourceLine 2027 prouvé ; absence non présumée volontaire"
"2026";"QV26:L686";"0172F7DAP.686";"Cursus CI DAP - module 4 | Interventions varia";"F7";"FOCA";"";"0172F7";"DAP:Y2";"Cdt | C for | Candidats échelon II '25-26";"2026-09-30";"Mercredi";"18:00";"21:00";"Caserne G1";"Cdt";"";"";"SOURCE_CLASSEUR_2026";"classeur ligne 686";"HUMAN_REVIEW";"";"";"OUI";"Aucun lien sourceLine 2027 prouvé ; absence non présumée volontaire"
"2026";"QV26:L686";"0172F7DAP.686";"Cursus CI DAP - module 4 | Interventions varia";"F7";"FOCA";"";"0172F7";"DAP:Y3";"Cdt | C for | Candidats échelon II '25-26";"2026-09-30";"Mercredi";"18:00";"21:00";"Caserne G1";"Cdt";"";"";"SOURCE_CLASSEUR_2026";"classeur ligne 686";"HUMAN_REVIEW";"";"";"OUI";"Aucun lien sourceLine 2027 prouvé ; absence non présumée volontaire"
"2026";"QV26:L686";"0172F7DAP.686";"Cursus CI DAP - module 4 | Interventions varia";"F7";"FOCA";"";"0172F7";"DAP:Y4";"Cdt | C for | Candidats échelon II '25-26";"2026-09-30";"Mercredi";"18:00";"21:00";"Caserne G1";"Cdt";"";"";"SOURCE_CLASSEUR_2026";"classeur ligne 686";"HUMAN_REVIEW";"";"";"OUI";"Aucun lien sourceLine 2027 prouvé ; absence non présumée volontaire"
"2026";"QV26:L687";"011PR.687";"Cursus PAPR - module 4 | Surveillance PR";"F7";"PR";"";"011PR";"OI_NON_DOCUMENTE_2026";"Form PR | PAPR N'26";"2026-09-30";"Mercredi";"18:00";"21:00";"Caserne G1";"C PR";"";"";"SOURCE_CLASSEUR_2026";"classeur ligne 687";"HUMAN_REVIEW";"";"";"OUI";"Aucun lien sourceLine 2027 prouvé ; absence non présumée volontaire"
"2026";"QV26:L688";"070F56.688";"Séance communication F5/6";"F5/6";"SIC";"Séance";"070F56";"DPS:G1";"Membres communication";"2026-09-30";"Mercredi";"18:00";"20:00";"Caserne G1";"Of spéc";"";"";"SOURCE_CLASSEUR_2026";"classeur ligne 688";"RECONDUIT";"";"";"NON";"Référence source de 1 occurrence(s) 2027"
"2026";"QV26:L688";"070F56.688";"Séance communication F5/6";"F5/6";"SIC";"Séance";"070F56";"DAP:Y1";"Membres communication";"2026-09-30";"Mercredi";"18:00";"20:00";"Caserne G1";"Of spéc";"";"";"SOURCE_CLASSEUR_2026";"classeur ligne 688";"RECONDUIT";"";"";"NON";"Référence source de 1 occurrence(s) 2027"
"2026";"QV26:L689";"012G1DPS.689";"Cours de cadres exercice DPS 2";"F7";"FOCO";"Cours";"012G1";"DPS:G1";"C site | C for | Selon convocation";"2026-09-30";"Mercredi";"18:30";"21:00";"Caserne G1";"C site";"";"";"SOURCE_CLASSEUR_2026";"classeur ligne 689";"RECONDUIT";"";"";"NON";"Référence source de 1 occurrence(s) 2027"
"2026";"QV26:L690";"012B1DPS.690";"Exercice DPS-DAP 2";"F7";"FOCO";"Exercice";"012B1";"DPS:B1";"Section 3";"2026-09-30";"Mercredi";"19:00";"21:30";"Caserne B1";"C for";"";"";"SOURCE_CLASSEUR_2026";"classeur ligne 690";"RECONDUIT";"";"";"NON";"Référence source de 1 occurrence(s) 2027"
"2026";"QV26:L691";"013Y1DAP.691";"Exercice DPS-DAP 2";"F7";"FOCO";"Exercice";"013Y1";"DAP:Y1";"DAP Y1 | ½ section";"2026-09-30";"Mercredi";"19:00";"21:30";"À définir";"C for";"";"";"SOURCE_CLASSEUR_2026";"classeur ligne 691";"RECONDUIT";"";"";"NON";"Référence source de 1 occurrence(s) 2027"
"2026";"QV26:L692";"0163F7VPC.692";"Formation opérateur VPC 2.1";"F7";"FOSPEC";"Formation";"0163F7";"DPS:G1";"Opérateur VPC | Permanent | Réguliers";"2026-10-01";"Jeudi";"14:00";"17:00";"Caserne G1";"Resp VPC";"";"";"SOURCE_CLASSEUR_2026";"classeur ligne 692";"RECONDUIT";"";"";"NON";"Référence source de 1 occurrence(s) 2027"
"2026";"QV26:L693";"01521F7PL.693";"Conduite TP9000, formation continue 2.2";"F7";"AUTO";"";"01521F7";"OI_NON_DOCUMENTE_2026";"Cond TP9 | Section 3";"2026-10-01";"Jeudi";"18:00";"20:00";"Caserne G1";"Of auto";"";"";"SOURCE_CLASSEUR_2026";"classeur ligne 693";"RECONDUIT";"";"";"NON";"Référence source de 1 occurrence(s) 2027"
"2026";"QV26:L694";"0167F7SAN.694";"Recyclage BLS | AED SN55i";"F7";"FOSPEC";"";"0167F7";"DPS:G1";"Instructeur recyclage BLS | AED, selon convocation";"2026-10-01";"Jeudi";"18:00";"22:00";"Caserne C1";"Réf sanitaire";"";"";"SOURCE_CLASSEUR_2026";"classeur ligne 694";"RECONDUIT";"";"";"NON";"Référence source de 1 occurrence(s) 2027"
"2026";"QV26:L694";"0167F7SAN.694";"Recyclage BLS | AED SN55i";"F7";"FOSPEC";"";"0167F7";"DPS:C1";"Instructeur recyclage BLS | AED, selon convocation";"2026-10-01";"Jeudi";"18:00";"22:00";"Caserne C1";"Réf sanitaire";"";"";"SOURCE_CLASSEUR_2026";"classeur ligne 694";"RECONDUIT";"";"";"NON";"Référence source de 1 occurrence(s) 2027"
"2026";"QV26:L694";"0167F7SAN.694";"Recyclage BLS | AED SN55i";"F7";"FOSPEC";"";"0167F7";"DPS:B1";"Instructeur recyclage BLS | AED, selon convocation";"2026-10-01";"Jeudi";"18:00";"22:00";"Caserne C1";"Réf sanitaire";"";"";"SOURCE_CLASSEUR_2026";"classeur ligne 694";"RECONDUIT";"";"";"NON";"Référence source de 1 occurrence(s) 2027"
"2026";"QV26:L694";"0167F7SAN.694";"Recyclage BLS | AED SN55i";"F7";"FOSPEC";"";"0167F7";"DPS:B2";"Instructeur recyclage BLS | AED, selon convocation";"2026-10-01";"Jeudi";"18:00";"22:00";"Caserne C1";"Réf sanitaire";"";"";"SOURCE_CLASSEUR_2026";"classeur ligne 694";"RECONDUIT";"";"";"NON";"Référence source de 1 occurrence(s) 2027"
"2026";"QV26:L694";"0167F7SAN.694";"Recyclage BLS | AED SN55i";"F7";"FOSPEC";"";"0167F7";"DAP:Y1";"Instructeur recyclage BLS | AED, selon convocation";"2026-10-01";"Jeudi";"18:00";"22:00";"Caserne C1";"Réf sanitaire";"";"";"SOURCE_CLASSEUR_2026";"classeur ligne 694";"RECONDUIT";"";"";"NON";"Référence source de 1 occurrence(s) 2027"
"2026";"QV26:L695";"0171F7.695";"Cursus « Notions d'administration publique » | module 4";"F7";"FOCA";"";"0171F7";"DPS:G1";"Échelon III et IV sur convocation, partenaires feux bleus";"2026-10-02";"Vendredi";"08:00";"16:00";"Caserne G1";"Cdt";"";"";"SOURCE_CLASSEUR_2026";"classeur ligne 695";"HUMAN_REVIEW";"";"";"OUI";"Aucun lien sourceLine 2027 prouvé ; absence non présumée volontaire"
"2026";"QV26:L695";"0171F7.695";"Cursus « Notions d'administration publique » | module 4";"F7";"FOCA";"";"0171F7";"DPS:C1";"Échelon III et IV sur convocation, partenaires feux bleus";"2026-10-02";"Vendredi";"08:00";"16:00";"Caserne G1";"Cdt";"";"";"SOURCE_CLASSEUR_2026";"classeur ligne 695";"HUMAN_REVIEW";"";"";"OUI";"Aucun lien sourceLine 2027 prouvé ; absence non présumée volontaire"
"2026";"QV26:L695";"0171F7.695";"Cursus « Notions d'administration publique » | module 4";"F7";"FOCA";"";"0171F7";"DPS:B1";"Échelon III et IV sur convocation, partenaires feux bleus";"2026-10-02";"Vendredi";"08:00";"16:00";"Caserne G1";"Cdt";"";"";"SOURCE_CLASSEUR_2026";"classeur ligne 695";"HUMAN_REVIEW";"";"";"OUI";"Aucun lien sourceLine 2027 prouvé ; absence non présumée volontaire"
"2026";"QV26:L695";"0171F7.695";"Cursus « Notions d'administration publique » | module 4";"F7";"FOCA";"";"0171F7";"DPS:B2";"Échelon III et IV sur convocation, partenaires feux bleus";"2026-10-02";"Vendredi";"08:00";"16:00";"Caserne G1";"Cdt";"";"";"SOURCE_CLASSEUR_2026";"classeur ligne 695";"HUMAN_REVIEW";"";"";"OUI";"Aucun lien sourceLine 2027 prouvé ; absence non présumée volontaire"
"2026";"QV26:L696";"01521F7PL.696";"Conduite TP9000, formation continue 2.0";"F7";"AUTO";"";"01521F7";"OI_NON_DOCUMENTE_2026";"Cond TP9 | Permanent";"2026-10-02";"Vendredi";"10:00";"12:00";"Caserne G1";"Of auto";"";"";"SOURCE_CLASSEUR_2026";"classeur ligne 696";"RECONDUIT";"";"";"NON";"Référence source de 1 occurrence(s) 2027"
"2026";"QV26:L697";"01521F7PL.697";"Conduite TP9000, formation continue 2.1";"F7";"AUTO";"";"01521F7";"OI_NON_DOCUMENTE_2026";"Cond TP9 | Réguliers";"2026-10-02";"Vendredi";"14:00";"16:00";"Caserne G1";"Of auto";"";"";"SOURCE_CLASSEUR_2026";"classeur ligne 697";"RECONDUIT";"";"";"NON";"Référence source de 1 occurrence(s) 2027"
"2026";"QV26:L698";"010FOBA.698";"Exercice FOBA 8";"F7";"FOBA";"Exercice";"010FOBA";"OI_NON_DOCUMENTE_2026";"C FOBA | cadres FOBA | FOBA 1 | FOBA 2";"2026-10-03";"Samedi";"07:30";"17:30";"Caserne G1";"C FOBA";"";"";"SOURCE_CLASSEUR_2026";"classeur ligne 698";"RECONDUIT";"";"";"NON";"Référence source de 1 occurrence(s) 2027"
"2026";"QV26:L699";"0161F7PIO.699";"Instr demi-sct - PIONNIER";"F7";"FOSPEC";"Instruction";"0161F7";"DPS:G1";"Section 2A | Réserve | Réguliers";"2026-10-03";"Samedi";"07:30";"11:30";"Caserne G1";"C sct";"";"";"SOURCE_CLASSEUR_2026";"classeur ligne 699";"RECONDUIT";"";"";"NON";"Référence source de 1 occurrence(s) 2027"
"2026";"QV26:L700";"JS21JS.261a";"Cours JSP JS21 - valorisation moniteurs - module I";"F7";"JSP";"Cours";"COURJSP";"OI_NON_DOCUMENTE_2026";"Moniteurs JSP selon convocation GVJSP";"2026-10-03";"Samedi";"07:30";"17:30";"Caserne SDIS";"C for";"";"";"SOURCE_CLASSEUR_2026";"classeur ligne 700";"RECONDUIT";"";"";"NON";"Référence source de 1 occurrence(s) 2027"
"2026";"QV26:L701";"JS24JS.261a";"Cours JSP JS24 - valorisation moniteurs - module III";"F7";"JSP";"Cours";"COURJSP";"OI_NON_DOCUMENTE_2026";"Moniteurs JSP selon convocation GVJSP";"2026-10-03";"Samedi";"08:00";"17:30";"Caserne SDIS";"C for";"";"";"SOURCE_CLASSEUR_2026";"classeur ligne 701";"RECONDUIT";"";"";"NON";"Référence source de 1 occurrence(s) 2027"
"2026";"QV26:L702";"JS22JS.261a";"Cours JSP JS22 - valorisation moniteurs - module II";"F7";"JSP";"Cours";"COURJSP";"OI_NON_DOCUMENTE_2026";"Moniteurs JSP selon convocation GVJSP";"2026-10-03";"Samedi";"08:30";"17:30";"Caserne SDIS";"C for";"";"";"SOURCE_CLASSEUR_2026";"classeur ligne 702";"RECONDUIT";"";"";"NON";"Référence source de 1 occurrence(s) 2027"
"2026";"QV26:L703";"01521F7PL.703";"Conduite TP9000, formation continue 2.0";"F7";"AUTO";"";"01521F7";"OI_NON_DOCUMENTE_2026";"Cond TP9 | Permanent";"2026-10-05";"Lundi";"14:00";"16:00";"Caserne G1";"Of auto";"";"";"SOURCE_CLASSEUR_2026";"classeur ligne 703";"RECONDUIT";"";"";"NON";"Référence source de 1 occurrence(s) 2027"
"2026";"QV26:L704";"0164F7ABC.704";"Cours de cadres Formation ABC";"F7";"FOSPEC";"Cours";"0164F7";"DPS:G1";"Cdt | C for | Resp ABC";"2026-10-05";"Lundi";"15:00";"17:30";"Caserne G1";"Resp ABC";"";"";"SOURCE_CLASSEUR_2026";"classeur ligne 704";"HUMAN_REVIEW";"";"";"OUI";"Aucun lien sourceLine 2027 prouvé ; absence non présumée volontaire"
"2026";"QV26:L704";"0164F7ABC.704";"Cours de cadres Formation ABC";"F7";"FOSPEC";"Cours";"0164F7";"DPS:B2";"Cdt | C for | Resp ABC";"2026-10-05";"Lundi";"15:00";"17:30";"Caserne G1";"Resp ABC";"";"";"SOURCE_CLASSEUR_2026";"classeur ligne 704";"HUMAN_REVIEW";"";"";"OUI";"Aucun lien sourceLine 2027 prouvé ; absence non présumée volontaire"
"2026";"QV26:L705";"0151F7EA.705";"Formation MEA 2.2";"F7";"AUTO";"Formation";"0151F7";"OI_NON_DOCUMENTE_2026";"Section 2 + Réguliers";"2026-10-05";"Lundi";"18:00";"20:30";"Caserne G1";"Of auto";"";"";"SOURCE_CLASSEUR_2026";"classeur ligne 705";"RECONDUIT";"";"";"NON";"Référence source de 1 occurrence(s) 2027"
"2026";"QV26:L706";"010JC1.706";"Exercice JSP 8";"F7";"JSP";"Exercice";"010JC1";"OI_NON_DOCUMENTE_2026";"C site JSP | Moniteurs JSP | JSP";"2026-10-05";"Lundi";"18:00";"20:00";"Caserne C1";"Resp for JSP";"";"";"SOURCE_CLASSEUR_2026";"classeur ligne 706";"RECONDUIT";"";"";"NON";"Référence source de 1 occurrence(s) 2027"
"2026";"QV26:L707";"070F56AV.707";"Séance photo personnel DAP";"F5/6";"SIC";"Séance";"070F56";"DAP:Y4";"C sct | Échelon 0 à III";"2026-10-05";"Lundi";"18:30";"19:00";"Local Y4";"C site";"";"";"SOURCE_CLASSEUR_2026";"classeur ligne 707";"RECONDUIT";"";"";"NON";"Référence source de 1 occurrence(s) 2027"
"2026";"QV26:L708";"013Y4DAP.708";"Exercice DAP 4";"F7";"FOCO";"Exercice";"013Y4";"DAP:Y4";"C sct | Échelon 0 à III";"2026-10-05";"Lundi";"19:00";"21:30";"Local Y4";"C sct";"";"";"SOURCE_CLASSEUR_2026";"classeur ligne 708";"HUMAN_REVIEW";"";"";"OUI";"Aucun lien sourceLine 2027 prouvé ; absence non présumée volontaire"
"2026";"QV26:L709";"01521F7PL.709";"Conduite TP9000, formation continue 2.1";"F7";"AUTO";"";"01521F7";"OI_NON_DOCUMENTE_2026";"Cond TP9 | Réguliers";"2026-10-06";"Mardi";"14:00";"16:00";"Caserne G1";"Of auto";"";"";"SOURCE_CLASSEUR_2026";"classeur ligne 709";"RECONDUIT";"";"";"NON";"Référence source de 1 occurrence(s) 2027"
"2026";"QV26:L710";"010JB1.710";"Exercice JSP 8";"F7";"JSP";"Exercice";"010JB1";"OI_NON_DOCUMENTE_2026";"C site JSP | Moniteurs JSP | JSP";"2026-10-06";"Mardi";"18:00";"20:00";"Caserne B1";"Resp for JSP";"";"";"SOURCE_CLASSEUR_2026";"classeur ligne 710";"RECONDUIT";"";"";"NON";"Référence source de 1 occurrence(s) 2027"
"2026";"QV26:L711";"0164F7ABC.711";"Exercice PR-ABC | Refresh";"F7";"PR";"Exercice";"0164F7";"OI_NON_DOCUMENTE_2026";"Porteur ABC tenue lourde";"2026-10-06";"Mardi";"18:30";"21:30";"Caserne G1";"C PR";"";"";"SOURCE_CLASSEUR_2026";"classeur ligne 711";"HUMAN_REVIEW";"";"";"OUI";"Aucun lien sourceLine 2027 prouvé ; absence non présumée volontaire"
"2026";"QV26:L712";"01522F7VL.712";"Exercice CAR 1.4";"F7";"AUTO";"Exercice";"01522F7";"OI_NON_DOCUMENTE_2026";"Moniteurs conduite DPS | Cond VL";"2026-10-06";"Mardi";"19:00";"21:30";"Caserne militaire";"Of auto";"";"";"SOURCE_CLASSEUR_2026";"classeur ligne 712";"RECONDUIT";"";"";"NON";"Référence source de 1 occurrence(s) 2027"
"2026";"QV26:L713";"0153F7BAT.713";"Formation pilote BAT 2 | Réserve";"F7";"AUTO";"Formation";"0153F7";"OI_NON_DOCUMENTE_2026";"Pilotes BAT permanent";"2026-10-07";"Mercredi";"08:00";"10:00";"Caserne G1";"Of auto";"";"";"SOURCE_CLASSEUR_2026";"classeur ligne 713";"RECONDUIT";"";"";"NON";"Référence source de 1 occurrence(s) 2027"
"2026";"QV26:L714";"0153F7BAT.714";"Formation pilote BAT 2 | Réserve";"F7";"AUTO";"Formation";"0153F7";"OI_NON_DOCUMENTE_2026";"Pilotes BAT permanent";"2026-10-07";"Mercredi";"10:00";"12:00";"Caserne G1";"Of auto";"";"";"SOURCE_CLASSEUR_2026";"classeur ligne 714";"RECONDUIT";"";"";"NON";"Référence source de 1 occurrence(s) 2027"
"2026";"QV26:L715";"0153F7BAT.715";"Formation pilote BAT 2 | Réserve";"F7";"AUTO";"Formation";"0153F7";"OI_NON_DOCUMENTE_2026";"Pilotes BAT permanent";"2026-10-07";"Mercredi";"14:00";"16:00";"Caserne G1";"Of auto";"";"";"SOURCE_CLASSEUR_2026";"classeur ligne 715";"RECONDUIT";"";"";"NON";"Référence source de 1 occurrence(s) 2027"
"2026";"QV26:L716";"0154F7GRUE.716";"Formation grutier 2.2";"F7";"AUTO";"Formation";"0154F7";"OI_NON_DOCUMENTE_2026";"Grutiers A | Grutiers C selon convocation";"2026-10-07";"Mercredi";"18:00";"20:00";"Caserne G1";"Of auto";"";"";"SOURCE_CLASSEUR_2026";"classeur ligne 716";"RECONDUIT";"";"";"NON";"Référence source de 1 occurrence(s) 2027"
"2026";"QV26:L717";"01521F7PL.717";"Conduite TP9000, formation continue 2.0";"F7";"AUTO";"";"01521F7";"OI_NON_DOCUMENTE_2026";"Cond TP9 | Permanent";"2026-10-08";"Jeudi";"14:00";"16:00";"Caserne G1";"Of auto";"";"";"SOURCE_CLASSEUR_2026";"classeur ligne 717";"RECONDUIT";"";"";"NON";"Référence source de 1 occurrence(s) 2027"
"2026";"QV26:L718";"0163F7VPC.718";"Formation opérateur VPC 2.2";"F7";"FOSPEC";"Formation";"0163F7";"DPS:G1";"Opérateur VPC";"2026-10-08";"Jeudi";"18:00";"21:00";"Caserne G1";"Resp VPC";"";"";"SOURCE_CLASSEUR_2026";"classeur ligne 718";"RECONDUIT";"";"";"NON";"Référence source de 1 occurrence(s) 2027"
"2026";"QV26:L719";"070F56AV.719";"Séance photo du personnel DAP";"F5/6";"SIC";"Séance";"070F56";"DAP:Y3";"C sct | Échelon 0 à III";"2026-10-08";"Jeudi";"18:30";"19:00";"Local Y3";"C sct";"";"";"SOURCE_CLASSEUR_2026";"classeur ligne 719";"HUMAN_REVIEW";"";"";"OUI";"Aucun lien sourceLine 2027 prouvé ; absence non présumée volontaire"
"2026";"QV26:L720";"012B1DPS.720";"Exercice DPS-DAP 2";"F7";"FOCO";"Exercice";"012B1";"DPS:B1";"Section 2";"2026-10-08";"Jeudi";"19:00";"21:30";"Caserne B1";"C for";"";"";"SOURCE_CLASSEUR_2026";"classeur ligne 720";"RECONDUIT";"";"";"NON";"Référence source de 1 occurrence(s) 2027"
"2026";"QV26:L721";"013Y3DAP.721";"Exercice DAP 4";"F7";"FOCO";"Exercice";"013Y3";"DAP:Y3";"C sct | Échelon 0 à III";"2026-10-08";"Jeudi";"19:00";"21:30";"Local Y3";"C sct";"";"";"SOURCE_CLASSEUR_2026";"classeur ligne 721";"HUMAN_REVIEW";"";"";"OUI";"Aucun lien sourceLine 2027 prouvé ; absence non présumée volontaire"
"2026";"QV26:L722";"013Y1DAP.722";"Exercice DPS-DAP 2";"F7";"FOCO";"Exercice";"013Y1";"DAP:Y1";"DAP Y1 | ½ section";"2026-10-08";"Jeudi";"19:00";"21:30";"À définir";"C for";"";"";"SOURCE_CLASSEUR_2026";"classeur ligne 722";"RECONDUIT";"";"";"NON";"Référence source de 1 occurrence(s) 2027"
"2026";"QV26:L723";"01522F7VL.723";"Exercice CAR 1.5";"F7";"AUTO";"Exercice";"01522F7";"OI_NON_DOCUMENTE_2026";"Moniteurs conduite DPS | Cond VL";"2026-10-08";"Jeudi";"19:00";"21:30";"Caserne militaire";"Of auto";"";"";"SOURCE_CLASSEUR_2026";"classeur ligne 723";"RECONDUIT";"";"";"NON";"Référence source de 1 occurrence(s) 2027"
"2026";"QV26:L724";"0171F7.724";"Mise à niveau annuelle OSR";"F7";"FOCA";"";"0171F7";"DPS:G1";"OSR";"2026-10-09";"Vendredi";"08:00";"16:00";"Caserne G1";"Cdt";"";"";"SOURCE_CLASSEUR_2026";"classeur ligne 724";"RECONDUIT";"";"";"NON";"Référence source de 1 occurrence(s) 2027"
"2026";"QV26:L725";"0161F7PIO.725";"Instr demi-sct - PIONNIER";"F7";"FOSPEC";"Instruction";"0161F7";"DPS:G1";"Section 1B | Réserve | Réguliers";"2026-10-10";"Samedi";"07:30";"11:30";"Caserne G1";"C sct";"";"";"SOURCE_CLASSEUR_2026";"classeur ligne 725";"RECONDUIT";"";"";"NON";"Référence source de 1 occurrence(s) 2027"
"2026";"QV26:L726";"01521F7PL.726";"Conduite TP9000, formation continue 2.2";"F7";"AUTO";"";"01521F7";"OI_NON_DOCUMENTE_2026";"Cond TP9 | Section 1";"2026-10-14";"Mercredi";"18:00";"20:00";"Caserne G1";"Of auto";"";"";"SOURCE_CLASSEUR_2026";"classeur ligne 726";"RECONDUIT";"";"";"NON";"Référence source de 1 occurrence(s) 2027"
"2026";"QV26:L727";"070F56.727";"Passeport-Vacances";"F2/3";"SDIS";"";"070F56";"DPS:G1";"Selon convocation";"2026-10-16";"Vendredi";"13:00";"18:00";"Caserne G1";"C op";"";"";"SOURCE_CLASSEUR_2026";"classeur ligne 727";"RECONDUIT";"";"";"NON";"Référence source de 1 occurrence(s) 2027"
"2026";"QV26:L728";"0161F7PIO.728";"Instr demi-sct - PIONNIER";"F7";"FOSPEC";"Instruction";"0161F7";"DPS:G1";"Section 5B | Réserve | Réguliers";"2026-10-17";"Samedi";"07:30";"11:30";"Caserne G1";"C sct";"";"";"SOURCE_CLASSEUR_2026";"classeur ligne 728";"RECONDUIT";"";"";"NON";"Référence source de 1 occurrence(s) 2027"
"2026";"QV26:L729";"013Y2DAP.729";"Exercice DAP 5";"F7";"FOCO";"Exercice";"013Y2";"DAP:Y2";"C sct | Échelon 0 à III | FOBA 1 et 2";"2026-10-17";"Samedi";"09:00";"11:30";"Local Y2";"C sct";"";"";"SOURCE_CLASSEUR_2026";"classeur ligne 729";"RECONDUIT";"";"";"NON";"Référence source de 1 occurrence(s) 2027"
"2026";"QV26:L730";"";"Formation continue OACP CarPostal";"F5/6";"";"Formation";"";"OI_NON_DOCUMENTE_2026";"Personnel CarPostal";"2026-10-21";"Mercredi";"07:00";"17:00";"Caserne G1";"C op";"";"";"SOURCE_CLASSEUR_2026";"classeur ligne 730";"HUMAN_REVIEW";"";"";"OUI";"Aucun lien sourceLine 2027 prouvé ; absence non présumée volontaire"
"2026";"QV26:L731";"01521F7PL.731";"Conduite TP9000, formation continue 2.2";"F7";"AUTO";"";"01521F7";"OI_NON_DOCUMENTE_2026";"Cond TP9 | Section 5";"2026-10-21";"Mercredi";"18:00";"20:00";"Caserne G1";"Of auto";"";"";"SOURCE_CLASSEUR_2026";"classeur ligne 731";"RECONDUIT";"";"";"NON";"Référence source de 1 occurrence(s) 2027"
"2026";"QV26:L732";"0161F7PIO.732";"Instr demi-sct - PIONNIER";"F7";"FOSPEC";"Instruction";"0161F7";"DPS:G1";"Section 4B | Réserve | Réguliers";"2026-10-24";"Samedi";"07:30";"11:30";"Caserne G1";"C sct";"";"";"SOURCE_CLASSEUR_2026";"classeur ligne 732";"RECONDUIT";"";"";"NON";"Référence source de 1 occurrence(s) 2027"
"2026";"QV26:L733";"010JSP.733";"Séance Direction JSP";"F7";"JSP";"Séance";"010JSP";"OI_NON_DOCUMENTE_2026";"C for | C JSP | C site JSP | Resp for JSP";"2026-10-26";"Lundi";"18:30";"20:30";"Caserne G1";"C JSP";"";"";"SOURCE_CLASSEUR_2026";"classeur ligne 733";"RECONDUIT";"";"";"NON";"Référence source de 1 occurrence(s) 2027"
"2026";"QV26:L734";"011PR.734";"Test de sélection PAPR N'27 | Phase II";"F7";"PR";"";"011PR";"OI_NON_DOCUMENTE_2026";"C PR | Form PR | Candidats PAPR N'27";"2026-10-26";"Lundi";"19:00";"21:00";"Caserne G1";"C PR";"";"";"SOURCE_CLASSEUR_2026";"classeur ligne 734";"RECONDUIT";"";"";"NON";"Référence source de 1 occurrence(s) 2027"
"2026";"QV26:L735";"0151F7EA.735";"Formation MEA 2.2";"F7";"AUTO";"Formation";"0151F7";"OI_NON_DOCUMENTE_2026";"Section 4";"2026-10-27";"Mardi";"18:00";"20:30";"Caserne G1";"Of auto";"";"";"SOURCE_CLASSEUR_2026";"classeur ligne 735";"RECONDUIT";"";"";"NON";"Référence source de 1 occurrence(s) 2027"
"2026";"QV26:L736";"0170F7.736";"Test de sélection échelons I, II N'26";"F7";"FOCA";"";"0170F7";"OI_NON_DOCUMENTE_2026";"EM | Instr | Échelons I et II N'26";"2026-10-27";"Mardi";"18:30";"22:00";"Caserne G1";"Cdt";"";"";"SOURCE_CLASSEUR_2026";"classeur ligne 736";"HUMAN_REVIEW";"";"";"OUI";"Aucun lien sourceLine 2027 prouvé ; absence non présumée volontaire"
"2026";"QV26:L737";"012C1DPS.737";"Exercice DPS 3";"F7";"FOCO";"Exercice";"012C1";"DPS:C1";"C site | DPS | FOBA 2 et 3";"2026-10-27";"Mardi";"19:00";"21:30";"Caserne C1";"C site";"";"";"SOURCE_CLASSEUR_2026";"classeur ligne 737";"RECONDUIT";"";"";"NON";"Référence source de 1 occurrence(s) 2027"
"2026";"QV26:L738";"012B1DPS.738";"Exercice DPS 3";"F7";"FOCO";"Exercice";"012B1";"DPS:B1";"C site | DPS | FOBA 2 et 3";"2026-10-27";"Mardi";"19:00";"21:30";"Caserne B1";"C site";"";"";"SOURCE_CLASSEUR_2026";"classeur ligne 738";"RECONDUIT";"";"";"NON";"Référence source de 1 occurrence(s) 2027"
"2026";"QV26:L739";"012B2DPS.739";"Exercice DPS 3";"F7";"FOCO";"Exercice";"012B2";"DPS:B2";"C site | DPS | FOBA 2 et 3";"2026-10-27";"Mardi";"19:00";"21:30";"Caserne B2";"C site";"";"";"SOURCE_CLASSEUR_2026";"classeur ligne 739";"RECONDUIT";"";"";"NON";"Référence source de 1 occurrence(s) 2027"
"2026";"QV26:L740";"01521F7PL.740";"Conduite TP9000, formation continue 2.1";"F7";"AUTO";"";"01521F7";"OI_NON_DOCUMENTE_2026";"Cond TP9 | Section";"2026-10-28";"Mercredi";"16:00";"18:00";"Caserne G1";"Of auto";"";"";"SOURCE_CLASSEUR_2026";"classeur ligne 740";"RECONDUIT";"";"";"NON";"Référence source de 1 occurrence(s) 2027"
"2026";"QV26:L741";"PG0226.765ab";"Piste entraînement PAPR 3";"F7";"PR";"";"011PR";"OI_NON_DOCUMENTE_2026";"PAPR";"2026-10-28";"Mercredi";"17:00";"23:00";"La Rama";"C PR";"";"";"SOURCE_CLASSEUR_2026";"classeur ligne 741";"RECONDUIT";"";"";"NON";"Référence source de 1 occurrence(s) 2027"
"2026";"QV26:L742";"01521F7PL.742";"Conduite TP9000, formation continue 2.2";"F7";"AUTO";"";"01521F7";"OI_NON_DOCUMENTE_2026";"Cond TP9 | Section 4";"2026-10-28";"Mercredi";"18:00";"20:00";"Caserne G1";"Of auto";"";"";"SOURCE_CLASSEUR_2026";"classeur ligne 742";"RECONDUIT";"";"";"NON";"Référence source de 1 occurrence(s) 2027"
"2026";"QV26:L743";"010FOBA.743";"Exercice FOBA 9";"F7";"FOBA";"Exercice";"010FOBA";"OI_NON_DOCUMENTE_2026";"C FOBA | cadres FOBA | FOBA 1 | FOBA 2";"2026-10-28";"Mercredi";"18:30";"21:30";"Caserne G1";"C FOBA";"";"";"SOURCE_CLASSEUR_2026";"classeur ligne 743";"RECONDUIT";"";"";"NON";"Référence source de 1 occurrence(s) 2027"
"2026";"QV26:L744";"0163F7VPC.744";"Formation opérateur VPC 2.3";"F7";"FOSPEC";"Formation";"0163F7";"DPS:G1";"Opérateur VPC | Permanent | Réguliers";"2026-10-29";"Jeudi";"14:00";"17:00";"Caserne G1";"Resp VPC";"";"";"SOURCE_CLASSEUR_2026";"classeur ligne 744";"RECONDUIT";"";"";"NON";"Référence source de 1 occurrence(s) 2027"
"2026";"QV26:L745";"01521F7PL.745";"Conduite TP9000, formation continue 2.2";"F7";"AUTO";"";"01521F7";"OI_NON_DOCUMENTE_2026";"Cond TP9 | Section 4";"2026-10-29";"Jeudi";"18:00";"20:00";"Caserne G1";"Of auto";"";"";"SOURCE_CLASSEUR_2026";"classeur ligne 745";"RECONDUIT";"";"";"NON";"Référence source de 1 occurrence(s) 2027"
"2026";"QV26:L746";"0167F7SAN.746";"Recyclage BLS | AED SN55i";"F7";"FOSPEC";"";"0167F7";"DPS:G1";"Instructeur recyclage BLS | AED, selon convocation";"2026-10-29";"Jeudi";"18:00";"22:00";"Caserne G1";"Réf sanitaire";"";"";"SOURCE_CLASSEUR_2026";"classeur ligne 746";"RECONDUIT";"";"";"NON";"Référence source de 1 occurrence(s) 2027"
"2026";"QV26:L746";"0167F7SAN.746";"Recyclage BLS | AED SN55i";"F7";"FOSPEC";"";"0167F7";"DPS:C1";"Instructeur recyclage BLS | AED, selon convocation";"2026-10-29";"Jeudi";"18:00";"22:00";"Caserne G1";"Réf sanitaire";"";"";"SOURCE_CLASSEUR_2026";"classeur ligne 746";"RECONDUIT";"";"";"NON";"Référence source de 1 occurrence(s) 2027"
"2026";"QV26:L746";"0167F7SAN.746";"Recyclage BLS | AED SN55i";"F7";"FOSPEC";"";"0167F7";"DPS:B1";"Instructeur recyclage BLS | AED, selon convocation";"2026-10-29";"Jeudi";"18:00";"22:00";"Caserne G1";"Réf sanitaire";"";"";"SOURCE_CLASSEUR_2026";"classeur ligne 746";"RECONDUIT";"";"";"NON";"Référence source de 1 occurrence(s) 2027"
"2026";"QV26:L746";"0167F7SAN.746";"Recyclage BLS | AED SN55i";"F7";"FOSPEC";"";"0167F7";"DPS:B2";"Instructeur recyclage BLS | AED, selon convocation";"2026-10-29";"Jeudi";"18:00";"22:00";"Caserne G1";"Réf sanitaire";"";"";"SOURCE_CLASSEUR_2026";"classeur ligne 746";"RECONDUIT";"";"";"NON";"Référence source de 1 occurrence(s) 2027"
"2026";"QV26:L746";"0167F7SAN.746";"Recyclage BLS | AED SN55i";"F7";"FOSPEC";"";"0167F7";"DAP:Y1";"Instructeur recyclage BLS | AED, selon convocation";"2026-10-29";"Jeudi";"18:00";"22:00";"Caserne G1";"Réf sanitaire";"";"";"SOURCE_CLASSEUR_2026";"classeur ligne 746";"RECONDUIT";"";"";"NON";"Référence source de 1 occurrence(s) 2027"
"2026";"QV26:L747";"070F56.747";"Séance cadres F5/6";"F5/6";"SIC";"Séance";"070F56";"DPS:G1";"Cadres F5/6";"2026-10-29";"Jeudi";"18:00";"20:00";"Caserne G1";"Of spéc";"";"";"SOURCE_CLASSEUR_2026";"classeur ligne 747";"RECONDUIT";"";"";"NON";"Référence source de 1 occurrence(s) 2027"
"2026";"QV26:L747";"070F56.747";"Séance cadres F5/6";"F5/6";"SIC";"Séance";"070F56";"DPS:B1";"Cadres F5/6";"2026-10-29";"Jeudi";"18:00";"20:00";"Caserne G1";"Of spéc";"";"";"SOURCE_CLASSEUR_2026";"classeur ligne 747";"RECONDUIT";"";"";"NON";"Référence source de 1 occurrence(s) 2027"
"2026";"QV26:L748";"070F0.748";"Séance Codir";"F0";"SDIS";"Séance";"070F0";"OI_NON_DOCUMENTE_2026";"Codir | Cdt";"2026-10-30";"Vendredi";"08:00";"09:30";"Caserne G1";"PrésidentE Codir";"";"";"SOURCE_CLASSEUR_2026";"classeur ligne 748";"RECONDUIT";"";"";"NON";"Référence source de 1 occurrence(s) 2027"
"2026";"QV26:L749";"01521F7PL.749";"Formation véhicule d'urgence | module BASE";"F7";"AUTO";"Formation";"01521F7";"OI_NON_DOCUMENTE_2026";"Of auto | Cond PL '24 + selon convocation";"2026-10-31";"Samedi";"07:00";"17:30";"Centre TCS";"Of auto";"";"";"SOURCE_CLASSEUR_2026";"classeur ligne 749";"RECONDUIT";"";"";"NON";"Référence source de 1 occurrence(s) 2027"
"2026";"QV26:L750";"0166F7AC.750";"Formation Travail en hauteur et antichute";"F7";"FOSPEC";"Formation";"0166F7";"DPS:G1";"Spécialiste antichute";"2026-10-31";"Samedi";"07:00";"17:00";"Sécurité-Industrie";"C op";"";"";"SOURCE_CLASSEUR_2026";"classeur ligne 750";"RECONDUIT";"";"";"NON";"Référence source de 1 occurrence(s) 2027"
"2026";"QV26:L750";"0166F7AC.750";"Formation Travail en hauteur et antichute";"F7";"FOSPEC";"Formation";"0166F7";"DPS:C1";"Spécialiste antichute";"2026-10-31";"Samedi";"07:00";"17:00";"Sécurité-Industrie";"C op";"";"";"SOURCE_CLASSEUR_2026";"classeur ligne 750";"RECONDUIT";"";"";"NON";"Référence source de 1 occurrence(s) 2027"
"2026";"QV26:L750";"0166F7AC.750";"Formation Travail en hauteur et antichute";"F7";"FOSPEC";"Formation";"0166F7";"DPS:B1";"Spécialiste antichute";"2026-10-31";"Samedi";"07:00";"17:00";"Sécurité-Industrie";"C op";"";"";"SOURCE_CLASSEUR_2026";"classeur ligne 750";"RECONDUIT";"";"";"NON";"Référence source de 1 occurrence(s) 2027"
"2026";"QV26:L750";"0166F7AC.750";"Formation Travail en hauteur et antichute";"F7";"FOSPEC";"Formation";"0166F7";"DPS:B2";"Spécialiste antichute";"2026-10-31";"Samedi";"07:00";"17:00";"Sécurité-Industrie";"C op";"";"";"SOURCE_CLASSEUR_2026";"classeur ligne 750";"RECONDUIT";"";"";"NON";"Référence source de 1 occurrence(s) 2027"
"2026";"QV26:L750";"0166F7AC.750";"Formation Travail en hauteur et antichute";"F7";"FOSPEC";"Formation";"0166F7";"DAP:Y1";"Spécialiste antichute";"2026-10-31";"Samedi";"07:00";"17:00";"Sécurité-Industrie";"C op";"";"";"SOURCE_CLASSEUR_2026";"classeur ligne 750";"RECONDUIT";"";"";"NON";"Référence source de 1 occurrence(s) 2027"
"2026";"QV26:L750";"0166F7AC.750";"Formation Travail en hauteur et antichute";"F7";"FOSPEC";"Formation";"0166F7";"DAP:Y2";"Spécialiste antichute";"2026-10-31";"Samedi";"07:00";"17:00";"Sécurité-Industrie";"C op";"";"";"SOURCE_CLASSEUR_2026";"classeur ligne 750";"RECONDUIT";"";"";"NON";"Référence source de 1 occurrence(s) 2027"
"2026";"QV26:L750";"0166F7AC.750";"Formation Travail en hauteur et antichute";"F7";"FOSPEC";"Formation";"0166F7";"DAP:Y3";"Spécialiste antichute";"2026-10-31";"Samedi";"07:00";"17:00";"Sécurité-Industrie";"C op";"";"";"SOURCE_CLASSEUR_2026";"classeur ligne 750";"RECONDUIT";"";"";"NON";"Référence source de 1 occurrence(s) 2027"
"2026";"QV26:L751";"0161F7PIO.751";"Instr demi-sct - PIONNIER";"F7";"FOSPEC";"Instruction";"0161F7";"DPS:G1";"Section 3B | Réserve | Réguliers";"2026-10-31";"Samedi";"07:30";"11:30";"Caserne G1";"C sct";"";"";"SOURCE_CLASSEUR_2026";"classeur ligne 751";"RECONDUIT";"";"";"NON";"Référence source de 1 occurrence(s) 2027"
"2026";"QV26:L752";"012C1DPS.752";"Instr sct - FEU";"F7";"FOCO";"Instruction";"012C1";"DPS:C1";"Section 3";"2026-10-31";"Samedi";"07:30";"10:30";"Caserne C1";"C sct";"";"";"SOURCE_CLASSEUR_2026";"classeur ligne 752";"RECONDUIT";"";"";"NON";"Référence source de 1 occurrence(s) 2027"
"2026";"QV26:L753";"012B1DPS.753";"Instr sct - FEU";"F7";"FOCO";"Instruction";"012B1";"DPS:B1";"Section 3";"2026-10-31";"Samedi";"07:30";"10:30";"Caserne B1";"C sct";"";"";"SOURCE_CLASSEUR_2026";"classeur ligne 753";"RECONDUIT";"";"";"NON";"Référence source de 1 occurrence(s) 2027"
"2026";"QV26:L754";"012B2DPS.754";"Instr sct - FEU";"F7";"FOCO";"Instruction";"012B2";"DPS:B2";"Section 2";"2026-10-31";"Samedi";"07:30";"10:30";"Caserne B2";"C sct";"";"";"SOURCE_CLASSEUR_2026";"classeur ligne 754";"RECONDUIT";"";"";"NON";"Référence source de 1 occurrence(s) 2027"
"2026";"QV26:L755";"JS23JS.261a";"Cours JSP JS23 - formation moniteurs - simulateur (matin)";"F7";"JSP";"Cours";"COURJSP";"OI_NON_DOCUMENTE_2026";"Moniteurs JSP selon convocation GVJSP";"2026-10-31";"Samedi";"07:30";"12:00";"ECAvenir";"C for";"";"";"SOURCE_CLASSEUR_2026";"classeur ligne 755";"RECONDUIT";"";"";"NON";"Référence source de 1 occurrence(s) 2027"
"2026";"QV26:L756";"0170F7.756";"Cursus c groupe - module 4 | Consolidation théorique et pratique";"F7";"FOCA";"";"0170F7";"DPS:G1";"Cdt | C for | Échelon I N '26";"2026-10-31";"Samedi";"08:00";"11:00";"Caserne G1";"Cdt";"";"";"SOURCE_CLASSEUR_2026";"classeur ligne 756";"HUMAN_REVIEW";"";"";"OUI";"Aucun lien sourceLine 2027 prouvé ; absence non présumée volontaire"
"2026";"QV26:L756";"0170F7.756";"Cursus c groupe - module 4 | Consolidation théorique et pratique";"F7";"FOCA";"";"0170F7";"DPS:C1";"Cdt | C for | Échelon I N '26";"2026-10-31";"Samedi";"08:00";"11:00";"Caserne G1";"Cdt";"";"";"SOURCE_CLASSEUR_2026";"classeur ligne 756";"HUMAN_REVIEW";"";"";"OUI";"Aucun lien sourceLine 2027 prouvé ; absence non présumée volontaire"
"2026";"QV26:L756";"0170F7.756";"Cursus c groupe - module 4 | Consolidation théorique et pratique";"F7";"FOCA";"";"0170F7";"DPS:B1";"Cdt | C for | Échelon I N '26";"2026-10-31";"Samedi";"08:00";"11:00";"Caserne G1";"Cdt";"";"";"SOURCE_CLASSEUR_2026";"classeur ligne 756";"HUMAN_REVIEW";"";"";"OUI";"Aucun lien sourceLine 2027 prouvé ; absence non présumée volontaire"
"2026";"QV26:L756";"0170F7.756";"Cursus c groupe - module 4 | Consolidation théorique et pratique";"F7";"FOCA";"";"0170F7";"DPS:B2";"Cdt | C for | Échelon I N '26";"2026-10-31";"Samedi";"08:00";"11:00";"Caserne G1";"Cdt";"";"";"SOURCE_CLASSEUR_2026";"classeur ligne 756";"HUMAN_REVIEW";"";"";"OUI";"Aucun lien sourceLine 2027 prouvé ; absence non présumée volontaire"
"2026";"QV26:L756";"0170F7.756";"Cursus c groupe - module 4 | Consolidation théorique et pratique";"F7";"FOCA";"";"0170F7";"DAP:Y1";"Cdt | C for | Échelon I N '26";"2026-10-31";"Samedi";"08:00";"11:00";"Caserne G1";"Cdt";"";"";"SOURCE_CLASSEUR_2026";"classeur ligne 756";"HUMAN_REVIEW";"";"";"OUI";"Aucun lien sourceLine 2027 prouvé ; absence non présumée volontaire"
"2026";"QV26:L756";"0170F7.756";"Cursus c groupe - module 4 | Consolidation théorique et pratique";"F7";"FOCA";"";"0170F7";"DAP:Y2";"Cdt | C for | Échelon I N '26";"2026-10-31";"Samedi";"08:00";"11:00";"Caserne G1";"Cdt";"";"";"SOURCE_CLASSEUR_2026";"classeur ligne 756";"HUMAN_REVIEW";"";"";"OUI";"Aucun lien sourceLine 2027 prouvé ; absence non présumée volontaire"
"2026";"QV26:L756";"0170F7.756";"Cursus c groupe - module 4 | Consolidation théorique et pratique";"F7";"FOCA";"";"0170F7";"DAP:Y3";"Cdt | C for | Échelon I N '26";"2026-10-31";"Samedi";"08:00";"11:00";"Caserne G1";"Cdt";"";"";"SOURCE_CLASSEUR_2026";"classeur ligne 756";"HUMAN_REVIEW";"";"";"OUI";"Aucun lien sourceLine 2027 prouvé ; absence non présumée volontaire"
"2026";"QV26:L756";"0170F7.756";"Cursus c groupe - module 4 | Consolidation théorique et pratique";"F7";"FOCA";"";"0170F7";"DAP:Y4";"Cdt | C for | Échelon I N '26";"2026-10-31";"Samedi";"08:00";"11:00";"Caserne G1";"Cdt";"";"";"SOURCE_CLASSEUR_2026";"classeur ligne 756";"HUMAN_REVIEW";"";"";"OUI";"Aucun lien sourceLine 2027 prouvé ; absence non présumée volontaire"
"2026";"QV26:L757";"JS23JS.261b";"Cours JSP JS23 - formation moniteurs - simulateur (après-midi)";"F7";"JSP";"Cours";"COURJSP";"OI_NON_DOCUMENTE_2026";"Moniteurs JSP selon convocation GVJSP";"2026-10-31";"Samedi";"13:00";"17:30";"ECAvenir";"C for";"";"";"SOURCE_CLASSEUR_2026";"classeur ligne 757";"RECONDUIT";"";"";"NON";"Référence source de 1 occurrence(s) 2027"
"2026";"QV26:L758";"070F7.758";"Séance commission d'instruction | Thèmes et objectifs A+1";"F7";"TOUS";"Séance";"070F7";"DPS:G1";"C for | C Domaines | Instr";"2026-11-02";"Lundi";"14:00";"17:00";"Caserne G1";"C for";"";"";"SOURCE_CLASSEUR_2026";"classeur ligne 758";"RECONDUIT";"";"";"NON";"Référence source de 1 occurrence(s) 2027"
"2026";"QV26:L759";"0172F7DAP.759";"Cursus CI DAP - module 5 | Rapport d'intervention et fin d'engagement";"F7";"FOCA";"";"0172F7";"DAP:Y1";"Cdt | C for | Candidats échelon II '25-26";"2026-11-02";"Lundi";"18:00";"21:00";"Caserne G1";"Cdt";"";"";"SOURCE_CLASSEUR_2026";"classeur ligne 759";"HUMAN_REVIEW";"";"";"OUI";"Aucun lien sourceLine 2027 prouvé ; absence non présumée volontaire"
"2026";"QV26:L759";"0172F7DAP.759";"Cursus CI DAP - module 5 | Rapport d'intervention et fin d'engagement";"F7";"FOCA";"";"0172F7";"DAP:Y2";"Cdt | C for | Candidats échelon II '25-26";"2026-11-02";"Lundi";"18:00";"21:00";"Caserne G1";"Cdt";"";"";"SOURCE_CLASSEUR_2026";"classeur ligne 759";"HUMAN_REVIEW";"";"";"OUI";"Aucun lien sourceLine 2027 prouvé ; absence non présumée volontaire"
"2026";"QV26:L759";"0172F7DAP.759";"Cursus CI DAP - module 5 | Rapport d'intervention et fin d'engagement";"F7";"FOCA";"";"0172F7";"DAP:Y3";"Cdt | C for | Candidats échelon II '25-26";"2026-11-02";"Lundi";"18:00";"21:00";"Caserne G1";"Cdt";"";"";"SOURCE_CLASSEUR_2026";"classeur ligne 759";"HUMAN_REVIEW";"";"";"OUI";"Aucun lien sourceLine 2027 prouvé ; absence non présumée volontaire"
"2026";"QV26:L759";"0172F7DAP.759";"Cursus CI DAP - module 5 | Rapport d'intervention et fin d'engagement";"F7";"FOCA";"";"0172F7";"DAP:Y4";"Cdt | C for | Candidats échelon II '25-26";"2026-11-02";"Lundi";"18:00";"21:00";"Caserne G1";"Cdt";"";"";"SOURCE_CLASSEUR_2026";"classeur ligne 759";"HUMAN_REVIEW";"";"";"OUI";"Aucun lien sourceLine 2027 prouvé ; absence non présumée volontaire"
"2026";"QV26:L760";"010JC1.760";"Exercice JSP 9";"F7";"JSP";"Exercice";"010JC1";"OI_NON_DOCUMENTE_2026";"C site JSP | Moniteurs JSP | JSP";"2026-11-02";"Lundi";"18:00";"20:00";"Caserne C1";"Resp for JSP";"";"";"SOURCE_CLASSEUR_2026";"classeur ligne 760";"RECONDUIT";"";"";"NON";"Référence source de 1 occurrence(s) 2027"
"2026";"QV26:L761";"0171F7DPS.761";"Cursus CI DPS - module 5 | Rédaction de rapports";"F7";"FOCA";"";"0171F7";"DPS:G1";"Cdt | C for | Candidats échelon II OP '26 - '27";"2026-11-03";"Mardi";"18:00";"21:00";"Caserne G1";"Cdt";"";"";"SOURCE_CLASSEUR_2026";"classeur ligne 761";"HUMAN_REVIEW";"";"";"OUI";"Aucun lien sourceLine 2027 prouvé ; absence non présumée volontaire"
"2026";"QV26:L761";"0171F7DPS.761";"Cursus CI DPS - module 5 | Rédaction de rapports";"F7";"FOCA";"";"0171F7";"DPS:C1";"Cdt | C for | Candidats échelon II OP '26 - '27";"2026-11-03";"Mardi";"18:00";"21:00";"Caserne G1";"Cdt";"";"";"SOURCE_CLASSEUR_2026";"classeur ligne 761";"HUMAN_REVIEW";"";"";"OUI";"Aucun lien sourceLine 2027 prouvé ; absence non présumée volontaire"
"2026";"QV26:L761";"0171F7DPS.761";"Cursus CI DPS - module 5 | Rédaction de rapports";"F7";"FOCA";"";"0171F7";"DPS:B1";"Cdt | C for | Candidats échelon II OP '26 - '27";"2026-11-03";"Mardi";"18:00";"21:00";"Caserne G1";"Cdt";"";"";"SOURCE_CLASSEUR_2026";"classeur ligne 761";"HUMAN_REVIEW";"";"";"OUI";"Aucun lien sourceLine 2027 prouvé ; absence non présumée volontaire"
"2026";"QV26:L761";"0171F7DPS.761";"Cursus CI DPS - module 5 | Rédaction de rapports";"F7";"FOCA";"";"0171F7";"DPS:B2";"Cdt | C for | Candidats échelon II OP '26 - '27";"2026-11-03";"Mardi";"18:00";"21:00";"Caserne G1";"Cdt";"";"";"SOURCE_CLASSEUR_2026";"classeur ligne 761";"HUMAN_REVIEW";"";"";"OUI";"Aucun lien sourceLine 2027 prouvé ; absence non présumée volontaire"
"2026";"QV26:L762";"0163F7VPC.762";"Formation opérateur VPC 2.4";"F7";"FOSPEC";"Formation";"0163F7";"DPS:G1";"Opérateur VPC";"2026-11-03";"Mardi";"18:00";"21:00";"Caserne G1";"Resp VPC";"";"";"SOURCE_CLASSEUR_2026";"classeur ligne 762";"RECONDUIT";"";"";"NON";"Référence source de 1 occurrence(s) 2027"
"2026";"QV26:L763";"011PR.763";"Exercice PR 4.1 | On fire";"F7";"PR";"Exercice";"011PR";"OI_NON_DOCUMENTE_2026";"OSR | C sct | PAPR";"2026-11-03";"Mardi";"19:00";"21:30";"Caserne G1";"C PR";"";"";"SOURCE_CLASSEUR_2026";"classeur ligne 763";"RECONDUIT";"";"";"NON";"Référence source de 1 occurrence(s) 2027"
"2026";"QV26:L764";"0161F7PER.764";"Formation permanents | PIO";"F7";"FOSPEC";"Formation";"0161F7";"DPS:G1";"Permanent";"2026-11-04";"Mercredi";"08:00";"11:00";"Caserne G1";"C for";"";"";"SOURCE_CLASSEUR_2026";"classeur ligne 764";"RECONDUIT";"";"";"NON";"Référence source de 1 occurrence(s) 2027"
"2026";"QV26:L765";"01521F7PL.765";"Conduite TP9000, formation continue 2.2";"F7";"AUTO";"";"01521F7";"OI_NON_DOCUMENTE_2026";"Cond TP9 | Réguliers";"2026-11-04";"Mercredi";"18:00";"20:00";"Caserne G1";"Of auto";"";"";"SOURCE_CLASSEUR_2026";"classeur ligne 765";"RECONDUIT";"";"";"NON";"Référence source de 1 occurrence(s) 2027"
"2026";"QV26:L766";"070F56.766";"Séance communication F5/6";"F5/6";"SIC";"Séance";"070F56";"DPS:G1";"Membres communication";"2026-11-04";"Mercredi";"18:00";"20:00";"Caserne G1";"Of spéc";"";"";"SOURCE_CLASSEUR_2026";"classeur ligne 766";"RECONDUIT";"";"";"NON";"Référence source de 1 occurrence(s) 2027"
"2026";"QV26:L766";"070F56.766";"Séance communication F5/6";"F5/6";"SIC";"Séance";"070F56";"DAP:Y1";"Membres communication";"2026-11-04";"Mercredi";"18:00";"20:00";"Caserne G1";"Of spéc";"";"";"SOURCE_CLASSEUR_2026";"classeur ligne 766";"RECONDUIT";"";"";"NON";"Référence source de 1 occurrence(s) 2027"
"2026";"QV26:L767";"EMSEA.767";"Séance EM";"F0";"SDIS";"Séance";"EMSEA";"OI_NON_DOCUMENTE_2026";"EM";"2026-11-04";"Mercredi";"18:00";"21:00";"Caserne G1";"Cdt";"";"";"SOURCE_CLASSEUR_2026";"classeur ligne 767";"RECONDUIT";"";"";"NON";"Référence source de 1 occurrence(s) 2027"
"2026";"QV26:L768";"010JB1.768";"Exercice JSP 9";"F7";"JSP";"Exercice";"010JB1";"OI_NON_DOCUMENTE_2026";"C site JSP | Moniteurs JSP | JSP";"2026-11-04";"Mercredi";"18:00";"20:00";"Caserne B1";"Resp for JSP";"";"";"SOURCE_CLASSEUR_2026";"classeur ligne 768";"RECONDUIT";"";"";"NON";"Référence source de 1 occurrence(s) 2027"
"2026";"QV26:L769";"070F0NUOVO.769";"Recrutement cantonal";"F0";"SDIS";"";"070F0";"DPS:G1";"Cdt | QM | C log | Selon convocation";"2026-11-05";"Jeudi";"19:00";"21:00";"Caserne G1";"Cdt";"";"";"SOURCE_CLASSEUR_2026";"classeur ligne 769";"RECONDUIT";"";"";"NON";"Référence source de 1 occurrence(s) 2027"
"2026";"QV26:L770";"070F0NUOVO.770";"Recrutement cantonal";"F0";"SDIS";"";"070F0";"DPS:C1";"C site | Four | Resp mat | selon convocation";"2026-11-05";"Jeudi";"19:00";"21:00";"Caserne C1";"Cdt";"";"";"SOURCE_CLASSEUR_2026";"classeur ligne 770";"RECONDUIT";"";"";"NON";"Référence source de 1 occurrence(s) 2027"
"2026";"QV26:L771";"070F0NUOVO.771";"Recrutement cantonal";"F0";"SDIS";"";"070F0";"DPS:B1";"C site | Four | Resp mat | selon convocation";"2026-11-05";"Jeudi";"19:00";"21:00";"Caserne B1";"Cdt";"";"";"SOURCE_CLASSEUR_2026";"classeur ligne 771";"RECONDUIT";"";"";"NON";"Référence source de 1 occurrence(s) 2027"
"2026";"QV26:L772";"070F0NUOVO.772";"Recrutement cantonal";"F0";"SDIS";"";"070F0";"DPS:B2";"C site | Four | Resp mat | selon convocation";"2026-11-05";"Jeudi";"19:00";"21:00";"Caserne B2";"Cdt";"";"";"SOURCE_CLASSEUR_2026";"classeur ligne 772";"RECONDUIT";"";"";"NON";"Référence source de 1 occurrence(s) 2027"
"2026";"QV26:L773";"070F0NUOVO.773";"Recrutement cantonal";"F0";"SDIS";"";"070F0";"DAP:Y1";"C sct | Four | Resp mat | selon convocation";"2026-11-05";"Jeudi";"19:00";"21:00";"Local Y1";"Cdt";"";"";"SOURCE_CLASSEUR_2026";"classeur ligne 773";"RECONDUIT";"";"";"NON";"Référence source de 1 occurrence(s) 2027"
"2026";"QV26:L774";"070F0NUOVO.774";"Recrutement cantonal";"F0";"SDIS";"";"070F0";"DAP:Y2";"C sct | Four | Resp mat | selon convocation";"2026-11-05";"Jeudi";"19:00";"21:00";"Local Y2";"Cdt";"";"";"SOURCE_CLASSEUR_2026";"classeur ligne 774";"RECONDUIT";"";"";"NON";"Référence source de 1 occurrence(s) 2027"
"2026";"QV26:L775";"070F0NUOVO.775";"Recrutement cantonal";"F0";"SDIS";"";"070F0";"DAP:Y3";"C sct | Four | Resp mat | selon convocation";"2026-11-05";"Jeudi";"19:00";"21:00";"Local Y3";"Cdt";"";"";"SOURCE_CLASSEUR_2026";"classeur ligne 775";"RECONDUIT";"";"";"NON";"Référence source de 1 occurrence(s) 2027"
"2026";"QV26:L776";"070F0NUOVO.776";"Recrutement cantonal";"F0";"SDIS";"";"070F0";"DAP:Y4";"C sct | Four | Resp mat | selon convocation";"2026-11-05";"Jeudi";"19:00";"21:00";"Local Y4";"Cdt";"";"";"SOURCE_CLASSEUR_2026";"classeur ligne 776";"RECONDUIT";"";"";"NON";"Référence source de 1 occurrence(s) 2027"
"2026";"QV26:L777";"013Y4DAP.777";"Exercice DAP 5";"F7";"FOCO";"Exercice";"013Y4";"DAP:Y4";"C sct | Échelon 0 à III | FOBA 1 et 2";"2026-11-06";"Vendredi";"19:00";"21:30";"Local Y4";"C sct";"";"";"SOURCE_CLASSEUR_2026";"classeur ligne 777";"RECONDUIT";"";"";"NON";"Référence source de 1 occurrence(s) 2027"
"2026";"QV26:L778";"011PR.778";"Formation engagement pratique PR";"F7";"PR";"Formation";"011PR";"OI_NON_DOCUMENTE_2026";"PAPR";"2026-11-07";"Samedi";"07:00";"13:00";"Centre ECAP";"C PR";"";"";"SOURCE_CLASSEUR_2026";"classeur ligne 778";"RECONDUIT";"";"";"NON";"Référence source de 1 occurrence(s) 2027"
"2026";"QV26:L779";"0161F7PIO.779";"Instr demi-sct - PIONNIER";"F7";"FOSPEC";"Instruction";"0161F7";"DPS:G1";"Section 2B | Réserve | Réguliers";"2026-11-07";"Samedi";"07:30";"11:30";"Caserne G1";"C sct";"";"";"SOURCE_CLASSEUR_2026";"classeur ligne 779";"RECONDUIT";"";"";"NON";"Référence source de 1 occurrence(s) 2027"
"2026";"QV26:L780";"012C1DPS.780";"Instr sct - FEU";"F7";"FOCO";"Instruction";"012C1";"DPS:C1";"Section 2";"2026-11-07";"Samedi";"07:30";"10:30";"Caserne C1";"C sct";"";"";"SOURCE_CLASSEUR_2026";"classeur ligne 780";"RECONDUIT";"";"";"NON";"Référence source de 1 occurrence(s) 2027"
"2026";"QV26:L781";"012B1DPS.781";"Instr sct - FEU";"F7";"FOCO";"Instruction";"012B1";"DPS:B1";"Section 2";"2026-11-07";"Samedi";"07:30";"10:30";"Caserne B1";"C sct";"";"";"SOURCE_CLASSEUR_2026";"classeur ligne 781";"RECONDUIT";"";"";"NON";"Référence source de 1 occurrence(s) 2027"
"2026";"QV26:L782";"012B2DPS.782";"Instr sct - FEU";"F7";"FOCO";"Instruction";"012B2";"DPS:B2";"Section 1";"2026-11-07";"Samedi";"07:30";"10:30";"Caserne B2";"C sct";"";"";"SOURCE_CLASSEUR_2026";"classeur ligne 782";"RECONDUIT";"";"";"NON";"Référence source de 1 occurrence(s) 2027"
"2026";"QV26:L783";"013Y1DAP.783";"Exercice DAP 5";"F7";"FOCO";"Exercice";"013Y1";"DAP:Y1";"C sct | Échelon 0 à III | FOBA 1 et 2";"2026-11-07";"Samedi";"09:00";"11:30";"Local Y1";"C sct";"";"";"SOURCE_CLASSEUR_2026";"classeur ligne 783";"RECONDUIT";"";"";"NON";"Référence source de 1 occurrence(s) 2027"
"2026";"QV26:L784";"011PR.784";"Formation engagement pratique PR";"F7";"PR";"Formation";"011PR";"OI_NON_DOCUMENTE_2026";"PAPR";"2026-11-07";"Samedi";"12:00";"18:00";"Centre ECAP";"C PR";"";"";"SOURCE_CLASSEUR_2026";"classeur ligne 784";"RECONDUIT";"";"";"NON";"Référence source de 1 occurrence(s) 2027"
"2026";"QV26:L785";"0164F7ABC.785";"Formation ABC";"F7";"FOSPEC";"Formation";"0164F7";"DPS:G1";"Resp ABC | TOUS";"2026-11-09";"Lundi";"19:00";"21:30";"Caserne B2";"Resp ABC";"";"";"SOURCE_CLASSEUR_2026";"classeur ligne 785";"HUMAN_REVIEW";"";"";"OUI";"Aucun lien sourceLine 2027 prouvé ; absence non présumée volontaire"
"2026";"QV26:L785";"0164F7ABC.785";"Formation ABC";"F7";"FOSPEC";"Formation";"0164F7";"DPS:B2";"Resp ABC | TOUS";"2026-11-09";"Lundi";"19:00";"21:30";"Caserne B2";"Resp ABC";"";"";"SOURCE_CLASSEUR_2026";"classeur ligne 785";"HUMAN_REVIEW";"";"";"OUI";"Aucun lien sourceLine 2027 prouvé ; absence non présumée volontaire"
"2026";"QV26:L786";"0161F7PIO.786";"Instr sct - PIONNIER CSU-nvb";"F7";"FOSPEC";"Instruction";"0161F7";"DPS:G1";"OSR | Section 3 | Réserve | Réguliers";"2026-11-09";"Lundi";"19:15";"22:00";"Caserne G1";"C sct";"";"";"SOURCE_CLASSEUR_2026";"classeur ligne 786";"RECONDUIT";"";"";"NON";"Référence source de 1 occurrence(s) 2027"
"2026";"QV26:L787";"070F1.787";"Table ouverte avec le Commandant";"F1/8";"";"";"070F1";"OI_NON_DOCUMENTE_2026";"Cdt";"2026-11-10";"Mardi";"17:00";"20:00";"Caserne G1";"Cdt";"";"";"SOURCE_CLASSEUR_2026";"classeur ligne 787";"RECONDUIT";"";"";"NON";"Référence source de 1 occurrence(s) 2027"
"2026";"QV26:L788";"01521F7PL.788";"Conduite TP9000, formation continue 2.2";"F7";"AUTO";"";"01521F7";"OI_NON_DOCUMENTE_2026";"Cond TP9 | Section 2";"2026-11-10";"Mardi";"18:00";"20:00";"Caserne G1";"Of auto";"";"";"SOURCE_CLASSEUR_2026";"classeur ligne 788";"RECONDUIT";"";"";"NON";"Référence source de 1 occurrence(s) 2027"
"2026";"QV26:L789";"010JSP.789";"Groupe de travail JSP";"F7";"JSP";"";"010JSP";"OI_NON_DOCUMENTE_2026";"C for | C JSP | Selon convocation";"2026-11-10";"Mardi";"18:00";"21:00";"Caserne G1";"C JSP";"";"";"SOURCE_CLASSEUR_2026";"classeur ligne 789";"RECONDUIT";"";"";"NON";"Référence source de 1 occurrence(s) 2027"
"2026";"QV26:L790";"011PR.790";"Exercice PR 4.2 | On fire";"F7";"PR";"Exercice";"011PR";"OI_NON_DOCUMENTE_2026";"OSR | C sct | PAPR";"2026-11-10";"Mardi";"19:00";"21:30";"Caserne G1";"C PR";"";"";"SOURCE_CLASSEUR_2026";"classeur ligne 790";"RECONDUIT";"";"";"NON";"Référence source de 1 occurrence(s) 2027"
"2026";"QV26:L791";"010FOBA.791";"Test annuel FOBA";"F7";"FOBA";"";"010FOBA";"OI_NON_DOCUMENTE_2026";"EM | C FOBA | cadres FOBA | FOBA 1 | FOBA 2";"2026-11-11";"Mercredi";"18:30";"22:00";"Caserne G1";"C FOBA";"";"";"SOURCE_CLASSEUR_2026";"classeur ligne 791";"RECONDUIT";"";"";"NON";"Référence source de 1 occurrence(s) 2027"
"2026";"QV26:L792";"073F56.792";"Journée « Oser tous les métiers » (JOM)";"F2/3";"";"";"073F56";"DPS:G1";"Selon convocation";"2026-11-12";"Jeudi";"08:00";"12:00";"Caserne G1";"C op";"";"";"SOURCE_CLASSEUR_2026";"classeur ligne 792";"HUMAN_REVIEW";"";"";"OUI";"Aucun lien sourceLine 2027 prouvé ; absence non présumée volontaire"
"2026";"QV26:L793";"01521F7PL.793";"Conduite TP9000, formation continue 2.2";"F7";"AUTO";"";"01521F7";"OI_NON_DOCUMENTE_2026";"Cond TP9 | Section 2 + Réguliers";"2026-11-12";"Jeudi";"18:00";"20:00";"Caserne G1";"Of auto";"";"";"SOURCE_CLASSEUR_2026";"classeur ligne 793";"RECONDUIT";"";"";"NON";"Référence source de 1 occurrence(s) 2027"
"2026";"QV26:L794";"011PR.794";"Exercice PR 4.3 | On fire";"F7";"PR";"Exercice";"011PR";"OI_NON_DOCUMENTE_2026";"OSR | C sct | PAPR";"2026-11-12";"Jeudi";"19:00";"21:30";"Caserne G1";"C PR";"";"";"SOURCE_CLASSEUR_2026";"classeur ligne 794";"RECONDUIT";"";"";"NON";"Référence source de 1 occurrence(s) 2027"
"2026";"QV26:L795";"013Y3DAP.795";"Exercice DAP 5";"F7";"FOCO";"Exercice";"013Y3";"DAP:Y3";"C sct | Échelon 0 à III | FOBA 1 et 2";"2026-11-13";"Vendredi";"19:00";"21:30";"Local Y3";"C sct";"";"";"SOURCE_CLASSEUR_2026";"classeur ligne 795";"RECONDUIT";"";"";"NON";"Référence source de 1 occurrence(s) 2027"
"2026";"QV26:L796";"0161F7PIO.796";"Instr demi-sct - PIONNIER";"F7";"FOSPEC";"Instruction";"0161F7";"DPS:G1";"Section 1A | Réserve | Réguliers";"2026-11-14";"Samedi";"07:30";"11:30";"Caserne G1";"C sct";"";"";"SOURCE_CLASSEUR_2026";"classeur ligne 796";"RECONDUIT";"";"";"NON";"Référence source de 1 occurrence(s) 2027"
"2026";"QV26:L797";"012C1DPS.797";"Instr sct - FEU";"F7";"FOCO";"Instruction";"012C1";"DPS:C1";"Section 1";"2026-11-14";"Samedi";"07:30";"10:30";"Caserne C1";"C sct";"";"";"SOURCE_CLASSEUR_2026";"classeur ligne 797";"RECONDUIT";"";"";"NON";"Référence source de 1 occurrence(s) 2027"
"2026";"QV26:L798";"012B1DPS.798";"Instr sct - FEU";"F7";"FOCO";"Instruction";"012B1";"DPS:B1";"Section 1";"2026-11-14";"Samedi";"07:30";"10:30";"Caserne B1";"C sct";"";"";"SOURCE_CLASSEUR_2026";"classeur ligne 798";"RECONDUIT";"";"";"NON";"Référence source de 1 occurrence(s) 2027"
"2026";"QV26:L799";"010JG1.799";"Exercice JSP 7";"F7";"JSP";"Exercice";"010JG1";"OI_NON_DOCUMENTE_2026";"C site JSP | Moniteurs JSP | JSP";"2026-11-14";"Samedi";"08:00";"11:30";"Caserne G1";"Resp for JSP";"";"";"SOURCE_CLASSEUR_2026";"classeur ligne 799";"RECONDUIT";"";"";"NON";"Référence source de 1 occurrence(s) 2027"
"2026";"QV26:L800";"010FOBA.800";"Entretien de collaboration avec Commandant";"F7";"FOBA";"";"010FOBA";"DPS:G1";"Cdt | FOBA 2";"2026-11-16";"Lundi";"17:00";"20:00";"Caserne G1";"Cdt";"";"";"SOURCE_CLASSEUR_2026";"classeur ligne 800";"RECONDUIT";"";"";"NON";"Référence source de 1 occurrence(s) 2027"
"2026";"QV26:L801";"0161F7PIO.801";"Instr sct - PIONNIER CSU-nvb";"F7";"FOSPEC";"Instruction";"0161F7";"DPS:G1";"OSR | Section 2 | Réserve | Réguliers";"2026-11-16";"Lundi";"19:15";"22:00";"Caserne G1";"C sct";"";"";"SOURCE_CLASSEUR_2026";"classeur ligne 801";"RECONDUIT";"";"";"NON";"Référence source de 1 occurrence(s) 2027"
"2026";"QV26:L802";"010FOBA.802";"Entretien de collaboration avec Commandant";"F7";"FOBA";"";"010FOBA";"DPS:G1";"Cdt | FOBA 2";"2026-11-17";"Mardi";"17:00";"20:00";"Caserne G1";"Cdt";"";"";"SOURCE_CLASSEUR_2026";"classeur ligne 802";"RECONDUIT";"";"";"NON";"Référence source de 1 occurrence(s) 2027"
"2026";"QV26:L803";"011PR.803";"Cursus PAPR - module 5 | R&S grand volume";"F7";"PR";"";"011PR";"OI_NON_DOCUMENTE_2026";"Form PR | PAPR N'26";"2026-11-17";"Mardi";"18:00";"21:00";"Caserne G1";"C PR";"";"";"SOURCE_CLASSEUR_2026";"classeur ligne 803";"HUMAN_REVIEW";"";"";"OUI";"Aucun lien sourceLine 2027 prouvé ; absence non présumée volontaire"
"2026";"QV26:L804";"012G1DPS.804";"Exercice DPS 2";"F7";"FOCO";"Exercice";"012G1";"DPS:G1";"C site | DPS | FOBA 2 et 3";"2026-11-18";"Mercredi";"19:00";"22:00";"Caserne G1";"C site";"";"";"SOURCE_CLASSEUR_2026";"classeur ligne 804";"RECONDUIT";"";"";"NON";"Référence source de 1 occurrence(s) 2027"
"2026";"QV26:L805";"011PR.805";"Exercice PR 4.4 | On fire";"F7";"PR";"Exercice";"011PR";"OI_NON_DOCUMENTE_2026";"OSR | C sct | PAPR";"2026-11-19";"Jeudi";"19:00";"21:30";"Caserne G1";"C PR";"";"";"SOURCE_CLASSEUR_2026";"classeur ligne 805";"RECONDUIT";"";"";"NON";"Référence source de 1 occurrence(s) 2027"
"2026";"QV26:L806";"070F1NUOVO.806";"Test de sélection NUOVO";"F1/8";"SDIS";"";"070F1";"DPS:G1";"EM | Échelons III et II selon convocation";"2026-11-21";"Samedi";"07:00";"16:00";"Caserne G1";"QM";"";"";"SOURCE_CLASSEUR_2026";"classeur ligne 806";"RECONDUIT";"";"";"NON";"Référence source de 1 occurrence(s) 2027"
"2026";"QV26:L806";"070F1NUOVO.806";"Test de sélection NUOVO";"F1/8";"SDIS";"";"070F1";"DPS:C1";"EM | Échelons III et II selon convocation";"2026-11-21";"Samedi";"07:00";"16:00";"Caserne G1";"QM";"";"";"SOURCE_CLASSEUR_2026";"classeur ligne 806";"RECONDUIT";"";"";"NON";"Référence source de 1 occurrence(s) 2027"
"2026";"QV26:L806";"070F1NUOVO.806";"Test de sélection NUOVO";"F1/8";"SDIS";"";"070F1";"DPS:B1";"EM | Échelons III et II selon convocation";"2026-11-21";"Samedi";"07:00";"16:00";"Caserne G1";"QM";"";"";"SOURCE_CLASSEUR_2026";"classeur ligne 806";"RECONDUIT";"";"";"NON";"Référence source de 1 occurrence(s) 2027"
"2026";"QV26:L807";"010JSP.807";"Assemblée GVJSP";"F7";"JSP";"";"010JSP";"OI_NON_DOCUMENTE_2026";"C JSP | C site JSP | Resp for JSP";"2026-11-21";"Samedi";"09:30";"12:00";"Caserne SDIS";"C JSP";"";"";"SOURCE_CLASSEUR_2026";"classeur ligne 807";"RECONDUIT";"";"";"NON";"Référence source de 1 occurrence(s) 2027"
"2026";"QV26:L808";"0167F7SAN.808";"Recyclage BLS | AED SN55i";"F7";"FOSPEC";"";"0167F7";"DPS:G1";"Instructeur recyclage BLS | AED, selon convocation";"2026-11-23";"Lundi";"18:00";"22:00";"Caserne G1";"Réf sanitaire";"";"";"SOURCE_CLASSEUR_2026";"classeur ligne 808";"RECONDUIT";"";"";"NON";"Référence source de 1 occurrence(s) 2027"
"2026";"QV26:L808";"0167F7SAN.808";"Recyclage BLS | AED SN55i";"F7";"FOSPEC";"";"0167F7";"DPS:C1";"Instructeur recyclage BLS | AED, selon convocation";"2026-11-23";"Lundi";"18:00";"22:00";"Caserne G1";"Réf sanitaire";"";"";"SOURCE_CLASSEUR_2026";"classeur ligne 808";"RECONDUIT";"";"";"NON";"Référence source de 1 occurrence(s) 2027"
"2026";"QV26:L808";"0167F7SAN.808";"Recyclage BLS | AED SN55i";"F7";"FOSPEC";"";"0167F7";"DPS:B1";"Instructeur recyclage BLS | AED, selon convocation";"2026-11-23";"Lundi";"18:00";"22:00";"Caserne G1";"Réf sanitaire";"";"";"SOURCE_CLASSEUR_2026";"classeur ligne 808";"RECONDUIT";"";"";"NON";"Référence source de 1 occurrence(s) 2027"
"2026";"QV26:L808";"0167F7SAN.808";"Recyclage BLS | AED SN55i";"F7";"FOSPEC";"";"0167F7";"DPS:B2";"Instructeur recyclage BLS | AED, selon convocation";"2026-11-23";"Lundi";"18:00";"22:00";"Caserne G1";"Réf sanitaire";"";"";"SOURCE_CLASSEUR_2026";"classeur ligne 808";"RECONDUIT";"";"";"NON";"Référence source de 1 occurrence(s) 2027"
"2026";"QV26:L808";"0167F7SAN.808";"Recyclage BLS | AED SN55i";"F7";"FOSPEC";"";"0167F7";"DAP:Y1";"Instructeur recyclage BLS | AED, selon convocation";"2026-11-23";"Lundi";"18:00";"22:00";"Caserne G1";"Réf sanitaire";"";"";"SOURCE_CLASSEUR_2026";"classeur ligne 808";"RECONDUIT";"";"";"NON";"Référence source de 1 occurrence(s) 2027"
"2026";"QV26:L809";"0164F7ABC.809";"Formation ABC";"F7";"FOSPEC";"Formation";"0164F7";"DPS:G1";"Resp ABC | TOUS";"2026-11-23";"Lundi";"19:00";"21:30";"Caserne B1";"Resp ABC";"";"";"SOURCE_CLASSEUR_2026";"classeur ligne 809";"HUMAN_REVIEW";"";"";"OUI";"Aucun lien sourceLine 2027 prouvé ; absence non présumée volontaire"
"2026";"QV26:L809";"0164F7ABC.809";"Formation ABC";"F7";"FOSPEC";"Formation";"0164F7";"DPS:B1";"Resp ABC | TOUS";"2026-11-23";"Lundi";"19:00";"21:30";"Caserne B1";"Resp ABC";"";"";"SOURCE_CLASSEUR_2026";"classeur ligne 809";"HUMAN_REVIEW";"";"";"OUI";"Aucun lien sourceLine 2027 prouvé ; absence non présumée volontaire"
"2026";"QV26:L810";"0161F7PIO.810";"Instr sct - PIONNIER CSU-nvb";"F7";"FOSPEC";"Instruction";"0161F7";"DPS:G1";"OSR | Section 1 | Réserve | Réguliers";"2026-11-23";"Lundi";"19:15";"22:00";"Caserne G1";"C sct";"";"";"SOURCE_CLASSEUR_2026";"classeur ligne 810";"RECONDUIT";"";"";"NON";"Référence source de 1 occurrence(s) 2027"
"2026";"QV26:L811";"01522F7VL.811";"Cursus cond VL - module 4.1 | validation moyens prioritaires";"F7";"AUTO";"";"01522F7";"OI_NON_DOCUMENTE_2026";"Moniteurs conduite DPS et DAP | Cond VL N '26";"2026-11-24";"Mardi";"18:00";"21:00";"Caserne G1";"Of auto";"";"";"SOURCE_CLASSEUR_2026";"classeur ligne 811";"HUMAN_REVIEW";"";"";"OUI";"Aucun lien sourceLine 2027 prouvé ; absence non présumée volontaire"
"2026";"QV26:L812";"070F0.812";"Séance COSEC | Etat situationnel, projets et études";"F0";"SDIS";"Séance";"070F0";"OI_NON_DOCUMENTE_2026";"Président Codir | Cdt | Cadre op CECRY";"2026-11-24";"Mardi";"18:30";"21:00";"Caserne G1";"Cdt";"";"";"SOURCE_CLASSEUR_2026";"classeur ligne 812";"RECONDUIT";"";"";"NON";"Référence source de 1 occurrence(s) 2027"
"2026";"QV26:L813";"011PR.813";"Exercice PR 4.5 | On fire";"F7";"PR";"Exercice";"011PR";"OI_NON_DOCUMENTE_2026";"OSR | C sct | PAPR";"2026-11-24";"Mardi";"19:00";"21:30";"Caserne G1";"C PR";"";"";"SOURCE_CLASSEUR_2026";"classeur ligne 813";"RECONDUIT";"";"";"NON";"Référence source de 1 occurrence(s) 2027"
"2026";"QV26:L814";"040G1MAT.814";"Préparation Xmas";"F4";"DPS";"";"040G1";"DPS:G1";"Resp mat DPS | Préposés mat";"2026-11-25";"Mercredi";"18:00";"21:00";"Caserne G1";"C log";"";"";"SOURCE_CLASSEUR_2026";"classeur ligne 814";"RECONDUIT";"";"";"NON";"Référence source de 1 occurrence(s) 2027"
"2026";"QV26:L815";"040C1MAT.815";"Préparation Xmas";"F4";"DPS";"";"040C1";"DPS:C1";"C site | Resp mat DPS | Préposés mat";"2026-11-25";"Mercredi";"18:00";"21:00";"Caserne C1";"C log";"";"";"SOURCE_CLASSEUR_2026";"classeur ligne 815";"RECONDUIT";"";"";"NON";"Référence source de 1 occurrence(s) 2027"
"2026";"QV26:L816";"040B1MAT.816";"Préparation Xmas";"F4";"DPS";"";"040B1";"DPS:B1";"Resp mat DPS | Préposés mat";"2026-11-25";"Mercredi";"18:00";"21:00";"Caserne B1";"C log";"";"";"SOURCE_CLASSEUR_2026";"classeur ligne 816";"RECONDUIT";"";"";"NON";"Référence source de 1 occurrence(s) 2027"
"2026";"QV26:L817";"040B2MAT.817";"Préparation Xmas";"F4";"DPS";"";"040B2";"DPS:B2";"Resp mat DPS | Préposés mat";"2026-11-25";"Mercredi";"18:00";"21:00";"Caserne B2";"C log";"";"";"SOURCE_CLASSEUR_2026";"classeur ligne 817";"RECONDUIT";"";"";"NON";"Référence source de 1 occurrence(s) 2027"
"2026";"QV26:L818";"010JSP.818";"Séance Direction JSP";"F7";"JSP";"Séance";"010JSP";"OI_NON_DOCUMENTE_2026";"C for | C JSP | C site JSP | Resp for JSP";"2026-11-25";"Mercredi";"18:30";"20:30";"Caserne G1";"C JSP";"";"";"SOURCE_CLASSEUR_2026";"classeur ligne 818";"RECONDUIT";"";"";"NON";"Référence source de 1 occurrence(s) 2027"
"2026";"QV26:L819";"01522F7VL.819";"Cursus cond VL - module 4.2 | validation moyens prioritaires";"F7";"AUTO";"";"01522F7";"OI_NON_DOCUMENTE_2026";"Moniteurs conduite DPS et DAP | Cond VL N '26";"2026-11-26";"Jeudi";"18:00";"21:00";"Caserne G1";"Of auto";"";"";"SOURCE_CLASSEUR_2026";"classeur ligne 819";"HUMAN_REVIEW";"";"";"OUI";"Aucun lien sourceLine 2027 prouvé ; absence non présumée volontaire"
"2026";"QV26:L820";"011PR.820";"Exercice PR 4.6 | On fire";"F7";"PR";"Exercice";"011PR";"OI_NON_DOCUMENTE_2026";"OSR | C sct | PAPR";"2026-11-26";"Jeudi";"19:00";"21:30";"Caserne G1";"C PR";"";"";"SOURCE_CLASSEUR_2026";"classeur ligne 820";"RECONDUIT";"";"";"NON";"Référence source de 1 occurrence(s) 2027"
"2026";"QV26:L821";"0161F7PIO.821";"Instr demi-sct - PIONNIER";"F7";"FOSPEC";"Instruction";"0161F7";"DPS:G1";"Section 4A | Réserve | Réguliers";"2026-11-28";"Samedi";"07:30";"11:30";"Caserne G1";"C sct";"";"";"SOURCE_CLASSEUR_2026";"classeur ligne 821";"RECONDUIT";"";"";"NON";"Référence source de 1 occurrence(s) 2027"
"2026";"QV26:L822";"010JG1.822";"Exercice JSP 8";"F7";"JSP";"Exercice";"010JG1";"OI_NON_DOCUMENTE_2026";"C site JSP | Moniteurs JSP | JSP";"2026-11-28";"Samedi";"08:00";"11:30";"Caserne G1";"Resp for JSP";"";"";"SOURCE_CLASSEUR_2026";"classeur ligne 822";"RECONDUIT";"";"";"NON";"Référence source de 1 occurrence(s) 2027"
"2026";"QV26:L823";"010JC1.823";"Exercice JSP 10";"F7";"JSP";"Exercice";"010JC1";"OI_NON_DOCUMENTE_2026";"C site JSP | Moniteurs JSP | JSP";"2026-11-30";"Lundi";"18:00";"20:00";"Caserne C1";"Resp for JSP";"";"";"SOURCE_CLASSEUR_2026";"classeur ligne 823";"RECONDUIT";"";"";"NON";"Référence source de 1 occurrence(s) 2027"
"2026";"QV26:L824";"0164F7ABC.824";"Formation ABC";"F7";"FOSPEC";"Formation";"0164F7";"DPS:G1";"Resp ABC | TOUS";"2026-11-30";"Lundi";"19:00";"21:30";"Caserne C1";"Resp ABC";"";"";"SOURCE_CLASSEUR_2026";"classeur ligne 824";"HUMAN_REVIEW";"";"";"OUI";"Aucun lien sourceLine 2027 prouvé ; absence non présumée volontaire"
"2026";"QV26:L824";"0164F7ABC.824";"Formation ABC";"F7";"FOSPEC";"Formation";"0164F7";"DPS:C1";"Resp ABC | TOUS";"2026-11-30";"Lundi";"19:00";"21:30";"Caserne C1";"Resp ABC";"";"";"SOURCE_CLASSEUR_2026";"classeur ligne 824";"HUMAN_REVIEW";"";"";"OUI";"Aucun lien sourceLine 2027 prouvé ; absence non présumée volontaire"
"2026";"QV26:L825";"0161F7PIO.825";"Instr sct - PIONNIER CSU-nvb";"F7";"FOSPEC";"Instruction";"0161F7";"DPS:G1";"OSR | Section 5 | Réserve | Réguliers";"2026-11-30";"Lundi";"19:15";"22:00";"Caserne G1";"C sct";"";"";"SOURCE_CLASSEUR_2026";"classeur ligne 825";"RECONDUIT";"";"";"NON";"Référence source de 1 occurrence(s) 2027"
"2026";"QV26:L826";"011PR.826";"Cursus PAPR - module 6 | Cobra";"F7";"PR";"";"011PR";"OI_NON_DOCUMENTE_2026";"Form PR | PAPR N'26";"2026-12-01";"Mardi";"18:00";"21:00";"Caserne G1";"C PR";"";"";"SOURCE_CLASSEUR_2026";"classeur ligne 826";"HUMAN_REVIEW";"";"";"OUI";"Aucun lien sourceLine 2027 prouvé ; absence non présumée volontaire"
"2026";"QV26:L827";"010JSP.827";"Séance instruction JSP";"F7";"JSP";"Séance";"010JSP";"OI_NON_DOCUMENTE_2026";"C JSP | C site JSP | Resp for JSP";"2026-12-01";"Mardi";"18:00";"21:00";"Caserne G1";"C JSP";"";"";"SOURCE_CLASSEUR_2026";"classeur ligne 827";"RECONDUIT";"";"";"NON";"Référence source de 1 occurrence(s) 2027"
"2026";"QV26:L828";"0173F7DPS.828";"Refresh CI | Simulateur tactique";"F7";"FOCA";"";"0173F7";"DPS:G1";"Cdt, C for, C sct et Rempl C sct";"2026-12-01";"Mardi";"19:00";"22:00";"Caserne SDIS";"Cdt";"";"";"SOURCE_CLASSEUR_2026";"classeur ligne 828";"RECONDUIT";"";"";"NON";"Référence source de 1 occurrence(s) 2027"
"2026";"QV26:L828";"0173F7DPS.828";"Refresh CI | Simulateur tactique";"F7";"FOCA";"";"0173F7";"DPS:C1";"Cdt, C for, C sct et Rempl C sct";"2026-12-01";"Mardi";"19:00";"22:00";"Caserne SDIS";"Cdt";"";"";"SOURCE_CLASSEUR_2026";"classeur ligne 828";"RECONDUIT";"";"";"NON";"Référence source de 1 occurrence(s) 2027"
"2026";"QV26:L828";"0173F7DPS.828";"Refresh CI | Simulateur tactique";"F7";"FOCA";"";"0173F7";"DPS:B1";"Cdt, C for, C sct et Rempl C sct";"2026-12-01";"Mardi";"19:00";"22:00";"Caserne SDIS";"Cdt";"";"";"SOURCE_CLASSEUR_2026";"classeur ligne 828";"RECONDUIT";"";"";"NON";"Référence source de 1 occurrence(s) 2027"
"2026";"QV26:L828";"0173F7DPS.828";"Refresh CI | Simulateur tactique";"F7";"FOCA";"";"0173F7";"DPS:B2";"Cdt, C for, C sct et Rempl C sct";"2026-12-01";"Mardi";"19:00";"22:00";"Caserne SDIS";"Cdt";"";"";"SOURCE_CLASSEUR_2026";"classeur ligne 828";"RECONDUIT";"";"";"NON";"Référence source de 1 occurrence(s) 2027"
"2026";"QV26:L829";"PG0226.765ac";"Piste entraînement PAPR 4";"F7";"PR";"";"011PR";"OI_NON_DOCUMENTE_2026";"PAPR";"2026-12-02";"Mercredi";"17:00";"23:00";"La Rama";"C PR";"";"";"SOURCE_CLASSEUR_2026";"classeur ligne 829";"RECONDUIT";"";"";"NON";"Référence source de 1 occurrence(s) 2027"
"2026";"QV26:L830";"070F56.830";"Séance communication F5/6";"F5/6";"SIC";"Séance";"070F56";"DPS:G1";"Membres communication";"2026-12-02";"Mercredi";"18:00";"20:00";"Caserne G1";"Of spéc";"";"";"SOURCE_CLASSEUR_2026";"classeur ligne 830";"RECONDUIT";"";"";"NON";"Référence source de 1 occurrence(s) 2027"
"2026";"QV26:L830";"070F56.830";"Séance communication F5/6";"F5/6";"SIC";"Séance";"070F56";"DAP:Y1";"Membres communication";"2026-12-02";"Mercredi";"18:00";"20:00";"Caserne G1";"Of spéc";"";"";"SOURCE_CLASSEUR_2026";"classeur ligne 830";"RECONDUIT";"";"";"NON";"Référence source de 1 occurrence(s) 2027"
"2026";"QV26:L831";"0173F7DPS.831";"Reconnaissance DPS";"F7";"FOCA";"";"0173F7";"DPS:G1";"Échelons II OP, III et IV DPS | Permanents";"2026-12-03";"Jeudi";"18:00";"20:30";"Caserne G1";"C op";"";"";"SOURCE_CLASSEUR_2026";"classeur ligne 831";"RECONDUIT";"";"";"NON";"Référence source de 1 occurrence(s) 2027"
"2026";"QV26:L832";"070F1.832";"Souper annuel";"F1/8";"DPS";"";"070F1";"DPS:G1";"EM | DPS";"2026-12-04";"Vendredi";"19:00";"23:00";"Caserne G1";"C site";"";"";"SOURCE_CLASSEUR_2026";"classeur ligne 832";"RECONDUIT";"";"";"NON";"Référence source de 1 occurrence(s) 2027"
"2026";"QV26:L833";"";"Téléthon";"F2/3";"SDIS";"";"";"DPS:G1";"TOUS";"2026-12-05";"Samedi";"07:30";"17:00";"SDIS NV";"QM";"";"";"SOURCE_CLASSEUR_2026";"classeur ligne 833";"RECONDUIT";"";"";"NON";"Référence source de 1 occurrence(s) 2027"
"2026";"QV26:L833";"";"Téléthon";"F2/3";"SDIS";"";"";"DPS:C1";"TOUS";"2026-12-05";"Samedi";"07:30";"17:00";"SDIS NV";"QM";"";"";"SOURCE_CLASSEUR_2026";"classeur ligne 833";"RECONDUIT";"";"";"NON";"Référence source de 1 occurrence(s) 2027"
"2026";"QV26:L833";"";"Téléthon";"F2/3";"SDIS";"";"";"DPS:B1";"TOUS";"2026-12-05";"Samedi";"07:30";"17:00";"SDIS NV";"QM";"";"";"SOURCE_CLASSEUR_2026";"classeur ligne 833";"RECONDUIT";"";"";"NON";"Référence source de 1 occurrence(s) 2027"
"2026";"QV26:L833";"";"Téléthon";"F2/3";"SDIS";"";"";"DPS:B2";"TOUS";"2026-12-05";"Samedi";"07:30";"17:00";"SDIS NV";"QM";"";"";"SOURCE_CLASSEUR_2026";"classeur ligne 833";"RECONDUIT";"";"";"NON";"Référence source de 1 occurrence(s) 2027"
"2026";"QV26:L833";"";"Téléthon";"F2/3";"SDIS";"";"";"DAP:Y1";"TOUS";"2026-12-05";"Samedi";"07:30";"17:00";"SDIS NV";"QM";"";"";"SOURCE_CLASSEUR_2026";"classeur ligne 833";"RECONDUIT";"";"";"NON";"Référence source de 1 occurrence(s) 2027"
"2026";"QV26:L833";"";"Téléthon";"F2/3";"SDIS";"";"";"DAP:Y2";"TOUS";"2026-12-05";"Samedi";"07:30";"17:00";"SDIS NV";"QM";"";"";"SOURCE_CLASSEUR_2026";"classeur ligne 833";"RECONDUIT";"";"";"NON";"Référence source de 1 occurrence(s) 2027"
"2026";"QV26:L833";"";"Téléthon";"F2/3";"SDIS";"";"";"DAP:Y3";"TOUS";"2026-12-05";"Samedi";"07:30";"17:00";"SDIS NV";"QM";"";"";"SOURCE_CLASSEUR_2026";"classeur ligne 833";"RECONDUIT";"";"";"NON";"Référence source de 1 occurrence(s) 2027"
"2026";"QV26:L833";"";"Téléthon";"F2/3";"SDIS";"";"";"DAP:Y4";"TOUS";"2026-12-05";"Samedi";"07:30";"17:00";"SDIS NV";"QM";"";"";"SOURCE_CLASSEUR_2026";"classeur ligne 833";"RECONDUIT";"";"";"NON";"Référence source de 1 occurrence(s) 2027"
"2026";"QV26:L834";"";"Noël des familles";"F1/8";"DPS";"";"";"DPS:B1";"EM | DPS | Permanents | JSP | Familles";"2026-12-06";"Dimanche";"11:00";"17:00";"Caserne B1";"C site";"";"";"SOURCE_CLASSEUR_2026";"classeur ligne 834";"RECONDUIT";"";"";"NON";"Référence source de 1 occurrence(s) 2027"
"2026";"QV26:L835";"010JG1.835";"Séance cadres JSP | Bilan '26";"F7";"JSP";"Séance";"010JG1";"OI_NON_DOCUMENTE_2026";"C JSP | C site JSP | Resp for JSP | Moniteurs JSP";"2026-12-07";"Lundi";"18:00";"20:00";"Caserne G1";"C JSP";"";"";"SOURCE_CLASSEUR_2026";"classeur ligne 835";"RECONDUIT";"";"";"NON";"Référence source de 1 occurrence(s) 2027"
"2026";"QV26:L836";"0161F7PIO.836";"Instr sct - PIONNIER CSU-nvb";"F7";"FOSPEC";"Instruction";"0161F7";"DPS:G1";"OSR | Section 4 | Réserve | Réguliers";"2026-12-07";"Lundi";"19:15";"22:00";"Caserne G1";"C sct";"";"";"SOURCE_CLASSEUR_2026";"classeur ligne 836";"RECONDUIT";"";"";"NON";"Référence source de 1 occurrence(s) 2027"
"2026";"QV26:L837";"EMSEA.837";"Séance EM";"F0";"SDIS";"Séance";"EMSEA";"OI_NON_DOCUMENTE_2026";"EM";"2026-12-08";"Mardi";"18:00";"21:00";"Caserne G1";"Cdt";"";"";"SOURCE_CLASSEUR_2026";"classeur ligne 837";"RECONDUIT";"";"";"NON";"Référence source de 1 occurrence(s) 2027"
"2026";"QV26:L838";"010FOBA.838";"Exercice FOBA 10 | Cérémonie de promotion";"F7";"FOBA";"Exercice";"010FOBA";"OI_NON_DOCUMENTE_2026";"EM | C FOBA | cadres FOBA | FOBA 1 | FOBA 2";"2026-12-09";"Mercredi";"18:30";"21:30";"Caserne G1";"C FOBA";"";"";"SOURCE_CLASSEUR_2026";"classeur ligne 838";"RECONDUIT";"";"";"NON";"Référence source de 1 occurrence(s) 2027"
"2026";"QV26:L839";"010JB1.839";"Exercice JSP 10";"F7";"JSP";"Exercice";"010JB1";"OI_NON_DOCUMENTE_2026";"C site JSP | Moniteurs JSP | JSP";"2026-12-10";"Jeudi";"18:00";"20:00";"Caserne B1";"Resp for JSP";"";"";"SOURCE_CLASSEUR_2026";"classeur ligne 839";"RECONDUIT";"";"";"NON";"Référence source de 1 occurrence(s) 2027"
"2026";"QV26:L840";"0173F7DPS.840";"Reconnaissance DPS";"F7";"FOCA";"";"0173F7";"DPS:C1";"Échelons II OP, III et IV DPS";"2026-12-10";"Jeudi";"19:00";"21:30";"Caserne C1";"C op";"";"";"SOURCE_CLASSEUR_2026";"classeur ligne 840";"RECONDUIT";"";"";"NON";"Référence source de 1 occurrence(s) 2027"
"2026";"QV26:L841";"0173F7DPS.841";"Reconnaissance DPS";"F7";"FOCA";"";"0173F7";"DPS:B1";"Échelons II OP, III et IV DPS";"2026-12-10";"Jeudi";"19:00";"21:30";"Caserne B1";"C op";"";"";"SOURCE_CLASSEUR_2026";"classeur ligne 841";"RECONDUIT";"";"";"NON";"Référence source de 1 occurrence(s) 2027"
"2026";"QV26:L842";"0173F7DPS.842";"Reconnaissance DPS";"F7";"FOCA";"";"0173F7";"DPS:B2";"Échelons II OP, III et IV DPS";"2026-12-10";"Jeudi";"19:00";"21:30";"Caserne B2";"C op";"";"";"SOURCE_CLASSEUR_2026";"classeur ligne 842";"RECONDUIT";"";"";"NON";"Référence source de 1 occurrence(s) 2027"
"2026";"QV26:L843";"070F0.843";"Séance Codir + repas";"F0";"SDIS";"Séance";"070F0";"OI_NON_DOCUMENTE_2026";"Codir | Cdt";"2026-12-11";"Vendredi";"10:30";"12:00";"Caserne G1";"PrésidentE Codir";"";"";"SOURCE_CLASSEUR_2026";"classeur ligne 843";"RECONDUIT";"";"";"NON";"Référence source de 1 occurrence(s) 2027"
"2026";"QV26:L844";"";"Souper annuel";"F1/8";"DPS";"";"";"DPS:B2";"EM | DPS";"2026-12-11";"Vendredi";"19:00";"23:00";"Caserne B2";"C site";"";"";"SOURCE_CLASSEUR_2026";"classeur ligne 844";"RECONDUIT";"";"";"NON";"Référence source de 1 occurrence(s) 2027"
"2026";"QV26:L845";"011PR.845";"Cursus PAPR - module 7 | Engagement pratique";"F7";"PR";"";"011PR";"OI_NON_DOCUMENTE_2026";"Form PR | PAPR N'26";"2026-12-12";"Samedi";"07:30";"12:00";"Centre ECAP";"C PR";"";"";"SOURCE_CLASSEUR_2026";"classeur ligne 845";"HUMAN_REVIEW";"";"";"OUI";"Aucun lien sourceLine 2027 prouvé ; absence non présumée volontaire"
"2026";"QV26:L846";"";"Noël des familles";"F1/8";"DPS";"";"";"DPS:G1";"EM | DPS | JSP | Familles";"2026-12-12";"Samedi";"15:00";"17:00";"Caserne G1";"C site";"";"";"SOURCE_CLASSEUR_2026";"classeur ligne 846";"RECONDUIT";"";"";"NON";"Référence source de 1 occurrence(s) 2027"
"2026";"QV26:L847";"";"Noël des familles";"F1/8";"DPS";"";"";"DPS:C1";"EM | DPS | JSP | Familles";"2026-12-13";"Dimanche";"11:00";"17:00";"Caserne C1";"C site";"";"";"SOURCE_CLASSEUR_2026";"classeur ligne 847";"RECONDUIT";"";"";"NON";"Référence source de 1 occurrence(s) 2027"
"2026";"QV26:L848";"070F0.848";"Séance OSR";"F0";"OSR";"Séance";"070F0";"DPS:G1";"OSR";"2026-12-14";"Lundi";"15:00";"17:00";"Caserne G1";"Cdt";"";"";"SOURCE_CLASSEUR_2026";"classeur ligne 848";"RECONDUIT";"";"";"NON";"Référence source de 1 occurrence(s) 2027"
"2026";"QV26:L849";"070F4.849";"Équipement personnel DPS + photo individuelle";"F4";"FOBA";"";"070F4";"DPS:G1";"C log | Resp équipement | AV | Selon convocation";"2026-12-14";"Lundi";"18:00";"20:00";"Caserne G1";"C log";"";"";"SOURCE_CLASSEUR_2026";"classeur ligne 849";"RECONDUIT";"";"";"NON";"Référence source de 1 occurrence(s) 2027"
"2026";"QV26:L850";"010JSP.850";"Séance d'information JSP '26";"F1/8";"JSP";"Séance";"010JSP";"OI_NON_DOCUMENTE_2026";"Cdt | C JSP | C site JSP | Resp for JSP | Parents JSP";"2026-12-16";"Mercredi";"19:00";"21:00";"Caserne G1";"C JSP";"";"";"SOURCE_CLASSEUR_2026";"classeur ligne 850";"RECONDUIT";"";"";"NON";"Référence source de 1 occurrence(s) 2027"
"2026";"QV26:L851";"070F1.851";"Cérémonie de promotion et nomination";"F1/8";"SDIS";"";"070F1";"DPS:G1";"EM | Selon convocation";"2026-12-17";"Jeudi";"18:30";"21:00";"Caserne G1";"Cdt";"";"";"SOURCE_CLASSEUR_2026";"classeur ligne 851";"RECONDUIT";"";"";"NON";"Référence source de 1 occurrence(s) 2027"
"2026";"QV26:L851";"070F1.851";"Cérémonie de promotion et nomination";"F1/8";"SDIS";"";"070F1";"DPS:C1";"EM | Selon convocation";"2026-12-17";"Jeudi";"18:30";"21:00";"Caserne G1";"Cdt";"";"";"SOURCE_CLASSEUR_2026";"classeur ligne 851";"RECONDUIT";"";"";"NON";"Référence source de 1 occurrence(s) 2027"
"2026";"QV26:L851";"070F1.851";"Cérémonie de promotion et nomination";"F1/8";"SDIS";"";"070F1";"DPS:B1";"EM | Selon convocation";"2026-12-17";"Jeudi";"18:30";"21:00";"Caserne G1";"Cdt";"";"";"SOURCE_CLASSEUR_2026";"classeur ligne 851";"RECONDUIT";"";"";"NON";"Référence source de 1 occurrence(s) 2027"
"2026";"QV26:L851";"070F1.851";"Cérémonie de promotion et nomination";"F1/8";"SDIS";"";"070F1";"DPS:B2";"EM | Selon convocation";"2026-12-17";"Jeudi";"18:30";"21:00";"Caserne G1";"Cdt";"";"";"SOURCE_CLASSEUR_2026";"classeur ligne 851";"RECONDUIT";"";"";"NON";"Référence source de 1 occurrence(s) 2027"
"2026";"QV26:L851";"070F1.851";"Cérémonie de promotion et nomination";"F1/8";"SDIS";"";"070F1";"DAP:Y1";"EM | Selon convocation";"2026-12-17";"Jeudi";"18:30";"21:00";"Caserne G1";"Cdt";"";"";"SOURCE_CLASSEUR_2026";"classeur ligne 851";"RECONDUIT";"";"";"NON";"Référence source de 1 occurrence(s) 2027"
"2026";"QV26:L851";"070F1.851";"Cérémonie de promotion et nomination";"F1/8";"SDIS";"";"070F1";"DAP:Y2";"EM | Selon convocation";"2026-12-17";"Jeudi";"18:30";"21:00";"Caserne G1";"Cdt";"";"";"SOURCE_CLASSEUR_2026";"classeur ligne 851";"RECONDUIT";"";"";"NON";"Référence source de 1 occurrence(s) 2027"
"2026";"QV26:L851";"070F1.851";"Cérémonie de promotion et nomination";"F1/8";"SDIS";"";"070F1";"DAP:Y3";"EM | Selon convocation";"2026-12-17";"Jeudi";"18:30";"21:00";"Caserne G1";"Cdt";"";"";"SOURCE_CLASSEUR_2026";"classeur ligne 851";"RECONDUIT";"";"";"NON";"Référence source de 1 occurrence(s) 2027"
"2026";"QV26:L851";"070F1.851";"Cérémonie de promotion et nomination";"F1/8";"SDIS";"";"070F1";"DAP:Y4";"EM | Selon convocation";"2026-12-17";"Jeudi";"18:30";"21:00";"Caserne G1";"Cdt";"";"";"SOURCE_CLASSEUR_2026";"classeur ligne 851";"RECONDUIT";"";"";"NON";"Référence source de 1 occurrence(s) 2027"
"2027";"QV26-8-KM-DU-SDIS-D2C38C47:O1:S1";"";"8 km du SDIS";"DPS";"DPS";"Événement";"";"DPS:G1";"FOBA:1, JSP:1";"2027-08-13";"Vendredi";"18:30";"23:00";"Caserne C1";"Resp Sports";"Aucune session distincte";"1";"A_POSITIONNER";"classeur ligne 499";"RECONDUIT";"VACANCES_SCOLAIRES";"HUMAN_REVIEW_CALENDAR:VACANCES_SCOLAIRES";"OUI";"Classeur 2026 ligne 499 ; date 2027 proposée, non validée par ce gate"
"2027";"QV26-8-KM-DU-SDIS-D2C38C47:O1:S1";"";"8 km du SDIS";"DPS";"DPS";"Événement";"";"DPS:C1";"FOBA:1, JSP:1";"2027-08-13";"Vendredi";"18:30";"23:00";"Caserne C1";"Resp Sports";"Aucune session distincte";"1";"A_POSITIONNER";"classeur ligne 499";"RECONDUIT";"VACANCES_SCOLAIRES";"HUMAN_REVIEW_CALENDAR:VACANCES_SCOLAIRES";"OUI";"Classeur 2026 ligne 499 ; date 2027 proposée, non validée par ce gate"
"2027";"QV26-8-KM-DU-SDIS-D2C38C47:O1:S1";"";"8 km du SDIS";"DPS";"DPS";"Événement";"";"DPS:B1";"FOBA:1, JSP:1";"2027-08-13";"Vendredi";"18:30";"23:00";"Caserne C1";"Resp Sports";"Aucune session distincte";"1";"A_POSITIONNER";"classeur ligne 499";"RECONDUIT";"VACANCES_SCOLAIRES";"HUMAN_REVIEW_CALENDAR:VACANCES_SCOLAIRES";"OUI";"Classeur 2026 ligne 499 ; date 2027 proposée, non validée par ce gate"
"2027";"QV26-8-KM-DU-SDIS-D2C38C47:O1:S1";"";"8 km du SDIS";"DPS";"DPS";"Événement";"";"DPS:B2";"FOBA:1, JSP:1";"2027-08-13";"Vendredi";"18:30";"23:00";"Caserne C1";"Resp Sports";"Aucune session distincte";"1";"A_POSITIONNER";"classeur ligne 499";"RECONDUIT";"VACANCES_SCOLAIRES";"HUMAN_REVIEW_CALENDAR:VACANCES_SCOLAIRES";"OUI";"Classeur 2026 ligne 499 ; date 2027 proposée, non validée par ce gate"
"2027";"QV26-8-KM-DU-SDIS-D2C38C47:O1:S1";"";"8 km du SDIS";"DPS";"DPS";"Événement";"";"DAP:Y1";"FOBA:1, JSP:1";"2027-08-13";"Vendredi";"18:30";"23:00";"Caserne C1";"Resp Sports";"Aucune session distincte";"1";"A_POSITIONNER";"classeur ligne 499";"RECONDUIT";"VACANCES_SCOLAIRES";"HUMAN_REVIEW_CALENDAR:VACANCES_SCOLAIRES";"OUI";"Classeur 2026 ligne 499 ; date 2027 proposée, non validée par ce gate"
"2027";"QV26-8-KM-DU-SDIS-D2C38C47:O1:S1";"";"8 km du SDIS";"DPS";"DPS";"Événement";"";"DAP:Y2";"FOBA:1, JSP:1";"2027-08-13";"Vendredi";"18:30";"23:00";"Caserne C1";"Resp Sports";"Aucune session distincte";"1";"A_POSITIONNER";"classeur ligne 499";"RECONDUIT";"VACANCES_SCOLAIRES";"HUMAN_REVIEW_CALENDAR:VACANCES_SCOLAIRES";"OUI";"Classeur 2026 ligne 499 ; date 2027 proposée, non validée par ce gate"
"2027";"QV26-8-KM-DU-SDIS-D2C38C47:O1:S1";"";"8 km du SDIS";"DPS";"DPS";"Événement";"";"DAP:Y3";"FOBA:1, JSP:1";"2027-08-13";"Vendredi";"18:30";"23:00";"Caserne C1";"Resp Sports";"Aucune session distincte";"1";"A_POSITIONNER";"classeur ligne 499";"RECONDUIT";"VACANCES_SCOLAIRES";"HUMAN_REVIEW_CALENDAR:VACANCES_SCOLAIRES";"OUI";"Classeur 2026 ligne 499 ; date 2027 proposée, non validée par ce gate"
"2027";"QV26-8-KM-DU-SDIS-D2C38C47:O1:S1";"";"8 km du SDIS";"DPS";"DPS";"Événement";"";"DAP:Y4";"FOBA:1, JSP:1";"2027-08-13";"Vendredi";"18:30";"23:00";"Caserne C1";"Resp Sports";"Aucune session distincte";"1";"A_POSITIONNER";"classeur ligne 499";"RECONDUIT";"VACANCES_SCOLAIRES";"HUMAN_REVIEW_CALENDAR:VACANCES_SCOLAIRES";"OUI";"Classeur 2026 ligne 499 ; date 2027 proposée, non validée par ce gate"
"2027";"QV26-COURS-DE-CADRES-EXERCICE-DPS-1-EC74513E:O1:S1";"012B1.001";"Cours de cadres exercice DPS 1";"F7";"DPS";"Exercice";"012B1";"DPS:C1";"";"2027-03-02";"Mardi";"19:00";"21:30";"Caserne C1";"C site";"Aucune session distincte";"1";"A_POSITIONNER";"classeur ligne 73";"HUMAN_REVIEW";"";"OK_CALENDRIER_LOCAL";"OUI";"4 ligne(s) de même titre en 2026, sans lien source exact"
"2027";"QV26-COURS-DE-CADRES-EXERCICE-DPS-1-EC74513E:O2:S1";"012B1.001";"Cours de cadres exercice DPS 1";"F7";"DPS";"Exercice";"012B1";"DPS:B1";"";"2027-03-02";"Mardi";"19:00";"21:30";"Caserne B1";"C site";"Aucune session distincte";"1";"A_POSITIONNER";"classeur ligne 74";"RECONDUIT";"";"OK_CALENDRIER_LOCAL";"NON";"Classeur 2026 ligne 74 ; date 2027 proposée, non validée par ce gate"
"2027";"QV26-COURS-DE-CADRES-EXERCICE-DPS-2-D7F0BFF7:O1:S1";"012B1.002";"Cours de cadres exercice DPS 2";"F7";"DPS";"Exercice";"012B1";"DPS:C1";"";"2027-08-18";"Mercredi";"19:00";"21:30";"Caserne C1";"C site";"Aucune session distincte";"1";"A_POSITIONNER";"classeur ligne 509";"HUMAN_REVIEW";"VACANCES_SCOLAIRES";"HUMAN_REVIEW_CALENDAR:VACANCES_SCOLAIRES";"OUI";"4 ligne(s) de même titre en 2026, sans lien source exact"
"2027";"QV26-COURS-DE-CADRES-EXERCICE-DPS-2-D7F0BFF7:O2:S1";"012B1.002";"Cours de cadres exercice DPS 2";"F7";"DPS";"Exercice";"012B1";"DPS:B1";"";"2027-08-18";"Mercredi";"19:00";"21:30";"Caserne B1";"C site";"Aucune session distincte";"1";"A_POSITIONNER";"classeur ligne 510";"RECONDUIT";"VACANCES_SCOLAIRES";"HUMAN_REVIEW_CALENDAR:VACANCES_SCOLAIRES";"OUI";"Classeur 2026 ligne 510 ; date 2027 proposée, non validée par ce gate"
"2027";"QV26-COURS-DE-CADRES-EXERCICE-DPS-3-D4DA4C84:O1:S1";"012B1.003";"Cours de cadres exercice DPS 3";"F7";"DPS";"Exercice";"012B1";"DPS:C1";"";"2027-09-21";"Mardi";"19:00";"21:30";"Caserne C1";"C site";"Aucune session distincte";"1";"A_POSITIONNER";"classeur ligne 648";"HUMAN_REVIEW";"";"OK_CALENDRIER_LOCAL";"OUI";"3 ligne(s) de même titre en 2026, sans lien source exact"
"2027";"QV26-COURS-DE-CADRES-EXERCICE-DPS-DAP-1-8AF88C67:O1:S1";"0120F7.001";"Cours de cadres exercice DPS-DAP 1";"F7";"DPS";"Exercice";"0120F7";"DPS:C1";"";"2027-03-31";"Mercredi";"19:00";"21:30";"Caserne G1";"C for";"Aucune session distincte";"1";"A_POSITIONNER";"classeur ligne 214";"RECONDUIT";"VACANCES_SCOLAIRES";"HUMAN_REVIEW_CALENDAR:VACANCES_SCOLAIRES";"OUI";"Classeur 2026 ligne 214 ; date 2027 proposée, non validée par ce gate"
"2027";"QV26-COURS-DE-CADRES-EXERCICE-DPS-DAP-1-8AF88C67:O1:S1";"0120F7.001";"Cours de cadres exercice DPS-DAP 1";"F7";"DPS";"Exercice";"0120F7";"DPS:B1";"";"2027-03-31";"Mercredi";"19:00";"21:30";"Caserne G1";"C for";"Aucune session distincte";"1";"A_POSITIONNER";"classeur ligne 214";"RECONDUIT";"VACANCES_SCOLAIRES";"HUMAN_REVIEW_CALENDAR:VACANCES_SCOLAIRES";"OUI";"Classeur 2026 ligne 214 ; date 2027 proposée, non validée par ce gate"
"2027";"QV26-COURS-DE-CADRES-EXERCICE-DPS-DAP-1-8AF88C67:O1:S1";"0120F7.001";"Cours de cadres exercice DPS-DAP 1";"F7";"DPS";"Exercice";"0120F7";"DPS:B2";"";"2027-03-31";"Mercredi";"19:00";"21:30";"Caserne G1";"C for";"Aucune session distincte";"1";"A_POSITIONNER";"classeur ligne 214";"RECONDUIT";"VACANCES_SCOLAIRES";"HUMAN_REVIEW_CALENDAR:VACANCES_SCOLAIRES";"OUI";"Classeur 2026 ligne 214 ; date 2027 proposée, non validée par ce gate"
"2027";"QV26-COURS-DE-CADRES-EXERCICE-DPS-DAP-2-RECONNAISSANCE-LI-94E8317E:O1:S1";"0120F7.002";"Cours de cadres exercice DPS-DAP 2 - reconnaissance lieux";"F7";"DPS";"Exercice";"0120F7";"DPS:C1";"";"2027-06-22";"Mardi";"19:00";"22:00";"Caserne G1";"C for";"Aucune session distincte";"1";"A_POSITIONNER";"classeur ligne 454";"RECONDUIT";"";"OK_CALENDRIER_LOCAL";"NON";"Classeur 2026 ligne 454 ; date 2027 proposée, non validée par ce gate"
"2027";"QV26-COURS-DE-CADRES-EXERCICE-DPS-DAP-2-RECONNAISSANCE-LI-94E8317E:O1:S1";"0120F7.002";"Cours de cadres exercice DPS-DAP 2 - reconnaissance lieux";"F7";"DPS";"Exercice";"0120F7";"DPS:B1";"";"2027-06-22";"Mardi";"19:00";"22:00";"Caserne G1";"C for";"Aucune session distincte";"1";"A_POSITIONNER";"classeur ligne 454";"RECONDUIT";"";"OK_CALENDRIER_LOCAL";"NON";"Classeur 2026 ligne 454 ; date 2027 proposée, non validée par ce gate"
"2027";"QV26-COURS-DE-CADRES-EXERCICE-DPS-DAP-2-RECONNAISSANCE-LI-94E8317E:O1:S1";"0120F7.002";"Cours de cadres exercice DPS-DAP 2 - reconnaissance lieux";"F7";"DPS";"Exercice";"0120F7";"DPS:B2";"";"2027-06-22";"Mardi";"19:00";"22:00";"Caserne G1";"C for";"Aucune session distincte";"1";"A_POSITIONNER";"classeur ligne 454";"RECONDUIT";"";"OK_CALENDRIER_LOCAL";"NON";"Classeur 2026 ligne 454 ; date 2027 proposée, non validée par ce gate"
"2027";"QV26-COURS-DE-CADRES-FORMATION-GROUPEE-DPS-87729EC5:O1:S1";"0162F7.001";"Cours de cadres Formation groupée DPS";"F7";"DPS";"Formation";"0162F7";"DPS:G1";"";"2027-03-15";"Lundi";"14:00";"17:00";"Caserne G1";"C for";"Aucune session distincte";"1";"A_POSITIONNER";"classeur ligne 145";"HUMAN_REVIEW";"";"OK_CALENDRIER_LOCAL";"OUI";"Aucune correspondance 2026 exacte prouvée"
"2027";"QV26-COURS-DE-CADRES-FORMATION-GROUPEE-DPS-87729EC5:O1:S1";"0162F7.001";"Cours de cadres Formation groupée DPS";"F7";"DPS";"Formation";"0162F7";"DPS:C1";"";"2027-03-15";"Lundi";"14:00";"17:00";"Caserne G1";"C for";"Aucune session distincte";"1";"A_POSITIONNER";"classeur ligne 145";"HUMAN_REVIEW";"";"OK_CALENDRIER_LOCAL";"OUI";"Aucune correspondance 2026 exacte prouvée"
"2027";"QV26-COURS-DE-CADRES-FORMATION-GROUPEE-DPS-87729EC5:O1:S1";"0162F7.001";"Cours de cadres Formation groupée DPS";"F7";"DPS";"Formation";"0162F7";"DPS:B1";"";"2027-03-15";"Lundi";"14:00";"17:00";"Caserne G1";"C for";"Aucune session distincte";"1";"A_POSITIONNER";"classeur ligne 145";"HUMAN_REVIEW";"";"OK_CALENDRIER_LOCAL";"OUI";"Aucune correspondance 2026 exacte prouvée"
"2027";"QV26-COURS-DE-CADRES-FORMATION-GROUPEE-DPS-87729EC5:O1:S1";"0162F7.001";"Cours de cadres Formation groupée DPS";"F7";"DPS";"Formation";"0162F7";"DPS:B2";"";"2027-03-15";"Lundi";"14:00";"17:00";"Caserne G1";"C for";"Aucune session distincte";"1";"A_POSITIONNER";"classeur ligne 145";"HUMAN_REVIEW";"";"OK_CALENDRIER_LOCAL";"OUI";"Aucune correspondance 2026 exacte prouvée"
"2027";"QV26-COURS-DE-CADRES-INTERSDIS-50C39DFD:O1:S1";"0171F7.001";"Cours de cadres interSDIS";"F7";"DPS";"Formation";"0171F7";"DPS:G1";"";"2027-04-24";"Samedi";"07:30";"13:00";"Caserne SDIS";"Cdt";"Aucune session distincte";"1";"A_POSITIONNER";"classeur ligne 256";"RECONDUIT";"";"OK_CALENDRIER_LOCAL";"NON";"Classeur 2026 ligne 256 ; date 2027 proposée, non validée par ce gate"
"2027";"QV26-COURS-DE-CADRES-INTERSDIS-50C39DFD:O1:S1";"0171F7.001";"Cours de cadres interSDIS";"F7";"DPS";"Formation";"0171F7";"DPS:C1";"";"2027-04-24";"Samedi";"07:30";"13:00";"Caserne SDIS";"Cdt";"Aucune session distincte";"1";"A_POSITIONNER";"classeur ligne 256";"RECONDUIT";"";"OK_CALENDRIER_LOCAL";"NON";"Classeur 2026 ligne 256 ; date 2027 proposée, non validée par ce gate"
"2027";"QV26-COURS-DE-CADRES-INTERSDIS-50C39DFD:O1:S1";"0171F7.001";"Cours de cadres interSDIS";"F7";"DPS";"Formation";"0171F7";"DPS:B1";"";"2027-04-24";"Samedi";"07:30";"13:00";"Caserne SDIS";"Cdt";"Aucune session distincte";"1";"A_POSITIONNER";"classeur ligne 256";"RECONDUIT";"";"OK_CALENDRIER_LOCAL";"NON";"Classeur 2026 ligne 256 ; date 2027 proposée, non validée par ce gate"
"2027";"QV26-COURS-DE-CADRES-INTERSDIS-50C39DFD:O1:S1";"0171F7.001";"Cours de cadres interSDIS";"F7";"DPS";"Formation";"0171F7";"DPS:B2";"";"2027-04-24";"Samedi";"07:30";"13:00";"Caserne SDIS";"Cdt";"Aucune session distincte";"1";"A_POSITIONNER";"classeur ligne 256";"RECONDUIT";"";"OK_CALENDRIER_LOCAL";"NON";"Classeur 2026 ligne 256 ; date 2027 proposée, non validée par ce gate"
"2027";"QV26-COURS-DE-CADRES-SDIS-NORD-VAUDOIS-865AE6FF:O1:S1";"0170F7.001";"Cours de cadres SDIS Nord vaudois";"F7";"DPS";"Formation";"0170F7";"DPS:G1";"";"2027-06-05";"Samedi";"07:30";"17:00";"Caserne G1";"Cdt";"Aucune session distincte";"1";"A_POSITIONNER";"classeur ligne 379";"RECONDUIT";"";"OK_CALENDRIER_LOCAL";"NON";"Classeur 2026 ligne 379 ; date 2027 proposée, non validée par ce gate"
"2027";"QV26-COURS-DE-CADRES-SDIS-NORD-VAUDOIS-865AE6FF:O1:S1";"0170F7.001";"Cours de cadres SDIS Nord vaudois";"F7";"DPS";"Formation";"0170F7";"DPS:C1";"";"2027-06-05";"Samedi";"07:30";"17:00";"Caserne G1";"Cdt";"Aucune session distincte";"1";"A_POSITIONNER";"classeur ligne 379";"RECONDUIT";"";"OK_CALENDRIER_LOCAL";"NON";"Classeur 2026 ligne 379 ; date 2027 proposée, non validée par ce gate"
"2027";"QV26-COURS-DE-CADRES-SDIS-NORD-VAUDOIS-865AE6FF:O1:S1";"0170F7.001";"Cours de cadres SDIS Nord vaudois";"F7";"DPS";"Formation";"0170F7";"DPS:B1";"";"2027-06-05";"Samedi";"07:30";"17:00";"Caserne G1";"Cdt";"Aucune session distincte";"1";"A_POSITIONNER";"classeur ligne 379";"RECONDUIT";"";"OK_CALENDRIER_LOCAL";"NON";"Classeur 2026 ligne 379 ; date 2027 proposée, non validée par ce gate"
"2027";"QV26-COURS-DE-CADRES-SDIS-NORD-VAUDOIS-865AE6FF:O1:S1";"0170F7.001";"Cours de cadres SDIS Nord vaudois";"F7";"DPS";"Formation";"0170F7";"DPS:B2";"";"2027-06-05";"Samedi";"07:30";"17:00";"Caserne G1";"Cdt";"Aucune session distincte";"1";"A_POSITIONNER";"classeur ligne 379";"RECONDUIT";"";"OK_CALENDRIER_LOCAL";"NON";"Classeur 2026 ligne 379 ; date 2027 proposée, non validée par ce gate"
"2027";"QV26-COURS-DE-CADRES-SDIS-NORD-VAUDOIS-865AE6FF:O1:S1";"0170F7.001";"Cours de cadres SDIS Nord vaudois";"F7";"DPS";"Formation";"0170F7";"DAP:Y1";"";"2027-06-05";"Samedi";"07:30";"17:00";"Caserne G1";"Cdt";"Aucune session distincte";"1";"A_POSITIONNER";"classeur ligne 379";"RECONDUIT";"";"OK_CALENDRIER_LOCAL";"NON";"Classeur 2026 ligne 379 ; date 2027 proposée, non validée par ce gate"
"2027";"QV26-COURS-DE-CADRES-SDIS-NORD-VAUDOIS-865AE6FF:O1:S1";"0170F7.001";"Cours de cadres SDIS Nord vaudois";"F7";"DPS";"Formation";"0170F7";"DAP:Y2";"";"2027-06-05";"Samedi";"07:30";"17:00";"Caserne G1";"Cdt";"Aucune session distincte";"1";"A_POSITIONNER";"classeur ligne 379";"RECONDUIT";"";"OK_CALENDRIER_LOCAL";"NON";"Classeur 2026 ligne 379 ; date 2027 proposée, non validée par ce gate"
"2027";"QV26-COURS-DE-CADRES-SDIS-NORD-VAUDOIS-865AE6FF:O1:S1";"0170F7.001";"Cours de cadres SDIS Nord vaudois";"F7";"DPS";"Formation";"0170F7";"DAP:Y3";"";"2027-06-05";"Samedi";"07:30";"17:00";"Caserne G1";"Cdt";"Aucune session distincte";"1";"A_POSITIONNER";"classeur ligne 379";"RECONDUIT";"";"OK_CALENDRIER_LOCAL";"NON";"Classeur 2026 ligne 379 ; date 2027 proposée, non validée par ce gate"
"2027";"QV26-COURS-DE-CADRES-SDIS-NORD-VAUDOIS-865AE6FF:O1:S1";"0170F7.001";"Cours de cadres SDIS Nord vaudois";"F7";"DPS";"Formation";"0170F7";"DAP:Y4";"";"2027-06-05";"Samedi";"07:30";"17:00";"Caserne G1";"Cdt";"Aucune session distincte";"1";"A_POSITIONNER";"classeur ligne 379";"RECONDUIT";"";"OK_CALENDRIER_LOCAL";"NON";"Classeur 2026 ligne 379 ; date 2027 proposée, non validée par ce gate"
"2027";"QV26-EXERCICE-DPS-1-6A16603D:O1:S1";"012B1.004";"Exercice DPS 1";"F7";"DPS";"Exercice";"012B1";"DPS:C1";"FOBA:2, FOBA:3";"2027-03-23";"Mardi";"19:00";"21:30";"Caserne C1";"C site";"Aucune session distincte";"1";"A_POSITIONNER";"classeur ligne 186";"HUMAN_REVIEW";"";"OK_CALENDRIER_LOCAL";"OUI";"4 ligne(s) de même titre en 2026, sans lien source exact"
"2027";"QV26-EXERCICE-DPS-1-6A16603D:O2:S1";"012B1.004";"Exercice DPS 1";"F7";"DPS";"Exercice";"012B1";"DPS:B1";"FOBA:2, FOBA:3";"2027-03-23";"Mardi";"19:00";"21:30";"Caserne B1";"C site";"Aucune session distincte";"1";"A_POSITIONNER";"classeur ligne 187";"RECONDUIT";"";"OK_CALENDRIER_LOCAL";"NON";"Classeur 2026 ligne 187 ; date 2027 proposée, non validée par ce gate"
"2027";"QV26-EXERCICE-DPS-2-54E09232:O1:S1";"012B1.005";"Exercice DPS 2";"F7";"DPS";"Exercice";"012B1";"DPS:C1";"FOBA:2, FOBA:3";"2027-09-16";"Jeudi";"19:00";"21:30";"Caserne C1";"C site";"Aucune session distincte";"1";"A_POSITIONNER";"classeur ligne 635";"HUMAN_REVIEW";"";"OK_CALENDRIER_LOCAL";"OUI";"4 ligne(s) de même titre en 2026, sans lien source exact"
"2027";"QV26-EXERCICE-DPS-2-54E09232:O2:S1";"012B1.005";"Exercice DPS 2";"F7";"DPS";"Exercice";"012B1";"DPS:B1";"FOBA:2, FOBA:3";"2027-09-16";"Jeudi";"19:00";"21:30";"Caserne B1";"C site";"Aucune session distincte";"1";"A_POSITIONNER";"classeur ligne 636";"RECONDUIT";"";"OK_CALENDRIER_LOCAL";"NON";"Classeur 2026 ligne 636 ; date 2027 proposée, non validée par ce gate"
"2027";"QV26-EXERCICE-DPS-3-29F948D1:O1:S1";"012B1.006";"Exercice DPS 3";"F7";"DPS";"Exercice";"012B1";"DPS:C1";"FOBA:2, FOBA:3";"2027-10-26";"Mardi";"19:00";"21:30";"Caserne C1";"C site";"Aucune session distincte";"1";"A_POSITIONNER";"classeur ligne 737";"HUMAN_REVIEW";"";"OK_CALENDRIER_LOCAL";"OUI";"3 ligne(s) de même titre en 2026, sans lien source exact"
"2027";"QV26-EXERCICE-DPS-DAP-1-7F1E9444:O1:S1";"012B1.007";"Exercice DPS-DAP 1";"F7";"DPS";"Exercice";"012B1";"DPS:B2";"";"2027-05-05";"Mercredi";"19:00";"21:30";"Caserne B2";"C for";"Aucune session distincte";"1";"A_POSITIONNER";"classeur ligne 292";"HUMAN_REVIEW";"VEILLE_FERIE";"HUMAN_REVIEW_CALENDAR:VEILLE_FERIE";"OUI";"8 ligne(s) de même titre en 2026, sans lien source exact"
"2027";"QV26-EXERCICE-DPS-DAP-1-7F1E9444:O2:S1";"012B1.007";"Exercice DPS-DAP 1";"F7";"DPS";"Exercice";"012B1";"DAP:Y4";"";"2027-05-05";"Mercredi";"19:00";"21:30";"Caserne B2";"C for";"Aucune session distincte";"1";"A_POSITIONNER";"classeur ligne 293";"HUMAN_REVIEW";"VEILLE_FERIE";"HUMAN_REVIEW_CALENDAR:VEILLE_FERIE";"OUI";"8 ligne(s) de même titre en 2026, sans lien source exact"
"2027";"QV26-EXERCICE-DPS-DAP-1-7F1E9444:O3:S1";"012B1.007";"Exercice DPS-DAP 1";"F7";"DPS";"Exercice";"012B1";"DPS:B1";"";"2027-05-19";"Mercredi";"19:00";"21:30";"Caserne B1";"C for";"Aucune session distincte";"1";"A_POSITIONNER";"classeur ligne 326";"RECONDUIT";"";"OK_CALENDRIER_LOCAL";"NON";"Classeur 2026 ligne 326 ; date 2027 proposée, non validée par ce gate"
"2027";"QV26-EXERCICE-DPS-DAP-1-7F1E9444:O4:S1";"012B1.007";"Exercice DPS-DAP 1";"F7";"DPS";"Exercice";"012B1";"DAP:Y1";"";"2027-05-19";"Mercredi";"19:00";"21:30";"Caserne B1";"C for";"Aucune session distincte";"1";"A_POSITIONNER";"classeur ligne 327";"HUMAN_REVIEW";"";"OK_CALENDRIER_LOCAL";"OUI";"8 ligne(s) de même titre en 2026, sans lien source exact"
"2027";"QV26-EXERCICE-DPS-DAP-2-668A88B6:O1:S1";"012B1.008";"Exercice DPS-DAP 2";"F7";"DPS";"Exercice";"012B1";"DPS:C1";"FOBA:2";"2027-08-26";"Jeudi";"19:00";"21:30";"Caserne C1";"C for";"Aucune session distincte";"1";"A_POSITIONNER";"classeur ligne 538";"HUMAN_REVIEW";"";"OK_CALENDRIER_LOCAL";"OUI";"16 ligne(s) de même titre en 2026, sans lien source exact"
"2027";"QV26-EXERCICE-DPS-DAP-2-668A88B6:O2:S1";"012B1.008";"Exercice DPS-DAP 2";"F7";"DPS";"Exercice";"012B1";"DPS:B1";"FOBA:2";"2027-08-26";"Jeudi";"19:00";"21:30";"Caserne B1";"C for";"Aucune session distincte";"1";"A_POSITIONNER";"classeur ligne 539";"RECONDUIT";"";"OK_CALENDRIER_LOCAL";"NON";"Classeur 2026 ligne 539 ; date 2027 proposée, non validée par ce gate"
"2027";"QV26-EXERCICE-DPS-DAP-2-668A88B6:O3:S1";"012B1.008";"Exercice DPS-DAP 2";"F7";"DPS";"Exercice";"012B1";"DPS:B2";"FOBA:2";"2027-08-26";"Jeudi";"19:00";"21:30";"Caserne B2";"C for";"Aucune session distincte";"1";"A_POSITIONNER";"classeur ligne 540";"HUMAN_REVIEW";"";"OK_CALENDRIER_LOCAL";"OUI";"16 ligne(s) de même titre en 2026, sans lien source exact"
"2027";"QV26-EXERCICE-DPS-DAP-2-668A88B6:O4:S1";"012B1.008";"Exercice DPS-DAP 2";"F7";"DPS";"Exercice";"012B1";"DAP:Y2";"FOBA:2";"2027-08-26";"Jeudi";"19:00";"21:30";"À définir";"C for";"Aucune session distincte";"1";"A_POSITIONNER";"classeur ligne 542";"HUMAN_REVIEW";"";"OK_CALENDRIER_LOCAL";"OUI";"16 ligne(s) de même titre en 2026, sans lien source exact"
"2027";"QV26-EXERCICE-ENGAGEMENT-INCYTE-BIOSCIENCES-1E54BDD9:O1:S1";"0120F7.003";"Exercice engagement Incyte Biosciences";"F7";"DPS";"Exercice";"0120F7";"DPS:G1";"";"2027-06-03";"Jeudi";"06:00";"12:00";"Caserne G1";"C op";"Aucune session distincte";"1";"A_POSITIONNER";"classeur ligne 372";"RECONDUIT";"";"OK_CALENDRIER_LOCAL";"NON";"Classeur 2026 ligne 372 ; date 2027 proposée, non validée par ce gate"
"2027";"QV26-EXERCICE-ENGAGEMENT-INCYTE-BIOSCIENCES-1E54BDD9:O1:S1";"0120F7.003";"Exercice engagement Incyte Biosciences";"F7";"DPS";"Exercice";"0120F7";"DPS:C1";"";"2027-06-03";"Jeudi";"06:00";"12:00";"Caserne G1";"C op";"Aucune session distincte";"1";"A_POSITIONNER";"classeur ligne 372";"RECONDUIT";"";"OK_CALENDRIER_LOCAL";"NON";"Classeur 2026 ligne 372 ; date 2027 proposée, non validée par ce gate"
"2027";"QV26-EXERCICE-ENGAGEMENT-INCYTE-BIOSCIENCES-1E54BDD9:O1:S1";"0120F7.003";"Exercice engagement Incyte Biosciences";"F7";"DPS";"Exercice";"0120F7";"DPS:B1";"";"2027-06-03";"Jeudi";"06:00";"12:00";"Caserne G1";"C op";"Aucune session distincte";"1";"A_POSITIONNER";"classeur ligne 372";"RECONDUIT";"";"OK_CALENDRIER_LOCAL";"NON";"Classeur 2026 ligne 372 ; date 2027 proposée, non validée par ce gate"
"2027";"QV26-EXERCICE-ENGAGEMENT-INCYTE-BIOSCIENCES-1E54BDD9:O1:S1";"0120F7.003";"Exercice engagement Incyte Biosciences";"F7";"DPS";"Exercice";"0120F7";"DPS:B2";"";"2027-06-03";"Jeudi";"06:00";"12:00";"Caserne G1";"C op";"Aucune session distincte";"1";"A_POSITIONNER";"classeur ligne 372";"RECONDUIT";"";"OK_CALENDRIER_LOCAL";"NON";"Classeur 2026 ligne 372 ; date 2027 proposée, non validée par ce gate"
"2027";"QV26-FETE-EAU-LAC-4EDEF9EF:O1:S1";"073F56.002";"Fête Eau Lac";"F3";"";"Événement";"073F56";"DPS:G1";"";"2027-06-27";"Dimanche";"10:00";"14:00";"Caserne G1";"C site";"Aucune session distincte";"1";"A_POSITIONNER";"classeur ligne 470";"RECONDUIT";"";"OK_CALENDRIER_LOCAL";"NON";"Classeur 2026 ligne 470 ; date 2027 proposée, non validée par ce gate"
"2027";"QV26-FETE-EAU-LAC-4EDEF9EF:O2:S1";"073F56.002";"Fête Eau Lac";"F3";"";"Événement";"073F56";"DPS:G1";"";"2027-06-27";"Dimanche";"14:00";"18:00";"Caserne G1";"C site";"Aucune session distincte";"1";"A_POSITIONNER";"classeur ligne 471";"RECONDUIT";"";"OK_CALENDRIER_LOCAL";"NON";"Classeur 2026 ligne 471 ; date 2027 proposée, non validée par ce gate"
"2027";"QV26-FORMATION-BIKABLO-AA5C6437:O1:S1";"0170F7.006";"Formation BIKABLO";"F7";"DPS";"Formation";"0170F7";"DPS:G1";"JSP:1";"2027-06-21";"Lundi";"08:00";"17:00";"Caserne G1";"C for";"Aucune session distincte";"1";"A_POSITIONNER";"classeur ligne 448";"HUMAN_REVIEW";"";"OK_CALENDRIER_LOCAL";"OUI";"Aucune correspondance 2026 exacte prouvée"
"2027";"QV26-FORMATION-BIKABLO-AA5C6437:O1:S1";"0170F7.006";"Formation BIKABLO";"F7";"DPS";"Formation";"0170F7";"DPS:C1";"JSP:1";"2027-06-21";"Lundi";"08:00";"17:00";"Caserne G1";"C for";"Aucune session distincte";"1";"A_POSITIONNER";"classeur ligne 448";"HUMAN_REVIEW";"";"OK_CALENDRIER_LOCAL";"OUI";"Aucune correspondance 2026 exacte prouvée"
"2027";"QV26-FORMATION-BIKABLO-AA5C6437:O1:S1";"0170F7.006";"Formation BIKABLO";"F7";"DPS";"Formation";"0170F7";"DPS:B1";"JSP:1";"2027-06-21";"Lundi";"08:00";"17:00";"Caserne G1";"C for";"Aucune session distincte";"1";"A_POSITIONNER";"classeur ligne 448";"HUMAN_REVIEW";"";"OK_CALENDRIER_LOCAL";"OUI";"Aucune correspondance 2026 exacte prouvée"
"2027";"QV26-FORMATION-BIKABLO-AA5C6437:O1:S1";"0170F7.006";"Formation BIKABLO";"F7";"DPS";"Formation";"0170F7";"DPS:B2";"JSP:1";"2027-06-21";"Lundi";"08:00";"17:00";"Caserne G1";"C for";"Aucune session distincte";"1";"A_POSITIONNER";"classeur ligne 448";"HUMAN_REVIEW";"";"OK_CALENDRIER_LOCAL";"OUI";"Aucune correspondance 2026 exacte prouvée"
"2027";"QV26-FORMATION-BIKABLO-AA5C6437:O2:S1";"0170F7.006";"Formation BIKABLO";"F7";"DPS";"Formation";"0170F7";"DPS:G1";"JSP:1";"2027-06-22";"Mardi";"08:00";"17:00";"Caserne G1";"C for";"Aucune session distincte";"1";"A_POSITIONNER";"classeur ligne 451";"HUMAN_REVIEW";"";"OK_CALENDRIER_LOCAL";"OUI";"Aucune correspondance 2026 exacte prouvée"
"2027";"QV26-FORMATION-BIKABLO-AA5C6437:O2:S1";"0170F7.006";"Formation BIKABLO";"F7";"DPS";"Formation";"0170F7";"DPS:C1";"JSP:1";"2027-06-22";"Mardi";"08:00";"17:00";"Caserne G1";"C for";"Aucune session distincte";"1";"A_POSITIONNER";"classeur ligne 451";"HUMAN_REVIEW";"";"OK_CALENDRIER_LOCAL";"OUI";"Aucune correspondance 2026 exacte prouvée"
"2027";"QV26-FORMATION-BIKABLO-AA5C6437:O2:S1";"0170F7.006";"Formation BIKABLO";"F7";"DPS";"Formation";"0170F7";"DPS:B1";"JSP:1";"2027-06-22";"Mardi";"08:00";"17:00";"Caserne G1";"C for";"Aucune session distincte";"1";"A_POSITIONNER";"classeur ligne 451";"HUMAN_REVIEW";"";"OK_CALENDRIER_LOCAL";"OUI";"Aucune correspondance 2026 exacte prouvée"
"2027";"QV26-FORMATION-BIKABLO-AA5C6437:O2:S1";"0170F7.006";"Formation BIKABLO";"F7";"DPS";"Formation";"0170F7";"DPS:B2";"JSP:1";"2027-06-22";"Mardi";"08:00";"17:00";"Caserne G1";"C for";"Aucune session distincte";"1";"A_POSITIONNER";"classeur ligne 451";"HUMAN_REVIEW";"";"OK_CALENDRIER_LOCAL";"OUI";"Aucune correspondance 2026 exacte prouvée"
"2027";"QV26-FORMATION-BIKABLO-AA5C6437:O3:S1";"0170F7.006";"Formation BIKABLO";"F7";"DPS";"Formation";"0170F7";"DPS:G1";"JSP:1";"2027-06-24";"Jeudi";"08:00";"17:00";"Caserne G1";"C for";"Aucune session distincte";"1";"A_POSITIONNER";"classeur ligne 457";"HUMAN_REVIEW";"";"OK_CALENDRIER_LOCAL";"OUI";"Aucune correspondance 2026 exacte prouvée"
"2027";"QV26-FORMATION-BIKABLO-AA5C6437:O3:S1";"0170F7.006";"Formation BIKABLO";"F7";"DPS";"Formation";"0170F7";"DPS:C1";"JSP:1";"2027-06-24";"Jeudi";"08:00";"17:00";"Caserne G1";"C for";"Aucune session distincte";"1";"A_POSITIONNER";"classeur ligne 457";"HUMAN_REVIEW";"";"OK_CALENDRIER_LOCAL";"OUI";"Aucune correspondance 2026 exacte prouvée"
"2027";"QV26-FORMATION-BIKABLO-AA5C6437:O3:S1";"0170F7.006";"Formation BIKABLO";"F7";"DPS";"Formation";"0170F7";"DPS:B1";"JSP:1";"2027-06-24";"Jeudi";"08:00";"17:00";"Caserne G1";"C for";"Aucune session distincte";"1";"A_POSITIONNER";"classeur ligne 457";"HUMAN_REVIEW";"";"OK_CALENDRIER_LOCAL";"OUI";"Aucune correspondance 2026 exacte prouvée"
"2027";"QV26-FORMATION-BIKABLO-AA5C6437:O3:S1";"0170F7.006";"Formation BIKABLO";"F7";"DPS";"Formation";"0170F7";"DPS:B2";"JSP:1";"2027-06-24";"Jeudi";"08:00";"17:00";"Caserne G1";"C for";"Aucune session distincte";"1";"A_POSITIONNER";"classeur ligne 457";"HUMAN_REVIEW";"";"OK_CALENDRIER_LOCAL";"OUI";"Aucune correspondance 2026 exacte prouvée"
"2027";"QV26-FORMATION-BIKABLO-AA5C6437:O4:S1";"0170F7.006";"Formation BIKABLO";"F7";"DPS";"Formation";"0170F7";"DPS:G1";"JSP:1";"2027-06-25";"Vendredi";"08:00";"17:00";"Caserne G1";"C for";"Aucune session distincte";"1";"A_POSITIONNER";"classeur ligne 464";"HUMAN_REVIEW";"";"OK_CALENDRIER_LOCAL";"OUI";"Aucune correspondance 2026 exacte prouvée"
"2027";"QV26-FORMATION-BIKABLO-AA5C6437:O4:S1";"0170F7.006";"Formation BIKABLO";"F7";"DPS";"Formation";"0170F7";"DPS:C1";"JSP:1";"2027-06-25";"Vendredi";"08:00";"17:00";"Caserne G1";"C for";"Aucune session distincte";"1";"A_POSITIONNER";"classeur ligne 464";"HUMAN_REVIEW";"";"OK_CALENDRIER_LOCAL";"OUI";"Aucune correspondance 2026 exacte prouvée"
"2027";"QV26-FORMATION-BIKABLO-AA5C6437:O4:S1";"0170F7.006";"Formation BIKABLO";"F7";"DPS";"Formation";"0170F7";"DPS:B1";"JSP:1";"2027-06-25";"Vendredi";"08:00";"17:00";"Caserne G1";"C for";"Aucune session distincte";"1";"A_POSITIONNER";"classeur ligne 464";"HUMAN_REVIEW";"";"OK_CALENDRIER_LOCAL";"OUI";"Aucune correspondance 2026 exacte prouvée"
"2027";"QV26-FORMATION-BIKABLO-AA5C6437:O4:S1";"0170F7.006";"Formation BIKABLO";"F7";"DPS";"Formation";"0170F7";"DPS:B2";"JSP:1";"2027-06-25";"Vendredi";"08:00";"17:00";"Caserne G1";"C for";"Aucune session distincte";"1";"A_POSITIONNER";"classeur ligne 464";"HUMAN_REVIEW";"";"OK_CALENDRIER_LOCAL";"OUI";"Aucune correspondance 2026 exacte prouvée"
"2027";"QV26-FORMATION-GROUPEE-1-1-3D8CCE58:O1:S1";"0162F7.002";"Formation groupée 1.1";"F7";"DPS";"Formation";"0162F7";"DPS:G1";"FOSPEC:3";"";"";"";"";"L-G1";"À affecter";"Aucune session distincte";"1";"A_POSITIONNER";"";"HUMAN_REVIEW";"";"SANS_DATE";"OUI";"Aucune correspondance 2026 exacte prouvée"
"2027";"QV26-FORMATION-GROUPEE-1-1-3D8CCE58:O1:S1";"0162F7.002";"Formation groupée 1.1";"F7";"DPS";"Formation";"0162F7";"DPS:C1";"FOSPEC:3";"";"";"";"";"L-G1";"À affecter";"Aucune session distincte";"1";"A_POSITIONNER";"";"HUMAN_REVIEW";"";"SANS_DATE";"OUI";"Aucune correspondance 2026 exacte prouvée"
"2027";"QV26-FORMATION-GROUPEE-1-1-3D8CCE58:O1:S1";"0162F7.002";"Formation groupée 1.1";"F7";"DPS";"Formation";"0162F7";"DPS:B1";"FOSPEC:3";"";"";"";"";"L-G1";"À affecter";"Aucune session distincte";"1";"A_POSITIONNER";"";"HUMAN_REVIEW";"";"SANS_DATE";"OUI";"Aucune correspondance 2026 exacte prouvée"
"2027";"QV26-FORMATION-GROUPEE-1-1-3D8CCE58:O1:S1";"0162F7.002";"Formation groupée 1.1";"F7";"DPS";"Formation";"0162F7";"DPS:B2";"FOSPEC:3";"";"";"";"";"L-G1";"À affecter";"Aucune session distincte";"1";"A_POSITIONNER";"";"HUMAN_REVIEW";"";"SANS_DATE";"OUI";"Aucune correspondance 2026 exacte prouvée"
"2027";"QV26-FORMATION-GROUPEE-1-1-3D8CCE58:O1:S2";"0162F7.002";"Formation groupée 1.1";"F7";"DPS";"Formation";"0162F7";"DPS:G1";"FOSPEC:3";"";"";"";"";"L-G1";"À affecter";"Aucune session distincte";"1";"A_POSITIONNER";"";"HUMAN_REVIEW";"";"SANS_DATE";"OUI";"Aucune correspondance 2026 exacte prouvée"
"2027";"QV26-FORMATION-GROUPEE-1-1-3D8CCE58:O1:S2";"0162F7.002";"Formation groupée 1.1";"F7";"DPS";"Formation";"0162F7";"DPS:C1";"FOSPEC:3";"";"";"";"";"L-G1";"À affecter";"Aucune session distincte";"1";"A_POSITIONNER";"";"HUMAN_REVIEW";"";"SANS_DATE";"OUI";"Aucune correspondance 2026 exacte prouvée"
"2027";"QV26-FORMATION-GROUPEE-1-1-3D8CCE58:O1:S2";"0162F7.002";"Formation groupée 1.1";"F7";"DPS";"Formation";"0162F7";"DPS:B1";"FOSPEC:3";"";"";"";"";"L-G1";"À affecter";"Aucune session distincte";"1";"A_POSITIONNER";"";"HUMAN_REVIEW";"";"SANS_DATE";"OUI";"Aucune correspondance 2026 exacte prouvée"
"2027";"QV26-FORMATION-GROUPEE-1-1-3D8CCE58:O1:S2";"0162F7.002";"Formation groupée 1.1";"F7";"DPS";"Formation";"0162F7";"DPS:B2";"FOSPEC:3";"";"";"";"";"L-G1";"À affecter";"Aucune session distincte";"1";"A_POSITIONNER";"";"HUMAN_REVIEW";"";"SANS_DATE";"OUI";"Aucune correspondance 2026 exacte prouvée"
"2027";"QV26-FORMATION-GROUPEE-1-1-3D8CCE58:O1:S3";"0162F7.002";"Formation groupée 1.1";"F7";"DPS";"Formation";"0162F7";"DPS:G1";"FOSPEC:3";"";"";"";"";"L-G1";"À affecter";"Aucune session distincte";"1";"A_POSITIONNER";"";"HUMAN_REVIEW";"";"SANS_DATE";"OUI";"Aucune correspondance 2026 exacte prouvée"
"2027";"QV26-FORMATION-GROUPEE-1-1-3D8CCE58:O1:S3";"0162F7.002";"Formation groupée 1.1";"F7";"DPS";"Formation";"0162F7";"DPS:C1";"FOSPEC:3";"";"";"";"";"L-G1";"À affecter";"Aucune session distincte";"1";"A_POSITIONNER";"";"HUMAN_REVIEW";"";"SANS_DATE";"OUI";"Aucune correspondance 2026 exacte prouvée"
"2027";"QV26-FORMATION-GROUPEE-1-1-3D8CCE58:O1:S3";"0162F7.002";"Formation groupée 1.1";"F7";"DPS";"Formation";"0162F7";"DPS:B1";"FOSPEC:3";"";"";"";"";"L-G1";"À affecter";"Aucune session distincte";"1";"A_POSITIONNER";"";"HUMAN_REVIEW";"";"SANS_DATE";"OUI";"Aucune correspondance 2026 exacte prouvée"
"2027";"QV26-FORMATION-GROUPEE-1-1-3D8CCE58:O1:S3";"0162F7.002";"Formation groupée 1.1";"F7";"DPS";"Formation";"0162F7";"DPS:B2";"FOSPEC:3";"";"";"";"";"L-G1";"À affecter";"Aucune session distincte";"1";"A_POSITIONNER";"";"HUMAN_REVIEW";"";"SANS_DATE";"OUI";"Aucune correspondance 2026 exacte prouvée"
"2027";"QV26-FORMATION-GROUPEE-1-1-3D8CCE58:O1:S4";"0162F7.002";"Formation groupée 1.1";"F7";"DPS";"Formation";"0162F7";"DPS:G1";"FOSPEC:3";"";"";"";"";"L-G1";"À affecter";"Aucune session distincte";"1";"A_POSITIONNER";"";"HUMAN_REVIEW";"";"SANS_DATE";"OUI";"Aucune correspondance 2026 exacte prouvée"
"2027";"QV26-FORMATION-GROUPEE-1-1-3D8CCE58:O1:S4";"0162F7.002";"Formation groupée 1.1";"F7";"DPS";"Formation";"0162F7";"DPS:C1";"FOSPEC:3";"";"";"";"";"L-G1";"À affecter";"Aucune session distincte";"1";"A_POSITIONNER";"";"HUMAN_REVIEW";"";"SANS_DATE";"OUI";"Aucune correspondance 2026 exacte prouvée"
"2027";"QV26-FORMATION-GROUPEE-1-1-3D8CCE58:O1:S4";"0162F7.002";"Formation groupée 1.1";"F7";"DPS";"Formation";"0162F7";"DPS:B1";"FOSPEC:3";"";"";"";"";"L-G1";"À affecter";"Aucune session distincte";"1";"A_POSITIONNER";"";"HUMAN_REVIEW";"";"SANS_DATE";"OUI";"Aucune correspondance 2026 exacte prouvée"
"2027";"QV26-FORMATION-GROUPEE-1-1-3D8CCE58:O1:S4";"0162F7.002";"Formation groupée 1.1";"F7";"DPS";"Formation";"0162F7";"DPS:B2";"FOSPEC:3";"";"";"";"";"L-G1";"À affecter";"Aucune session distincte";"1";"A_POSITIONNER";"";"HUMAN_REVIEW";"";"SANS_DATE";"OUI";"Aucune correspondance 2026 exacte prouvée"
"2027";"QV26-FORMATION-GROUPEE-1-1-3D8CCE58:O1:S5";"0162F7.002";"Formation groupée 1.1";"F7";"DPS";"Formation";"0162F7";"DPS:G1";"FOSPEC:3";"";"";"";"";"L-G1";"À affecter";"Aucune session distincte";"1";"A_POSITIONNER";"";"HUMAN_REVIEW";"";"SANS_DATE";"OUI";"Aucune correspondance 2026 exacte prouvée"
"2027";"QV26-FORMATION-GROUPEE-1-1-3D8CCE58:O1:S5";"0162F7.002";"Formation groupée 1.1";"F7";"DPS";"Formation";"0162F7";"DPS:C1";"FOSPEC:3";"";"";"";"";"L-G1";"À affecter";"Aucune session distincte";"1";"A_POSITIONNER";"";"HUMAN_REVIEW";"";"SANS_DATE";"OUI";"Aucune correspondance 2026 exacte prouvée"
"2027";"QV26-FORMATION-GROUPEE-1-1-3D8CCE58:O1:S5";"0162F7.002";"Formation groupée 1.1";"F7";"DPS";"Formation";"0162F7";"DPS:B1";"FOSPEC:3";"";"";"";"";"L-G1";"À affecter";"Aucune session distincte";"1";"A_POSITIONNER";"";"HUMAN_REVIEW";"";"SANS_DATE";"OUI";"Aucune correspondance 2026 exacte prouvée"
"2027";"QV26-FORMATION-GROUPEE-1-1-3D8CCE58:O1:S5";"0162F7.002";"Formation groupée 1.1";"F7";"DPS";"Formation";"0162F7";"DPS:B2";"FOSPEC:3";"";"";"";"";"L-G1";"À affecter";"Aucune session distincte";"1";"A_POSITIONNER";"";"HUMAN_REVIEW";"";"SANS_DATE";"OUI";"Aucune correspondance 2026 exacte prouvée"
"2027";"QV26-FORMATION-GROUPEE-1-1-3D8CCE58:O1:S6";"0162F7.002";"Formation groupée 1.1";"F7";"DPS";"Formation";"0162F7";"DPS:G1";"FOSPEC:3";"";"";"";"";"L-G1";"À affecter";"Aucune session distincte";"1";"A_POSITIONNER";"";"HUMAN_REVIEW";"";"SANS_DATE";"OUI";"Aucune correspondance 2026 exacte prouvée"
"2027";"QV26-FORMATION-GROUPEE-1-1-3D8CCE58:O1:S6";"0162F7.002";"Formation groupée 1.1";"F7";"DPS";"Formation";"0162F7";"DPS:C1";"FOSPEC:3";"";"";"";"";"L-G1";"À affecter";"Aucune session distincte";"1";"A_POSITIONNER";"";"HUMAN_REVIEW";"";"SANS_DATE";"OUI";"Aucune correspondance 2026 exacte prouvée"
"2027";"QV26-FORMATION-GROUPEE-1-1-3D8CCE58:O1:S6";"0162F7.002";"Formation groupée 1.1";"F7";"DPS";"Formation";"0162F7";"DPS:B1";"FOSPEC:3";"";"";"";"";"L-G1";"À affecter";"Aucune session distincte";"1";"A_POSITIONNER";"";"HUMAN_REVIEW";"";"SANS_DATE";"OUI";"Aucune correspondance 2026 exacte prouvée"
"2027";"QV26-FORMATION-GROUPEE-1-1-3D8CCE58:O1:S6";"0162F7.002";"Formation groupée 1.1";"F7";"DPS";"Formation";"0162F7";"DPS:B2";"FOSPEC:3";"";"";"";"";"L-G1";"À affecter";"Aucune session distincte";"1";"A_POSITIONNER";"";"HUMAN_REVIEW";"";"SANS_DATE";"OUI";"Aucune correspondance 2026 exacte prouvée"
"2027";"QV26-FORMATION-PERMANENTS-4F48A9D0:O1:S1";"012G1.001";"Formation permanents";"F7";"DPS";"Formation";"012G1";"DPS:G1";"";"2027-03-12";"Vendredi";"08:00";"11:00";"Caserne G1";"C for";"Aucune session distincte";"1";"A_POSITIONNER";"classeur ligne 133";"HUMAN_REVIEW";"";"OK_CALENDRIER_LOCAL";"OUI";"Aucune correspondance 2026 exacte prouvée"
"2027";"QV26-FORMATION-PERMANENTS-4F48A9D0:O2:S1";"012G1.001";"Formation permanents";"F7";"DPS";"Formation";"012G1";"DPS:G1";"";"2027-03-29";"Lundi";"14:00";"17:00";"Caserne G1";"C for";"Aucune session distincte";"1";"A_POSITIONNER";"classeur ligne 202";"HUMAN_REVIEW";"FERIE|VACANCES_SCOLAIRES";"HUMAN_REVIEW_CALENDAR:FERIE|VACANCES_SCOLAIRES";"OUI";"Aucune correspondance 2026 exacte prouvée"
"2027";"QV26-FORMATION-PERMANENTS-4F48A9D0:O3:S1";"012G1.001";"Formation permanents";"F7";"DPS";"Formation";"012G1";"DPS:G1";"";"2027-05-05";"Mercredi";"08:00";"11:00";"Caserne G1";"C for";"Aucune session distincte";"1";"A_POSITIONNER";"classeur ligne 288";"HUMAN_REVIEW";"VEILLE_FERIE";"HUMAN_REVIEW_CALENDAR:VEILLE_FERIE";"OUI";"Aucune correspondance 2026 exacte prouvée"
"2027";"QV26-FORMATION-PERMANENTS-4F48A9D0:O4:S1";"012G1.001";"Formation permanents";"F7";"DPS";"Formation";"012G1";"DPS:G1";"";"2027-06-14";"Lundi";"14:00";"17:00";"Caserne G1";"C for";"Aucune session distincte";"1";"A_POSITIONNER";"classeur ligne 416";"HUMAN_REVIEW";"";"OK_CALENDRIER_LOCAL";"OUI";"Aucune correspondance 2026 exacte prouvée"
"2027";"QV26-FORMATION-PERMANENTS-4F48A9D0:O5:S1";"012G1.001";"Formation permanents";"F7";"DPS";"Formation";"012G1";"DPS:G1";"";"2027-08-23";"Lundi";"14:00";"17:00";"Caserne G1";"C for";"Aucune session distincte";"1";"A_POSITIONNER";"classeur ligne 524";"HUMAN_REVIEW";"";"OK_CALENDRIER_LOCAL";"OUI";"Aucune correspondance 2026 exacte prouvée"
"2027";"QV26-FORMATION-PERMANENTS-4F48A9D0:O6:S1";"012G1.001";"Formation permanents";"F7";"DPS";"Formation";"012G1";"DPS:G1";"";"2027-09-15";"Mercredi";"08:00";"11:00";"Caserne G1";"C for";"Aucune session distincte";"1";"A_POSITIONNER";"classeur ligne 625";"HUMAN_REVIEW";"";"OK_CALENDRIER_LOCAL";"OUI";"Aucune correspondance 2026 exacte prouvée"
"2027";"QV26-FORMATION-PERMANENTS-4F48A9D0:O7:S1";"012G1.001";"Formation permanents";"F7";"DPS";"Formation";"012G1";"DPS:G1";"";"2027-11-03";"Mercredi";"08:00";"11:00";"Caserne G1";"C for";"Aucune session distincte";"1";"A_POSITIONNER";"classeur ligne 764";"HUMAN_REVIEW";"";"OK_CALENDRIER_LOCAL";"OUI";"Aucune correspondance 2026 exacte prouvée"
"2027";"QV26-FORMATION-RELATION-AVEC-LA-PRESSE-63E476BF:O1:S1";"0171F7.014";"Formation relation avec la presse";"F7";"DPS";"Formation";"0171F7";"DPS:G1";"";"2027-05-21";"Vendredi";"08:00";"17:00";"Caserne G1";"Cdt";"Aucune session distincte";"1";"A_POSITIONNER";"classeur ligne 336";"RECONDUIT";"";"OK_CALENDRIER_LOCAL";"NON";"Classeur 2026 ligne 336 ; date 2027 proposée, non validée par ce gate"
"2027";"QV26-FORMATION-RELATION-AVEC-LA-PRESSE-63E476BF:O2:S1";"0171F7.014";"Formation relation avec la presse";"F7";"DPS";"Formation";"0171F7";"DPS:G1";"";"2027-05-31";"Lundi";"08:00";"17:00";"Caserne G1";"Cdt";"Aucune session distincte";"1";"A_POSITIONNER";"classeur ligne 362";"RECONDUIT";"";"OK_CALENDRIER_LOCAL";"NON";"Classeur 2026 ligne 362 ; date 2027 proposée, non validée par ce gate"
"2027";"QV26-FORMATION-RELATION-AVEC-LA-PRESSE-63E476BF:O3:S1";"0171F7.014";"Formation relation avec la presse";"F7";"DPS";"Formation";"0171F7";"DPS:G1";"";"2027-06-02";"Mercredi";"08:00";"17:00";"Caserne G1";"Cdt";"Aucune session distincte";"1";"A_POSITIONNER";"classeur ligne 369";"RECONDUIT";"";"OK_CALENDRIER_LOCAL";"NON";"Classeur 2026 ligne 369 ; date 2027 proposée, non validée par ce gate"
"2027";"QV26-FORMATION-RELATION-AVEC-LA-PRESSE-63E476BF:O4:S1";"0171F7.014";"Formation relation avec la presse";"F7";"DPS";"Formation";"0171F7";"DPS:G1";"";"2027-08-20";"Vendredi";"08:00";"17:00";"Caserne G1";"Cdt";"Aucune session distincte";"1";"A_POSITIONNER";"classeur ligne 515";"RECONDUIT";"VACANCES_SCOLAIRES";"HUMAN_REVIEW_CALENDAR:VACANCES_SCOLAIRES";"OUI";"Classeur 2026 ligne 515 ; date 2027 proposée, non validée par ce gate"
"2027";"QV26-INSTR-DEMI-SCT-FEU-8D0C9417:O1:S1";"012C1.009";"Instr demi-sct - FEU";"F7";"DPS";"Instruction";"012C1";"DPS:C1";"N03b";"2027-08-21";"Samedi";"07:30";"10:30";"Caserne C1";"Chef section DPS";"Aucune session distincte";"1";"A_POSITIONNER";"classeur ligne 517";"RECONDUIT";"VACANCES_SCOLAIRES";"AUTORISABLE_VACANCES_INSTRUCTION";"NON";"Classeur 2026 ligne 517 ; date 2027 proposée, non validée par ce gate"
"2027";"QV26-INSTR-DEMI-SCT-FEU-8D0C9417:O2:S1";"012B1.009";"Instr demi-sct - FEU";"F7";"DPS";"Instruction";"012B1";"DPS:B1";"N03b";"2027-08-21";"Samedi";"07:30";"10:30";"Caserne B1";"Chef section DPS";"Aucune session distincte";"1";"A_POSITIONNER";"classeur ligne 519";"RECONDUIT";"VACANCES_SCOLAIRES";"AUTORISABLE_VACANCES_INSTRUCTION";"NON";"Classeur 2026 ligne 519 ; date 2027 proposée, non validée par ce gate"
"2027";"QV26-INSTR-DEMI-SCT-FEU-8D0C9417:O3:S1";"012B2.009";"Instr demi-sct - FEU";"F7";"DPS";"Instruction";"012B2";"DPS:B2";"N03b";"2027-08-21";"Samedi";"07:30";"10:30";"Caserne C1";"Chef section DPS";"Aucune session distincte";"1";"A_POSITIONNER";"classeur ligne 518";"RECONDUIT";"VACANCES_SCOLAIRES";"AUTORISABLE_VACANCES_INSTRUCTION";"NON";"Classeur 2026 ligne 518 ; date 2027 proposée, non validée par ce gate"
"2027";"QV26-INSTR-DEMI-SCT-FEU-8D0C9417:O4:S1";"012C1.009";"Instr demi-sct - FEU";"F7";"DPS";"Instruction";"012C1";"DPS:C1";"N02b";"2027-08-28";"Samedi";"07:30";"10:30";"Caserne C1";"Chef section DPS";"Aucune session distincte";"1";"A_POSITIONNER";"classeur ligne 549";"RECONDUIT";"";"OK_CALENDRIER_LOCAL";"NON";"Classeur 2026 ligne 549 ; date 2027 proposée, non validée par ce gate"
"2027";"QV26-INSTR-DEMI-SCT-FEU-8D0C9417:O5:S1";"012B1.009";"Instr demi-sct - FEU";"F7";"DPS";"Instruction";"012B1";"DPS:B1";"N02b";"2027-08-28";"Samedi";"07:30";"10:30";"Caserne B1";"Chef section DPS";"Aucune session distincte";"1";"A_POSITIONNER";"classeur ligne 551";"RECONDUIT";"";"OK_CALENDRIER_LOCAL";"NON";"Classeur 2026 ligne 551 ; date 2027 proposée, non validée par ce gate"
"2027";"QV26-INSTR-DEMI-SCT-FEU-8D0C9417:O6:S1";"012B2.009";"Instr demi-sct - FEU";"F7";"DPS";"Instruction";"012B2";"DPS:B2";"N02b";"2027-08-28";"Samedi";"07:30";"10:30";"Caserne C1";"Chef section DPS";"Aucune session distincte";"1";"A_POSITIONNER";"classeur ligne 550";"RECONDUIT";"";"OK_CALENDRIER_LOCAL";"NON";"Classeur 2026 ligne 550 ; date 2027 proposée, non validée par ce gate"
"2027";"QV26-INSTR-DEMI-SCT-VARIA-D51E6F19:O1:S1";"012C1.011";"Instr demi-sct - VARIA";"F7";"DPS";"Instruction";"012C1";"DPS:C1";"N01b";"2027-05-01";"Samedi";"07:30";"10:30";"Caserne C1";"Chef section DPS";"Aucune session distincte";"1";"A_POSITIONNER";"classeur ligne 275";"RECONDUIT";"";"OK_CALENDRIER_LOCAL";"NON";"Classeur 2026 ligne 275 ; date 2027 proposée, non validée par ce gate"
"2027";"QV26-INSTR-DEMI-SCT-VARIA-D51E6F19:O2:S1";"012B1.011";"Instr demi-sct - VARIA";"F7";"DPS";"Instruction";"012B1";"DPS:B1";"N01b";"2027-05-01";"Samedi";"07:30";"10:30";"Caserne B1";"Chef section DPS";"Aucune session distincte";"1";"A_POSITIONNER";"classeur ligne 277";"RECONDUIT";"";"OK_CALENDRIER_LOCAL";"NON";"Classeur 2026 ligne 277 ; date 2027 proposée, non validée par ce gate"
"2027";"QV26-INSTR-DEMI-SCT-VARIA-D51E6F19:O3:S1";"012B2.011";"Instr demi-sct - VARIA";"F7";"DPS";"Instruction";"012B2";"DPS:B2";"N01b";"2027-05-01";"Samedi";"07:30";"10:30";"Caserne C1";"Chef section DPS";"Aucune session distincte";"1";"A_POSITIONNER";"classeur ligne 276";"RECONDUIT";"";"OK_CALENDRIER_LOCAL";"NON";"Classeur 2026 ligne 276 ; date 2027 proposée, non validée par ce gate"
"2027";"QV26-INSTR-DEMI-SCT-VARIA-D51E6F19:O4:S1";"012C1.011";"Instr demi-sct - VARIA";"F7";"DPS";"Instruction";"012C1";"DPS:C1";"N03a";"2027-05-08";"Samedi";"07:30";"10:30";"Caserne C1";"Chef section DPS";"Aucune session distincte";"1";"A_POSITIONNER";"classeur ligne 302";"RECONDUIT";"VACANCES_SCOLAIRES";"AUTORISABLE_VACANCES_INSTRUCTION";"NON";"Classeur 2026 ligne 302 ; date 2027 proposée, non validée par ce gate"
"2027";"QV26-INSTR-DEMI-SCT-VARIA-D51E6F19:O5:S1";"012B1.011";"Instr demi-sct - VARIA";"F7";"DPS";"Instruction";"012B1";"DPS:B1";"N03a";"2027-05-08";"Samedi";"07:30";"10:30";"Caserne B1";"Chef section DPS";"Aucune session distincte";"1";"A_POSITIONNER";"classeur ligne 304";"RECONDUIT";"VACANCES_SCOLAIRES";"AUTORISABLE_VACANCES_INSTRUCTION";"NON";"Classeur 2026 ligne 304 ; date 2027 proposée, non validée par ce gate"
"2027";"QV26-INSTR-DEMI-SCT-VARIA-D51E6F19:O6:S1";"012B2.011";"Instr demi-sct - VARIA";"F7";"DPS";"Instruction";"012B2";"DPS:B2";"N03a";"2027-05-08";"Samedi";"07:30";"10:30";"Caserne C1";"Chef section DPS";"Aucune session distincte";"1";"A_POSITIONNER";"classeur ligne 303";"RECONDUIT";"VACANCES_SCOLAIRES";"AUTORISABLE_VACANCES_INSTRUCTION";"NON";"Classeur 2026 ligne 303 ; date 2027 proposée, non validée par ce gate"
"2027";"QV26-INSTR-DEMI-SCT-VARIA-D51E6F19:O7:S1";"012C1.011";"Instr demi-sct - VARIA";"F7";"DPS";"Instruction";"012C1";"DPS:C1";"N02a";"2027-05-15";"Samedi";"07:30";"10:30";"Caserne C1";"Chef section DPS";"Aucune session distincte";"1";"A_POSITIONNER";"classeur ligne 313";"RECONDUIT";"WEEKEND_FERIE";"HUMAN_REVIEW_CALENDAR:WEEKEND_FERIE_INSTR_DEMI_SCT";"OUI";"Classeur 2026 ligne 313 ; date 2027 proposée, non validée par ce gate"
"2027";"QV26-INSTR-DEMI-SCT-VARIA-D51E6F19:O8:S1";"012B1.011";"Instr demi-sct - VARIA";"F7";"DPS";"Instruction";"012B1";"DPS:B1";"N02a";"2027-05-15";"Samedi";"07:30";"10:30";"Caserne B1";"Chef section DPS";"Aucune session distincte";"1";"A_POSITIONNER";"classeur ligne 315";"RECONDUIT";"WEEKEND_FERIE";"HUMAN_REVIEW_CALENDAR:WEEKEND_FERIE_INSTR_DEMI_SCT";"OUI";"Classeur 2026 ligne 315 ; date 2027 proposée, non validée par ce gate"
"2027";"QV26-INSTR-DEMI-SCT-VARIA-D51E6F19:O9:S1";"012B2.011";"Instr demi-sct - VARIA";"F7";"DPS";"Instruction";"012B2";"DPS:B2";"N02a";"2027-05-15";"Samedi";"07:30";"10:30";"Caserne C1";"Chef section DPS";"Aucune session distincte";"1";"A_POSITIONNER";"classeur ligne 314";"RECONDUIT";"WEEKEND_FERIE";"HUMAN_REVIEW_CALENDAR:WEEKEND_FERIE_INSTR_DEMI_SCT";"OUI";"Classeur 2026 ligne 314 ; date 2027 proposée, non validée par ce gate"
"2027";"QV26-INSTR-DEMI-SCT-VARIA-D51E6F19:O10:S1";"012C1.011";"Instr demi-sct - VARIA";"F7";"DPS";"Instruction";"012C1";"DPS:C1";"N01a";"2027-05-22";"Samedi";"07:30";"10:30";"Caserne C1";"Chef section DPS";"Aucune session distincte";"1";"A_POSITIONNER";"classeur ligne 338";"RECONDUIT";"";"OK_CALENDRIER_LOCAL";"NON";"Classeur 2026 ligne 338 ; date 2027 proposée, non validée par ce gate"
"2027";"QV26-INSTR-DEMI-SCT-VARIA-D51E6F19:O11:S1";"012B1.011";"Instr demi-sct - VARIA";"F7";"DPS";"Instruction";"012B1";"DPS:B1";"N01a";"2027-05-22";"Samedi";"07:30";"10:30";"Caserne B1";"Chef section DPS";"Aucune session distincte";"1";"A_POSITIONNER";"classeur ligne 340";"RECONDUIT";"";"OK_CALENDRIER_LOCAL";"NON";"Classeur 2026 ligne 340 ; date 2027 proposée, non validée par ce gate"
"2027";"QV26-INSTR-DEMI-SCT-VARIA-D51E6F19:O12:S1";"012B2.011";"Instr demi-sct - VARIA";"F7";"DPS";"Instruction";"012B2";"DPS:B2";"N01a";"2027-05-22";"Samedi";"07:30";"10:30";"Caserne C1";"Chef section DPS";"Aucune session distincte";"1";"A_POSITIONNER";"classeur ligne 339";"RECONDUIT";"";"OK_CALENDRIER_LOCAL";"NON";"Classeur 2026 ligne 339 ; date 2027 proposée, non validée par ce gate"
"2027";"QV26-INSTR-DEMI-SCT-VARIA-D51E6F19:O13:S1";"012C1.011";"Instr demi-sct - VARIA";"F7";"DPS";"Instruction";"012C1";"DPS:C1";"N03b";"2027-05-29";"Samedi";"07:30";"10:30";"Caserne C1";"Chef section DPS";"Aucune session distincte";"1";"A_POSITIONNER";"classeur ligne 354";"RECONDUIT";"";"OK_CALENDRIER_LOCAL";"NON";"Classeur 2026 ligne 354 ; date 2027 proposée, non validée par ce gate"
"2027";"QV26-INSTR-DEMI-SCT-VARIA-D51E6F19:O14:S1";"012B1.011";"Instr demi-sct - VARIA";"F7";"DPS";"Instruction";"012B1";"DPS:B1";"N03b";"2027-05-29";"Samedi";"07:30";"10:30";"Caserne B1";"Chef section DPS";"Aucune session distincte";"1";"A_POSITIONNER";"classeur ligne 353";"RECONDUIT";"";"OK_CALENDRIER_LOCAL";"NON";"Classeur 2026 ligne 353 ; date 2027 proposée, non validée par ce gate"
"2027";"QV26-INSTR-DEMI-SCT-VARIA-D51E6F19:O15:S1";"012B2.011";"Instr demi-sct - VARIA";"F7";"DPS";"Instruction";"012B2";"DPS:B2";"N03b";"2027-05-29";"Samedi";"07:30";"10:30";"Caserne C1";"Chef section DPS";"Aucune session distincte";"1";"A_POSITIONNER";"classeur ligne 355";"RECONDUIT";"";"OK_CALENDRIER_LOCAL";"NON";"Classeur 2026 ligne 355 ; date 2027 proposée, non validée par ce gate"
"2027";"QV26-INSTR-DEMI-SCT-VARIA-D51E6F19:O16:S1";"012C1.011";"Instr demi-sct - VARIA";"F7";"DPS";"Instruction";"012C1";"DPS:C1";"N02b";"2027-06-05";"Samedi";"07:30";"10:30";"Caserne C1";"Chef section DPS";"Aucune session distincte";"1";"A_POSITIONNER";"classeur ligne 382";"RECONDUIT";"";"OK_CALENDRIER_LOCAL";"NON";"Classeur 2026 ligne 382 ; date 2027 proposée, non validée par ce gate"
"2027";"QV26-INSTR-SCT-FEU-2495DFDB:O1:S1";"012C1.012";"Instr sct - FEU";"F7";"DPS";"Instruction";"012C1";"DPS:C1";"N02";"2027-10-30";"Samedi";"07:30";"10:30";"Caserne C1";"Chef section DPS";"Aucune session distincte";"1";"A_POSITIONNER";"classeur ligne 752";"RECONDUIT";"";"OK_CALENDRIER_LOCAL";"NON";"Classeur 2026 ligne 752 ; date 2027 proposée, non validée par ce gate"
"2027";"QV26-INSTR-SCT-FEU-2495DFDB:O2:S1";"012B1.012";"Instr sct - FEU";"F7";"DPS";"Instruction";"012B1";"DPS:B1";"N02";"2027-10-30";"Samedi";"07:30";"10:30";"Caserne B1";"Chef section DPS";"Aucune session distincte";"1";"A_POSITIONNER";"classeur ligne 753";"RECONDUIT";"";"OK_CALENDRIER_LOCAL";"NON";"Classeur 2026 ligne 753 ; date 2027 proposée, non validée par ce gate"
"2027";"QV26-INSTR-SCT-FEU-2495DFDB:O3:S1";"012B2.012";"Instr sct - FEU";"F7";"DPS";"Instruction";"012B2";"DPS:B2";"N02";"2027-10-30";"Samedi";"07:30";"10:30";"Caserne C1";"Chef section DPS";"Aucune session distincte";"1";"A_POSITIONNER";"classeur ligne 754";"RECONDUIT";"";"OK_CALENDRIER_LOCAL";"NON";"Classeur 2026 ligne 754 ; date 2027 proposée, non validée par ce gate"
"2027";"QV26-INSTR-SCT-KICK-OFF-5DBF1193:O1:S1";"012C1.013";"Instr sct - KICK-OFF";"F7";"DPS";"Instruction";"012C1";"DPS:C1";"N01";"2027-03-20";"Samedi";"07:30";"10:30";"Caserne C1";"Chef section DPS";"Aucune session distincte";"1";"A_POSITIONNER";"classeur ligne 172";"RECONDUIT";"";"OK_CALENDRIER_LOCAL";"NON";"Classeur 2026 ligne 172 ; date 2027 proposée, non validée par ce gate"
"2027";"QV26-INSTR-SCT-KICK-OFF-5DBF1193:O2:S1";"012B1.013";"Instr sct - KICK-OFF";"F7";"DPS";"Instruction";"012B1";"DPS:B1";"N01";"2027-03-20";"Samedi";"07:30";"10:30";"Caserne B1";"Chef section DPS";"Aucune session distincte";"1";"A_POSITIONNER";"classeur ligne 173";"RECONDUIT";"";"OK_CALENDRIER_LOCAL";"NON";"Classeur 2026 ligne 173 ; date 2027 proposée, non validée par ce gate"
"2027";"QV26-INSTR-SCT-KICK-OFF-5DBF1193:O3:S1";"012B2.013";"Instr sct - KICK-OFF";"F7";"DPS";"Instruction";"012B2";"DPS:B2";"N01";"2027-03-20";"Samedi";"07:30";"10:30";"Caserne C1";"Chef section DPS";"Aucune session distincte";"1";"A_POSITIONNER";"classeur ligne 174";"RECONDUIT";"";"OK_CALENDRIER_LOCAL";"NON";"Classeur 2026 ligne 174 ; date 2027 proposée, non validée par ce gate"
"2027";"QV26-INSTR-SCT-KICK-OFF-5DBF1193:O4:S1";"012G1.013";"Instr sct - KICK-OFF";"F7";"DPS";"Instruction";"012G1";"DPS:G1";"N03";"2027-03-22";"Lundi";"18:30";"21:30";"Caserne G1";"Chef section DPS";"Aucune session distincte";"1";"A_POSITIONNER";"classeur ligne 181";"RECONDUIT";"";"OK_CALENDRIER_LOCAL";"NON";"Classeur 2026 ligne 181 ; date 2027 proposée, non validée par ce gate"
"2027";"QV26-INSTR-SCT-KICK-OFF-5DBF1193:O5:S1";"012B2.013";"Instr sct - KICK-OFF";"F7";"DPS";"Instruction";"012B2";"DPS:B2";"N03";"2027-03-27";"Samedi";"07:30";"10:30";"Caserne C1";"Chef section DPS";"Aucune session distincte";"1";"A_POSITIONNER";"classeur ligne 197";"RECONDUIT";"WEEKEND_FERIE|VACANCES_SCOLAIRES";"HUMAN_REVIEW_CALENDAR:WEEKEND_FERIE_INSTR_SCT";"OUI";"Classeur 2026 ligne 197 ; date 2027 proposée, non validée par ce gate"
"2027";"QV26-INSTR-SCT-KICK-OFF-5DBF1193:O6:S1";"012C1.013";"Instr sct - KICK-OFF";"F7";"DPS";"Instruction";"012C1";"DPS:C1";"N03";"2027-03-27";"Samedi";"18:30";"21:30";"Caserne C1";"Chef section DPS";"Aucune session distincte";"1";"A_POSITIONNER";"classeur ligne 200";"RECONDUIT";"WEEKEND_FERIE|VACANCES_SCOLAIRES";"HUMAN_REVIEW_CALENDAR:WEEKEND_FERIE_INSTR_SCT";"OUI";"Classeur 2026 ligne 200 ; date 2027 proposée, non validée par ce gate"
"2027";"QV26-INSTR-SCT-KICK-OFF-5DBF1193:O7:S1";"012B1.013";"Instr sct - KICK-OFF";"F7";"DPS";"Instruction";"012B1";"DPS:B1";"N03";"2027-03-27";"Samedi";"18:30";"21:30";"Caserne B1";"Chef section DPS";"Aucune session distincte";"1";"A_POSITIONNER";"classeur ligne 201";"RECONDUIT";"WEEKEND_FERIE|VACANCES_SCOLAIRES";"HUMAN_REVIEW_CALENDAR:WEEKEND_FERIE_INSTR_SCT";"OUI";"Classeur 2026 ligne 201 ; date 2027 proposée, non validée par ce gate"
"2027";"QV26-INSTR-SCT-KICK-OFF-5DBF1193:O8:S1";"012G1.013";"Instr sct - KICK-OFF";"F7";"DPS";"Instruction";"012G1";"DPS:G1";"N02";"2027-03-30";"Mardi";"18:30";"21:30";"Caserne G1";"Chef section DPS";"Aucune session distincte";"1";"A_POSITIONNER";"classeur ligne 204";"RECONDUIT";"VACANCES_SCOLAIRES|ORIGINE_FERIE:2027-03-29";"G1_LUNDI_FERIE_DEPLACE_MARDI";"NON";"Classeur 2026 ligne 204 ; date 2027 proposée, non validée par ce gate ; Déplacement 2027-03-29 -> 2027-03-30 (Lundi de Pâques)"
"2027";"QV26-INSTR-SCT-KICK-OFF-5DBF1193:O9:S1";"012C1.013";"Instr sct - KICK-OFF";"F7";"DPS";"Instruction";"012C1";"DPS:C1";"N02";"2027-04-03";"Samedi";"07:30";"10:30";"Caserne C1";"Chef section DPS";"Aucune session distincte";"1";"A_POSITIONNER";"classeur ligne 220";"RECONDUIT";"VACANCES_SCOLAIRES";"AUTORISABLE_VACANCES_INSTRUCTION";"NON";"Classeur 2026 ligne 220 ; date 2027 proposée, non validée par ce gate"
"2027";"QV26-INSTR-SCT-VARIA-D13856BA:O1:S1";"012C1.014";"Instr sct - VARIA";"F7";"DPS";"Instruction";"012C1";"DPS:C1";"N03";"2027-06-19";"Samedi";"07:30";"10:30";"Caserne C1";"Chef section DPS";"Aucune session distincte";"1";"A_POSITIONNER";"classeur ligne 440";"RECONDUIT";"";"OK_CALENDRIER_LOCAL";"NON";"Classeur 2026 ligne 440 ; date 2027 proposée, non validée par ce gate"
"2027";"QV26-INSTR-SCT-VARIA-D13856BA:O2:S1";"012B1.014";"Instr sct - VARIA";"F7";"DPS";"Instruction";"012B1";"DPS:B1";"N03";"2027-06-19";"Samedi";"07:30";"10:30";"Caserne B1";"Chef section DPS";"Aucune session distincte";"1";"A_POSITIONNER";"classeur ligne 441";"RECONDUIT";"";"OK_CALENDRIER_LOCAL";"NON";"Classeur 2026 ligne 441 ; date 2027 proposée, non validée par ce gate"
"2027";"QV26-INSTR-SCT-VARIA-D13856BA:O3:S1";"012B2.014";"Instr sct - VARIA";"F7";"DPS";"Instruction";"012B2";"DPS:B2";"N03";"2027-06-19";"Samedi";"07:30";"10:30";"Caserne C1";"Chef section DPS";"Aucune session distincte";"1";"A_POSITIONNER";"classeur ligne 442";"RECONDUIT";"";"OK_CALENDRIER_LOCAL";"NON";"Classeur 2026 ligne 442 ; date 2027 proposée, non validée par ce gate"
"2027";"QV26-INSTR-SCT-VARIA-D13856BA:O4:S1";"012C1.014";"Instr sct - VARIA";"F7";"DPS";"Instruction";"012C1";"DPS:C1";"N02";"2027-06-26";"Samedi";"07:30";"10:30";"Caserne C1";"Chef section DPS";"Aucune session distincte";"1";"A_POSITIONNER";"classeur ligne 467";"RECONDUIT";"";"OK_CALENDRIER_LOCAL";"NON";"Classeur 2026 ligne 467 ; date 2027 proposée, non validée par ce gate"
"2027";"QV26-INSTR-SCT-VARIA-D13856BA:O5:S1";"012B1.014";"Instr sct - VARIA";"F7";"DPS";"Instruction";"012B1";"DPS:B1";"N02";"2027-06-26";"Samedi";"07:30";"10:30";"Caserne B1";"Chef section DPS";"Aucune session distincte";"1";"A_POSITIONNER";"classeur ligne 468";"RECONDUIT";"";"OK_CALENDRIER_LOCAL";"NON";"Classeur 2026 ligne 468 ; date 2027 proposée, non validée par ce gate"
"2027";"QV26-INSTR-SCT-VARIA-D13856BA:O6:S1";"012B2.014";"Instr sct - VARIA";"F7";"DPS";"Instruction";"012B2";"DPS:B2";"N02";"2027-06-26";"Samedi";"07:30";"10:30";"Caserne C1";"Chef section DPS";"Aucune session distincte";"1";"A_POSITIONNER";"classeur ligne 469";"RECONDUIT";"";"OK_CALENDRIER_LOCAL";"NON";"Classeur 2026 ligne 469 ; date 2027 proposée, non validée par ce gate"
"2027";"QV26-INSTR-SCT-VARIA-D13856BA:O7:S1";"012C1.014";"Instr sct - VARIA";"F7";"DPS";"Instruction";"012C1";"DPS:C1";"N01";"2027-07-03";"Samedi";"07:30";"10:30";"Caserne C1";"Chef section DPS";"Aucune session distincte";"1";"A_POSITIONNER";"classeur ligne 476";"RECONDUIT";"VACANCES_SCOLAIRES";"AUTORISABLE_VACANCES_INSTRUCTION";"NON";"Classeur 2026 ligne 476 ; date 2027 proposée, non validée par ce gate"
"2027";"QV26-INSTR-SCT-VARIA-D13856BA:O8:S1";"012B1.014";"Instr sct - VARIA";"F7";"DPS";"Instruction";"012B1";"DPS:B1";"N01";"2027-07-03";"Samedi";"07:30";"10:30";"Caserne B1";"Chef section DPS";"Aucune session distincte";"1";"A_POSITIONNER";"classeur ligne 477";"RECONDUIT";"VACANCES_SCOLAIRES";"AUTORISABLE_VACANCES_INSTRUCTION";"NON";"Classeur 2026 ligne 477 ; date 2027 proposée, non validée par ce gate"
"2027";"QV26-JOURNEE-DES-FAMILLES-20BDA6AB:O1:S1";"";"Journée des familles";"F3";"";"Événement";"";"DPS:B2";"FOBA:1";"2027-06-18";"Vendredi";"19:00";"23:00";"Caserne B2";"C site";"Aucune session distincte";"1";"A_POSITIONNER";"classeur ligne 437";"RECONDUIT";"";"OK_CALENDRIER_LOCAL";"NON";"Classeur 2026 ligne 437 ; date 2027 proposée, non validée par ce gate"
"2027";"QV26-JOURNEE-DES-FAMILLES-20BDA6AB:O2:S1";"";"Journée des familles";"F3";"";"Événement";"";"DAP:Y3";"FOBA:1";"2027-06-19";"Samedi";"08:00";"16:00";"Local Y3";"C sct";"Aucune session distincte";"1";"A_POSITIONNER";"classeur ligne 443";"RECONDUIT";"";"OK_CALENDRIER_LOCAL";"NON";"Classeur 2026 ligne 443 ; date 2027 proposée, non validée par ce gate"
"2027";"QV26-JOURNEE-DES-FAMILLES-20BDA6AB:O3:S1";"";"Journée des familles";"F3";"";"Événement";"";"DPS:G1";"FOBA:1";"2027-06-20";"Dimanche";"08:00";"17:00";"Caserne G1";"C site";"Aucune session distincte";"1";"A_POSITIONNER";"classeur ligne 445";"RECONDUIT";"";"OK_CALENDRIER_LOCAL";"NON";"Classeur 2026 ligne 445 ; date 2027 proposée, non validée par ce gate"
"2027";"QV26-JOURNEE-DES-FAMILLES-20BDA6AB:O4:S1";"";"Journée des familles";"F3";"";"Événement";"";"DAP:Y1";"FOBA:1";"2027-06-20";"Dimanche";"08:00";"17:00";"Local Y1";"C sct";"Aucune session distincte";"1";"A_POSITIONNER";"classeur ligne 446";"RECONDUIT";"";"OK_CALENDRIER_LOCAL";"NON";"Classeur 2026 ligne 446 ; date 2027 proposée, non validée par ce gate"
"2027";"QV26-JOURNEE-DES-FAMILLES-20BDA6AB:O5:S1";"";"Journée des familles";"F3";"";"Événement";"";"DPS:C1";"FOBA:1";"2027-08-14";"Samedi";"12:00";"16:00";"Caserne C1";"C site";"Aucune session distincte";"1";"A_POSITIONNER";"classeur ligne 502";"RECONDUIT";"VACANCES_SCOLAIRES";"HUMAN_REVIEW_CALENDAR:VACANCES_SCOLAIRES";"OUI";"Classeur 2026 ligne 502 ; date 2027 proposée, non validée par ce gate"
"2027";"QV26-JOURNEE-DES-NOUVEAUX-HABITANTS-E7CDB734:O1:S1";"070F1.006";"Journée des nouveaux habitants";"DPS";"DPS";"Événement";"070F1";"DPS:G1";"";"2027-09-11";"Samedi";"10:00";"14:00";"Caserne G1";"QM";"Aucune session distincte";"1";"A_POSITIONNER";"classeur ligne 612";"RECONDUIT";"";"OK_CALENDRIER_LOCAL";"NON";"Classeur 2026 ligne 612 ; date 2027 proposée, non validée par ce gate"
"2027";"QV26-MISE-A-NIVEAU-ANNUELLE-OSR-9977BB10:O1:S1";"0171F7.015";"Mise à niveau annuelle OSR";"F7";"DPS";"Événement";"0171F7";"DPS:G1";"";"2027-10-08";"Vendredi";"08:00";"16:00";"Caserne G1";"Cdt";"Aucune session distincte";"1";"A_POSITIONNER";"classeur ligne 724";"RECONDUIT";"";"OK_CALENDRIER_LOCAL";"NON";"Classeur 2026 ligne 724 ; date 2027 proposée, non validée par ce gate"
"2027";"QV26-NETTOYAGE-ANNUEL-CASERNE-0350F0E0:O1:S1";"040B1.001";"Nettoyage annuel caserne";"F4";"";"Événement";"040B1";"DPS:G1";"";"2027-06-24";"Jeudi";"18:00";"21:30";"Caserne G1";"C log";"Aucune session distincte";"1";"A_POSITIONNER";"classeur ligne 459";"HUMAN_REVIEW";"";"OK_CALENDRIER_LOCAL";"OUI";"4 ligne(s) de même titre en 2026, sans lien source exact"
"2027";"QV26-NOEL-DES-FAMILLES-F3E5E4E3:O1:S1";"";"Noël des familles";"F3";"";"Événement";"";"DPS:B1";"FOBA:1, JSP:1";"2027-12-05";"Dimanche";"11:00";"17:00";"Caserne B1";"C site";"Aucune session distincte";"1";"A_POSITIONNER";"classeur ligne 834";"RECONDUIT";"";"OK_CALENDRIER_LOCAL";"NON";"Classeur 2026 ligne 834 ; date 2027 proposée, non validée par ce gate"
"2027";"QV26-NOEL-DES-FAMILLES-F3E5E4E3:O2:S1";"";"Noël des familles";"F3";"";"Événement";"";"DPS:G1";"FOBA:1, JSP:1";"2027-12-11";"Samedi";"15:00";"17:00";"Caserne G1";"C site";"Aucune session distincte";"1";"A_POSITIONNER";"classeur ligne 846";"RECONDUIT";"";"OK_CALENDRIER_LOCAL";"NON";"Classeur 2026 ligne 846 ; date 2027 proposée, non validée par ce gate"
"2027";"QV26-NOEL-DES-FAMILLES-F3E5E4E3:O3:S1";"";"Noël des familles";"F3";"";"Événement";"";"DPS:C1";"FOBA:1, JSP:1";"2027-12-12";"Dimanche";"11:00";"17:00";"Caserne C1";"C site";"Aucune session distincte";"1";"A_POSITIONNER";"classeur ligne 847";"RECONDUIT";"";"OK_CALENDRIER_LOCAL";"NON";"Classeur 2026 ligne 847 ; date 2027 proposée, non validée par ce gate"
"2027";"QV26-PASSEPORT-VACANCES-55E662D2:O1:S1";"070F56.001";"Passeport-Vacances";"F3";"";"Événement";"070F56";"DPS:G1";"";"2027-10-15";"Vendredi";"13:00";"18:00";"Caserne G1";"C op";"Aucune session distincte";"1";"A_POSITIONNER";"classeur ligne 727";"RECONDUIT";"VACANCES_SCOLAIRES";"HUMAN_REVIEW_CALENDAR:VACANCES_SCOLAIRES";"OUI";"Classeur 2026 ligne 727 ; date 2027 proposée, non validée par ce gate"
"2027";"QV26-PREPARATION-CONCOURS-DE-LA-FVSP-B8EB26E1:O1:S1";"CONCOUR.002";"Préparation concours de la FVSP";"F3";"";"Événement";"CONCOUR";"DPS:G1";"JSP:1";"2027-02-25";"Jeudi";"18:30";"21:00";"Caserne G1";"C op";"Aucune session distincte";"1";"A_POSITIONNER";"classeur ligne 53";"RECONDUIT";"";"OK_CALENDRIER_LOCAL";"NON";"Classeur 2026 ligne 53 ; date 2027 proposée, non validée par ce gate"
"2027";"QV26-PREPARATION-CONCOURS-DE-LA-FVSP-B8EB26E1:O1:S1";"CONCOUR.002";"Préparation concours de la FVSP";"F3";"";"Événement";"CONCOUR";"DPS:C1";"JSP:1";"2027-02-25";"Jeudi";"18:30";"21:00";"Caserne G1";"C op";"Aucune session distincte";"1";"A_POSITIONNER";"classeur ligne 53";"RECONDUIT";"";"OK_CALENDRIER_LOCAL";"NON";"Classeur 2026 ligne 53 ; date 2027 proposée, non validée par ce gate"
"2027";"QV26-PREPARATION-CONCOURS-DE-LA-FVSP-B8EB26E1:O1:S1";"CONCOUR.002";"Préparation concours de la FVSP";"F3";"";"Événement";"CONCOUR";"DPS:B1";"JSP:1";"2027-02-25";"Jeudi";"18:30";"21:00";"Caserne G1";"C op";"Aucune session distincte";"1";"A_POSITIONNER";"classeur ligne 53";"RECONDUIT";"";"OK_CALENDRIER_LOCAL";"NON";"Classeur 2026 ligne 53 ; date 2027 proposée, non validée par ce gate"
"2027";"QV26-PREPARATION-CONCOURS-DE-LA-FVSP-B8EB26E1:O1:S1";"CONCOUR.002";"Préparation concours de la FVSP";"F3";"";"Événement";"CONCOUR";"DPS:B2";"JSP:1";"2027-02-25";"Jeudi";"18:30";"21:00";"Caserne G1";"C op";"Aucune session distincte";"1";"A_POSITIONNER";"classeur ligne 53";"RECONDUIT";"";"OK_CALENDRIER_LOCAL";"NON";"Classeur 2026 ligne 53 ; date 2027 proposée, non validée par ce gate"
"2027";"QV26-PREPARATION-CONCOURS-DE-LA-FVSP-B8EB26E1:O2:S1";"CONCOUR.002";"Préparation concours de la FVSP";"F3";"";"Événement";"CONCOUR";"DPS:G1";"JSP:1";"2027-03-01";"Lundi";"18:30";"21:00";"Caserne G1";"C op";"Aucune session distincte";"1";"A_POSITIONNER";"classeur ligne 67";"RECONDUIT";"";"OK_CALENDRIER_LOCAL";"NON";"Classeur 2026 ligne 67 ; date 2027 proposée, non validée par ce gate"
"2027";"QV26-PREPARATION-CONCOURS-DE-LA-FVSP-B8EB26E1:O2:S1";"CONCOUR.002";"Préparation concours de la FVSP";"F3";"";"Événement";"CONCOUR";"DPS:C1";"JSP:1";"2027-03-01";"Lundi";"18:30";"21:00";"Caserne G1";"C op";"Aucune session distincte";"1";"A_POSITIONNER";"classeur ligne 67";"RECONDUIT";"";"OK_CALENDRIER_LOCAL";"NON";"Classeur 2026 ligne 67 ; date 2027 proposée, non validée par ce gate"
"2027";"QV26-PREPARATION-CONCOURS-DE-LA-FVSP-B8EB26E1:O2:S1";"CONCOUR.002";"Préparation concours de la FVSP";"F3";"";"Événement";"CONCOUR";"DPS:B1";"JSP:1";"2027-03-01";"Lundi";"18:30";"21:00";"Caserne G1";"C op";"Aucune session distincte";"1";"A_POSITIONNER";"classeur ligne 67";"RECONDUIT";"";"OK_CALENDRIER_LOCAL";"NON";"Classeur 2026 ligne 67 ; date 2027 proposée, non validée par ce gate"
"2027";"QV26-PREPARATION-CONCOURS-DE-LA-FVSP-B8EB26E1:O2:S1";"CONCOUR.002";"Préparation concours de la FVSP";"F3";"";"Événement";"CONCOUR";"DPS:B2";"JSP:1";"2027-03-01";"Lundi";"18:30";"21:00";"Caserne G1";"C op";"Aucune session distincte";"1";"A_POSITIONNER";"classeur ligne 67";"RECONDUIT";"";"OK_CALENDRIER_LOCAL";"NON";"Classeur 2026 ligne 67 ; date 2027 proposée, non validée par ce gate"
"2027";"QV26-PREPARATION-CONCOURS-DE-LA-FVSP-B8EB26E1:O3:S1";"CONCOUR.002";"Préparation concours de la FVSP";"F3";"";"Événement";"CONCOUR";"DPS:G1";"JSP:1";"2027-03-08";"Lundi";"18:30";"21:00";"Caserne G1";"C op";"Aucune session distincte";"1";"A_POSITIONNER";"classeur ligne 107";"RECONDUIT";"";"OK_CALENDRIER_LOCAL";"NON";"Classeur 2026 ligne 107 ; date 2027 proposée, non validée par ce gate"
"2027";"QV26-PREPARATION-CONCOURS-DE-LA-FVSP-B8EB26E1:O3:S1";"CONCOUR.002";"Préparation concours de la FVSP";"F3";"";"Événement";"CONCOUR";"DPS:C1";"JSP:1";"2027-03-08";"Lundi";"18:30";"21:00";"Caserne G1";"C op";"Aucune session distincte";"1";"A_POSITIONNER";"classeur ligne 107";"RECONDUIT";"";"OK_CALENDRIER_LOCAL";"NON";"Classeur 2026 ligne 107 ; date 2027 proposée, non validée par ce gate"
"2027";"QV26-PREPARATION-CONCOURS-DE-LA-FVSP-B8EB26E1:O3:S1";"CONCOUR.002";"Préparation concours de la FVSP";"F3";"";"Événement";"CONCOUR";"DPS:B1";"JSP:1";"2027-03-08";"Lundi";"18:30";"21:00";"Caserne G1";"C op";"Aucune session distincte";"1";"A_POSITIONNER";"classeur ligne 107";"RECONDUIT";"";"OK_CALENDRIER_LOCAL";"NON";"Classeur 2026 ligne 107 ; date 2027 proposée, non validée par ce gate"
"2027";"QV26-PREPARATION-CONCOURS-DE-LA-FVSP-B8EB26E1:O3:S1";"CONCOUR.002";"Préparation concours de la FVSP";"F3";"";"Événement";"CONCOUR";"DPS:B2";"JSP:1";"2027-03-08";"Lundi";"18:30";"21:00";"Caserne G1";"C op";"Aucune session distincte";"1";"A_POSITIONNER";"classeur ligne 107";"RECONDUIT";"";"OK_CALENDRIER_LOCAL";"NON";"Classeur 2026 ligne 107 ; date 2027 proposée, non validée par ce gate"
"2027";"QV26-PREPARATION-CONCOURS-DE-LA-FVSP-B8EB26E1:O4:S1";"CONCOUR.002";"Préparation concours de la FVSP";"F3";"";"Événement";"CONCOUR";"DPS:G1";"JSP:1";"2027-03-15";"Lundi";"18:30";"21:00";"Caserne G1";"C op";"Aucune session distincte";"1";"A_POSITIONNER";"classeur ligne 148";"RECONDUIT";"";"OK_CALENDRIER_LOCAL";"NON";"Classeur 2026 ligne 148 ; date 2027 proposée, non validée par ce gate"
"2027";"QV26-PREPARATION-CONCOURS-DE-LA-FVSP-B8EB26E1:O4:S1";"CONCOUR.002";"Préparation concours de la FVSP";"F3";"";"Événement";"CONCOUR";"DPS:C1";"JSP:1";"2027-03-15";"Lundi";"18:30";"21:00";"Caserne G1";"C op";"Aucune session distincte";"1";"A_POSITIONNER";"classeur ligne 148";"RECONDUIT";"";"OK_CALENDRIER_LOCAL";"NON";"Classeur 2026 ligne 148 ; date 2027 proposée, non validée par ce gate"
"2027";"QV26-PREPARATION-CONCOURS-DE-LA-FVSP-B8EB26E1:O4:S1";"CONCOUR.002";"Préparation concours de la FVSP";"F3";"";"Événement";"CONCOUR";"DPS:B1";"JSP:1";"2027-03-15";"Lundi";"18:30";"21:00";"Caserne G1";"C op";"Aucune session distincte";"1";"A_POSITIONNER";"classeur ligne 148";"RECONDUIT";"";"OK_CALENDRIER_LOCAL";"NON";"Classeur 2026 ligne 148 ; date 2027 proposée, non validée par ce gate"
"2027";"QV26-PREPARATION-CONCOURS-DE-LA-FVSP-B8EB26E1:O4:S1";"CONCOUR.002";"Préparation concours de la FVSP";"F3";"";"Événement";"CONCOUR";"DPS:B2";"JSP:1";"2027-03-15";"Lundi";"18:30";"21:00";"Caserne G1";"C op";"Aucune session distincte";"1";"A_POSITIONNER";"classeur ligne 148";"RECONDUIT";"";"OK_CALENDRIER_LOCAL";"NON";"Classeur 2026 ligne 148 ; date 2027 proposée, non validée par ce gate"
"2027";"QV26-PREPARATION-CONCOURS-DE-LA-FVSP-B8EB26E1:O5:S1";"CONCOUR.002";"Préparation concours de la FVSP";"F3";"";"Événement";"CONCOUR";"DPS:G1";"JSP:1";"2027-03-25";"Jeudi";"18:30";"21:00";"Caserne G1";"C op";"Aucune session distincte";"1";"A_POSITIONNER";"classeur ligne 193";"RECONDUIT";"VEILLE_FERIE";"HUMAN_REVIEW_CALENDAR:VEILLE_FERIE";"OUI";"Classeur 2026 ligne 193 ; date 2027 proposée, non validée par ce gate"
"2027";"QV26-PREPARATION-CONCOURS-DE-LA-FVSP-B8EB26E1:O5:S1";"CONCOUR.002";"Préparation concours de la FVSP";"F3";"";"Événement";"CONCOUR";"DPS:C1";"JSP:1";"2027-03-25";"Jeudi";"18:30";"21:00";"Caserne G1";"C op";"Aucune session distincte";"1";"A_POSITIONNER";"classeur ligne 193";"RECONDUIT";"VEILLE_FERIE";"HUMAN_REVIEW_CALENDAR:VEILLE_FERIE";"OUI";"Classeur 2026 ligne 193 ; date 2027 proposée, non validée par ce gate"
"2027";"QV26-PREPARATION-CONCOURS-DE-LA-FVSP-B8EB26E1:O5:S1";"CONCOUR.002";"Préparation concours de la FVSP";"F3";"";"Événement";"CONCOUR";"DPS:B1";"JSP:1";"2027-03-25";"Jeudi";"18:30";"21:00";"Caserne G1";"C op";"Aucune session distincte";"1";"A_POSITIONNER";"classeur ligne 193";"RECONDUIT";"VEILLE_FERIE";"HUMAN_REVIEW_CALENDAR:VEILLE_FERIE";"OUI";"Classeur 2026 ligne 193 ; date 2027 proposée, non validée par ce gate"
"2027";"QV26-PREPARATION-CONCOURS-DE-LA-FVSP-B8EB26E1:O5:S1";"CONCOUR.002";"Préparation concours de la FVSP";"F3";"";"Événement";"CONCOUR";"DPS:B2";"JSP:1";"2027-03-25";"Jeudi";"18:30";"21:00";"Caserne G1";"C op";"Aucune session distincte";"1";"A_POSITIONNER";"classeur ligne 193";"RECONDUIT";"VEILLE_FERIE";"HUMAN_REVIEW_CALENDAR:VEILLE_FERIE";"OUI";"Classeur 2026 ligne 193 ; date 2027 proposée, non validée par ce gate"
"2027";"QV26-PREPARATION-CONCOURS-DE-LA-FVSP-B8EB26E1:O6:S1";"CONCOUR.002";"Préparation concours de la FVSP";"F3";"";"Événement";"CONCOUR";"DPS:G1";"JSP:1";"2027-04-01";"Jeudi";"18:30";"21:00";"Caserne G1";"C op";"Aucune session distincte";"1";"A_POSITIONNER";"classeur ligne 218";"RECONDUIT";"VACANCES_SCOLAIRES";"HUMAN_REVIEW_CALENDAR:VACANCES_SCOLAIRES";"OUI";"Classeur 2026 ligne 218 ; date 2027 proposée, non validée par ce gate"
"2027";"QV26-PREPARATION-CONCOURS-DE-LA-FVSP-B8EB26E1:O6:S1";"CONCOUR.002";"Préparation concours de la FVSP";"F3";"";"Événement";"CONCOUR";"DPS:C1";"JSP:1";"2027-04-01";"Jeudi";"18:30";"21:00";"Caserne G1";"C op";"Aucune session distincte";"1";"A_POSITIONNER";"classeur ligne 218";"RECONDUIT";"VACANCES_SCOLAIRES";"HUMAN_REVIEW_CALENDAR:VACANCES_SCOLAIRES";"OUI";"Classeur 2026 ligne 218 ; date 2027 proposée, non validée par ce gate"
"2027";"QV26-PREPARATION-CONCOURS-DE-LA-FVSP-B8EB26E1:O6:S1";"CONCOUR.002";"Préparation concours de la FVSP";"F3";"";"Événement";"CONCOUR";"DPS:B1";"JSP:1";"2027-04-01";"Jeudi";"18:30";"21:00";"Caserne G1";"C op";"Aucune session distincte";"1";"A_POSITIONNER";"classeur ligne 218";"RECONDUIT";"VACANCES_SCOLAIRES";"HUMAN_REVIEW_CALENDAR:VACANCES_SCOLAIRES";"OUI";"Classeur 2026 ligne 218 ; date 2027 proposée, non validée par ce gate"
"2027";"QV26-PREPARATION-CONCOURS-DE-LA-FVSP-B8EB26E1:O6:S1";"CONCOUR.002";"Préparation concours de la FVSP";"F3";"";"Événement";"CONCOUR";"DPS:B2";"JSP:1";"2027-04-01";"Jeudi";"18:30";"21:00";"Caserne G1";"C op";"Aucune session distincte";"1";"A_POSITIONNER";"classeur ligne 218";"RECONDUIT";"VACANCES_SCOLAIRES";"HUMAN_REVIEW_CALENDAR:VACANCES_SCOLAIRES";"OUI";"Classeur 2026 ligne 218 ; date 2027 proposée, non validée par ce gate"
"2027";"QV26-PREPARATION-CONCOURS-DE-LA-FVSP-B8EB26E1:O7:S1";"CONCOUR.002";"Préparation concours de la FVSP";"F3";"";"Événement";"CONCOUR";"DPS:G1";"JSP:1";"2027-04-08";"Jeudi";"18:30";"21:00";"Caserne G1";"C op";"Aucune session distincte";"1";"A_POSITIONNER";"classeur ligne 228";"RECONDUIT";"VACANCES_SCOLAIRES";"HUMAN_REVIEW_CALENDAR:VACANCES_SCOLAIRES";"OUI";"Classeur 2026 ligne 228 ; date 2027 proposée, non validée par ce gate"
"2027";"QV26-PREPARATION-CONCOURS-DE-LA-FVSP-B8EB26E1:O7:S1";"CONCOUR.002";"Préparation concours de la FVSP";"F3";"";"Événement";"CONCOUR";"DPS:C1";"JSP:1";"2027-04-08";"Jeudi";"18:30";"21:00";"Caserne G1";"C op";"Aucune session distincte";"1";"A_POSITIONNER";"classeur ligne 228";"RECONDUIT";"VACANCES_SCOLAIRES";"HUMAN_REVIEW_CALENDAR:VACANCES_SCOLAIRES";"OUI";"Classeur 2026 ligne 228 ; date 2027 proposée, non validée par ce gate"
"2027";"QV26-PREPARATION-CONCOURS-DE-LA-FVSP-B8EB26E1:O7:S1";"CONCOUR.002";"Préparation concours de la FVSP";"F3";"";"Événement";"CONCOUR";"DPS:B1";"JSP:1";"2027-04-08";"Jeudi";"18:30";"21:00";"Caserne G1";"C op";"Aucune session distincte";"1";"A_POSITIONNER";"classeur ligne 228";"RECONDUIT";"VACANCES_SCOLAIRES";"HUMAN_REVIEW_CALENDAR:VACANCES_SCOLAIRES";"OUI";"Classeur 2026 ligne 228 ; date 2027 proposée, non validée par ce gate"
"2027";"QV26-PREPARATION-CONCOURS-DE-LA-FVSP-B8EB26E1:O7:S1";"CONCOUR.002";"Préparation concours de la FVSP";"F3";"";"Événement";"CONCOUR";"DPS:B2";"JSP:1";"2027-04-08";"Jeudi";"18:30";"21:00";"Caserne G1";"C op";"Aucune session distincte";"1";"A_POSITIONNER";"classeur ligne 228";"RECONDUIT";"VACANCES_SCOLAIRES";"HUMAN_REVIEW_CALENDAR:VACANCES_SCOLAIRES";"OUI";"Classeur 2026 ligne 228 ; date 2027 proposée, non validée par ce gate"
"2027";"QV26-PREPARATION-CONCOURS-DE-LA-FVSP-B8EB26E1:O8:S1";"CONCOUR.002";"Préparation concours de la FVSP";"F3";"";"Événement";"CONCOUR";"DPS:G1";"JSP:1";"2027-05-06";"Jeudi";"18:30";"21:00";"Caserne G1";"C op";"Aucune session distincte";"1";"A_POSITIONNER";"classeur ligne 296";"HUMAN_REVIEW";"FERIE|VACANCES_SCOLAIRES";"HUMAN_REVIEW_CALENDAR:FERIE|VACANCES_SCOLAIRES";"OUI";"7 ligne(s) de même titre en 2026, sans lien source exact"
"2027";"QV26-PREPARATION-CONCOURS-DE-LA-FVSP-B8EB26E1:O8:S1";"CONCOUR.002";"Préparation concours de la FVSP";"F3";"";"Événement";"CONCOUR";"DPS:C1";"JSP:1";"2027-05-06";"Jeudi";"18:30";"21:00";"Caserne G1";"C op";"Aucune session distincte";"1";"A_POSITIONNER";"classeur ligne 296";"HUMAN_REVIEW";"FERIE|VACANCES_SCOLAIRES";"HUMAN_REVIEW_CALENDAR:FERIE|VACANCES_SCOLAIRES";"OUI";"7 ligne(s) de même titre en 2026, sans lien source exact"
"2027";"QV26-PREPARATION-CONCOURS-DE-LA-FVSP-B8EB26E1:O8:S1";"CONCOUR.002";"Préparation concours de la FVSP";"F3";"";"Événement";"CONCOUR";"DPS:B1";"JSP:1";"2027-05-06";"Jeudi";"18:30";"21:00";"Caserne G1";"C op";"Aucune session distincte";"1";"A_POSITIONNER";"classeur ligne 296";"HUMAN_REVIEW";"FERIE|VACANCES_SCOLAIRES";"HUMAN_REVIEW_CALENDAR:FERIE|VACANCES_SCOLAIRES";"OUI";"7 ligne(s) de même titre en 2026, sans lien source exact"
"2027";"QV26-PREPARATION-CONCOURS-DE-LA-FVSP-B8EB26E1:O8:S1";"CONCOUR.002";"Préparation concours de la FVSP";"F3";"";"Événement";"CONCOUR";"DPS:B2";"JSP:1";"2027-05-06";"Jeudi";"18:30";"21:00";"Caserne G1";"C op";"Aucune session distincte";"1";"A_POSITIONNER";"classeur ligne 296";"HUMAN_REVIEW";"FERIE|VACANCES_SCOLAIRES";"HUMAN_REVIEW_CALENDAR:FERIE|VACANCES_SCOLAIRES";"OUI";"7 ligne(s) de même titre en 2026, sans lien source exact"
"2027";"QV26-PREPARATION-COURS-DE-CADRES-SDIS-NORD-VAUDOIS-B96ED2B5:O1:S1";"0170F7.007";"Préparation cours de cadres SDIS Nord vaudois";"F7";"DPS";"Formation";"0170F7";"DPS:G1";"";"2027-03-09";"Mardi";"14:00";"17:00";"Caserne G1";"Cdt";"Aucune session distincte";"1";"A_POSITIONNER";"classeur ligne 110";"RECONDUIT";"";"OK_CALENDRIER_LOCAL";"NON";"Classeur 2026 ligne 110 ; date 2027 proposée, non validée par ce gate"
"2027";"QV26-PREPARATION-COURS-DE-CADRES-SDIS-NORD-VAUDOIS-B96ED2B5:O1:S1";"0170F7.007";"Préparation cours de cadres SDIS Nord vaudois";"F7";"DPS";"Formation";"0170F7";"DPS:C1";"";"2027-03-09";"Mardi";"14:00";"17:00";"Caserne G1";"Cdt";"Aucune session distincte";"1";"A_POSITIONNER";"classeur ligne 110";"RECONDUIT";"";"OK_CALENDRIER_LOCAL";"NON";"Classeur 2026 ligne 110 ; date 2027 proposée, non validée par ce gate"
"2027";"QV26-PREPARATION-COURS-DE-CADRES-SDIS-NORD-VAUDOIS-B96ED2B5:O1:S1";"0170F7.007";"Préparation cours de cadres SDIS Nord vaudois";"F7";"DPS";"Formation";"0170F7";"DPS:B1";"";"2027-03-09";"Mardi";"14:00";"17:00";"Caserne G1";"Cdt";"Aucune session distincte";"1";"A_POSITIONNER";"classeur ligne 110";"RECONDUIT";"";"OK_CALENDRIER_LOCAL";"NON";"Classeur 2026 ligne 110 ; date 2027 proposée, non validée par ce gate"
"2027";"QV26-PREPARATION-COURS-DE-CADRES-SDIS-NORD-VAUDOIS-B96ED2B5:O1:S1";"0170F7.007";"Préparation cours de cadres SDIS Nord vaudois";"F7";"DPS";"Formation";"0170F7";"DPS:B2";"";"2027-03-09";"Mardi";"14:00";"17:00";"Caserne G1";"Cdt";"Aucune session distincte";"1";"A_POSITIONNER";"classeur ligne 110";"RECONDUIT";"";"OK_CALENDRIER_LOCAL";"NON";"Classeur 2026 ligne 110 ; date 2027 proposée, non validée par ce gate"
"2027";"QV26-PREPARATION-XMAS-39727CE7:O1:S1";"040B1.002";"Préparation Xmas";"F4";"";"Événement";"040B1";"DPS:G1";"";"2027-11-24";"Mercredi";"18:00";"21:00";"Caserne G1";"C log";"Aucune session distincte";"1";"A_POSITIONNER";"classeur ligne 814";"HUMAN_REVIEW";"";"OK_CALENDRIER_LOCAL";"OUI";"4 ligne(s) de même titre en 2026, sans lien source exact"
"2027";"QV26-RECONNAISSANCE-DPS-C5EFD73F:O1:S1";"0173F7.001";"Reconnaissance DPS";"F7";"DPS";"Événement";"0173F7";"DPS:C1";"";"2027-06-03";"Jeudi";"19:00";"21:30";"Caserne C1";"C op";"Aucune session distincte";"1";"A_POSITIONNER";"classeur ligne 374";"RECONDUIT";"";"OK_CALENDRIER_LOCAL";"NON";"Classeur 2026 ligne 374 ; date 2027 proposée, non validée par ce gate"
"2027";"QV26-RECONNAISSANCE-DPS-C5EFD73F:O2:S1";"0173F7.001";"Reconnaissance DPS";"F7";"DPS";"Événement";"0173F7";"DPS:B1";"";"2027-06-03";"Jeudi";"19:00";"21:30";"Caserne B1";"C op";"Aucune session distincte";"1";"A_POSITIONNER";"classeur ligne 377";"RECONDUIT";"";"OK_CALENDRIER_LOCAL";"NON";"Classeur 2026 ligne 377 ; date 2027 proposée, non validée par ce gate"
"2027";"QV26-RECONNAISSANCE-DPS-C5EFD73F:O3:S1";"0173F7.001";"Reconnaissance DPS";"F7";"DPS";"Événement";"0173F7";"DPS:B2";"";"2027-06-03";"Jeudi";"19:00";"21:30";"Caserne B2";"C op";"Aucune session distincte";"1";"A_POSITIONNER";"classeur ligne 378";"RECONDUIT";"";"OK_CALENDRIER_LOCAL";"NON";"Classeur 2026 ligne 378 ; date 2027 proposée, non validée par ce gate"
"2027";"QV26-RECRUTEMENT-CANTONAL-62C39398:O1:S1";"070F0.008";"Recrutement cantonal";"F0";"DPS";"Événement";"070F0";"DPS:G1";"";"2027-11-04";"Jeudi";"19:00";"21:00";"Caserne G1";"Cdt";"Aucune session distincte";"1";"A_POSITIONNER";"classeur ligne 769";"RECONDUIT";"";"OK_CALENDRIER_LOCAL";"NON";"Classeur 2026 ligne 769 ; date 2027 proposée, non validée par ce gate"
"2027";"QV26-REFRESH-CI-1A3A4D1F:O1:S1";"0173F7.002";"Refresh CI";"F7";"DPS";"Événement";"0173F7";"DPS:G1";"";"2027-11-30";"Mardi";"19:00";"22:00";"Caserne SDIS";"Cdt";"Aucune session distincte";"1";"A_POSITIONNER";"classeur ligne 828";"HUMAN_REVIEW";"";"OK_CALENDRIER_LOCAL";"OUI";"Aucune correspondance 2026 exacte prouvée"
"2027";"QV26-REFRESH-CI-1A3A4D1F:O1:S1";"0173F7.002";"Refresh CI";"F7";"DPS";"Événement";"0173F7";"DPS:C1";"";"2027-11-30";"Mardi";"19:00";"22:00";"Caserne SDIS";"Cdt";"Aucune session distincte";"1";"A_POSITIONNER";"classeur ligne 828";"HUMAN_REVIEW";"";"OK_CALENDRIER_LOCAL";"OUI";"Aucune correspondance 2026 exacte prouvée"
"2027";"QV26-REFRESH-CI-1A3A4D1F:O1:S1";"0173F7.002";"Refresh CI";"F7";"DPS";"Événement";"0173F7";"DPS:B1";"";"2027-11-30";"Mardi";"19:00";"22:00";"Caserne SDIS";"Cdt";"Aucune session distincte";"1";"A_POSITIONNER";"classeur ligne 828";"HUMAN_REVIEW";"";"OK_CALENDRIER_LOCAL";"OUI";"Aucune correspondance 2026 exacte prouvée"
"2027";"QV26-REFRESH-CI-1A3A4D1F:O1:S1";"0173F7.002";"Refresh CI";"F7";"DPS";"Événement";"0173F7";"DPS:B2";"";"2027-11-30";"Mardi";"19:00";"22:00";"Caserne SDIS";"Cdt";"Aucune session distincte";"1";"A_POSITIONNER";"classeur ligne 828";"HUMAN_REVIEW";"";"OK_CALENDRIER_LOCAL";"OUI";"Aucune correspondance 2026 exacte prouvée"
"2027";"QV26-REPAS-DU-PERMANENT-73FAEE93:O1:S1";"";"Repas du Permanent";"F3";"";"Événement";"";"DPS:G1";"";"2027-06-25";"Vendredi";"19:00";"23:00";"À définir";"Cdt";"Aucune session distincte";"1";"A_POSITIONNER";"classeur ligne 465";"RECONDUIT";"";"OK_CALENDRIER_LOCAL";"NON";"Classeur 2026 ligne 465 ; date 2027 proposée, non validée par ce gate"
"2027";"QV26-SEANCE-COMMISSION-D-INSTRUCTION-C422B338:O1:S1";"070F7.001";"Séance commission d'instruction";"F7";"DPS";"Instruction";"070F7";"DPS:G1";"";"2027-06-17";"Jeudi";"16:00";"18:00";"Caserne G1";"C for";"Aucune session distincte";"1";"A_POSITIONNER";"classeur ligne 429";"RECONDUIT";"";"OK_CALENDRIER_LOCAL";"NON";"Classeur 2026 ligne 429 ; date 2027 proposée, non validée par ce gate"
"2027";"QV26-SEANCE-COMMISSION-D-INSTRUCTION-C422B338:O2:S1";"070F7.001";"Séance commission d'instruction";"F7";"DPS";"Instruction";"070F7";"DPS:G1";"";"2027-11-01";"Lundi";"14:00";"17:00";"Caserne G1";"C for";"Aucune session distincte";"1";"A_POSITIONNER";"classeur ligne 758";"HUMAN_REVIEW";"";"OK_CALENDRIER_LOCAL";"OUI";"1 ligne(s) de même titre en 2026, sans lien source exact"
"2027";"QV26-SEANCE-DE-PREPARATION-TELETHON-566F5A97:O1:S1";"070F23.003";"Séance de préparation Téléthon";"F3";"";"Événement";"070F23";"DPS:G1";"JSP:1";"2027-08-23";"Lundi";"18:00";"20:00";"Caserne G1";"QM";"Aucune session distincte";"1";"A_POSITIONNER";"classeur ligne 525";"RECONDUIT";"";"OK_CALENDRIER_LOCAL";"NON";"Classeur 2026 ligne 525 ; date 2027 proposée, non validée par ce gate"
"2027";"QV26-SEANCE-DE-PREPARATION-TELETHON-566F5A97:O1:S1";"070F23.003";"Séance de préparation Téléthon";"F3";"";"Événement";"070F23";"DPS:C1";"JSP:1";"2027-08-23";"Lundi";"18:00";"20:00";"Caserne G1";"QM";"Aucune session distincte";"1";"A_POSITIONNER";"classeur ligne 525";"RECONDUIT";"";"OK_CALENDRIER_LOCAL";"NON";"Classeur 2026 ligne 525 ; date 2027 proposée, non validée par ce gate"
"2027";"QV26-SEANCE-DE-PREPARATION-TELETHON-566F5A97:O1:S1";"070F23.003";"Séance de préparation Téléthon";"F3";"";"Événement";"070F23";"DPS:B1";"JSP:1";"2027-08-23";"Lundi";"18:00";"20:00";"Caserne G1";"QM";"Aucune session distincte";"1";"A_POSITIONNER";"classeur ligne 525";"RECONDUIT";"";"OK_CALENDRIER_LOCAL";"NON";"Classeur 2026 ligne 525 ; date 2027 proposée, non validée par ce gate"
"2027";"QV26-SEANCE-DE-PREPARATION-TELETHON-566F5A97:O1:S1";"070F23.003";"Séance de préparation Téléthon";"F3";"";"Événement";"070F23";"DPS:B2";"JSP:1";"2027-08-23";"Lundi";"18:00";"20:00";"Caserne G1";"QM";"Aucune session distincte";"1";"A_POSITIONNER";"classeur ligne 525";"RECONDUIT";"";"OK_CALENDRIER_LOCAL";"NON";"Classeur 2026 ligne 525 ; date 2027 proposée, non validée par ce gate"
"2027";"QV26-SEANCE-DE-PREPARATION-TELETHON-566F5A97:O1:S1";"070F23.003";"Séance de préparation Téléthon";"F3";"";"Événement";"070F23";"DAP:Y1";"JSP:1";"2027-08-23";"Lundi";"18:00";"20:00";"Caserne G1";"QM";"Aucune session distincte";"1";"A_POSITIONNER";"classeur ligne 525";"RECONDUIT";"";"OK_CALENDRIER_LOCAL";"NON";"Classeur 2026 ligne 525 ; date 2027 proposée, non validée par ce gate"
"2027";"QV26-SEANCE-DE-PREPARATION-TELETHON-566F5A97:O1:S1";"070F23.003";"Séance de préparation Téléthon";"F3";"";"Événement";"070F23";"DAP:Y2";"JSP:1";"2027-08-23";"Lundi";"18:00";"20:00";"Caserne G1";"QM";"Aucune session distincte";"1";"A_POSITIONNER";"classeur ligne 525";"RECONDUIT";"";"OK_CALENDRIER_LOCAL";"NON";"Classeur 2026 ligne 525 ; date 2027 proposée, non validée par ce gate"
"2027";"QV26-SEANCE-DE-PREPARATION-TELETHON-566F5A97:O1:S1";"070F23.003";"Séance de préparation Téléthon";"F3";"";"Événement";"070F23";"DAP:Y3";"JSP:1";"2027-08-23";"Lundi";"18:00";"20:00";"Caserne G1";"QM";"Aucune session distincte";"1";"A_POSITIONNER";"classeur ligne 525";"RECONDUIT";"";"OK_CALENDRIER_LOCAL";"NON";"Classeur 2026 ligne 525 ; date 2027 proposée, non validée par ce gate"
"2027";"QV26-SEANCE-DE-PREPARATION-TELETHON-566F5A97:O1:S1";"070F23.003";"Séance de préparation Téléthon";"F3";"";"Événement";"070F23";"DAP:Y4";"JSP:1";"2027-08-23";"Lundi";"18:00";"20:00";"Caserne G1";"QM";"Aucune session distincte";"1";"A_POSITIONNER";"classeur ligne 525";"RECONDUIT";"";"OK_CALENDRIER_LOCAL";"NON";"Classeur 2026 ligne 525 ; date 2027 proposée, non validée par ce gate"
"2027";"QV26-SEANCE-OSR-69425BF1:O1:S1";"070F0.009";"Séance OSR";"F0";"";"Événement";"070F0";"DPS:G1";"";"2027-05-10";"Lundi";"15:00";"17:00";"Caserne G1";"Cdt";"Aucune session distincte";"1";"A_POSITIONNER";"classeur ligne 305";"RECONDUIT";"";"OK_CALENDRIER_LOCAL";"NON";"Classeur 2026 ligne 305 ; date 2027 proposée, non validée par ce gate"
"2027";"QV26-SEANCE-OSR-69425BF1:O2:S1";"070F0.009";"Séance OSR";"F0";"";"Événement";"070F0";"DPS:G1";"";"2027-12-13";"Lundi";"15:00";"17:00";"Caserne G1";"Cdt";"Aucune session distincte";"1";"A_POSITIONNER";"classeur ligne 848";"RECONDUIT";"";"OK_CALENDRIER_LOCAL";"NON";"Classeur 2026 ligne 848 ; date 2027 proposée, non validée par ce gate"
"2027";"QV26-SEANCE-PHOTO-DU-PERSONNEL-DPS-B724AB97:O1:S1";"070F56.005";"Séance photo du personnel DPS";"F6";"";"Événement";"070F56";"DPS:G1";"";"2027-04-21";"Mercredi";"18:30";"19:00";"Caserne G1";"C site";"Aucune session distincte";"1";"A_POSITIONNER";"classeur ligne 251";"RECONDUIT";"";"OK_CALENDRIER_LOCAL";"NON";"Classeur 2026 ligne 251 ; date 2027 proposée, non validée par ce gate"
"2027";"QV26-SEANCE-PHOTO-PERSONNEL-DPS-B1-BA4C9FBB:O1:S1";"070F56.006";"Séance photo personnel DPS B1";"F6";"";"Événement";"070F56";"DPS:B1";"";"2027-09-16";"Jeudi";"18:30";"19:00";"Caserne B1";"C site";"Aucune session distincte";"1";"A_POSITIONNER";"classeur ligne 633";"RECONDUIT";"";"OK_CALENDRIER_LOCAL";"NON";"Classeur 2026 ligne 633 ; date 2027 proposée, non validée par ce gate"
"2027";"QV26-SEANCE-PHOTO-PERSONNEL-DPS-B2-C4D907C6:O1:S1";"070F56.007";"Séance photo personnel DPS B2";"F6";"";"Événement";"070F56";"DPS:B2";"";"2027-09-16";"Jeudi";"18:30";"19:00";"Caserne B2";"C site";"Aucune session distincte";"1";"A_POSITIONNER";"classeur ligne 634";"RECONDUIT";"";"OK_CALENDRIER_LOCAL";"NON";"Classeur 2026 ligne 634 ; date 2027 proposée, non validée par ce gate"
"2027";"QV26-SEANCE-PHOTO-PERSONNEL-DPS-C1-D4083E20:O1:S1";"070F56.008";"Séance photo personnel DPS C1";"F6";"";"Événement";"070F56";"DPS:C1";"";"2027-09-16";"Jeudi";"18:30";"19:00";"Caserne C1";"C site";"Aucune session distincte";"1";"A_POSITIONNER";"classeur ligne 632";"RECONDUIT";"";"OK_CALENDRIER_LOCAL";"NON";"Classeur 2026 ligne 632 ; date 2027 proposée, non validée par ce gate"
"2027";"QV26-SECURITE-FEU-FETE-MEDIEVALE-5917D3F5:O1:S1";"030C1.001";"Sécurité feu · Fête Médiévale";"DPS";"DPS";"Événement";"030C1";"DPS:C1";"";"2027-08-07";"Samedi";"13:30";"18:30";"Caserne C1";"C site";"Aucune session distincte";"1";"A_POSITIONNER";"classeur ligne 493";"RECONDUIT";"VACANCES_SCOLAIRES";"HUMAN_REVIEW_CALENDAR:VACANCES_SCOLAIRES";"OUI";"Classeur 2026 ligne 493 ; date 2027 proposée, non validée par ce gate"
"2027";"QV26-SECURITE-FEU-FETE-MEDIEVALE-5917D3F5:O2:S1";"030C1.001";"Sécurité feu · Fête Médiévale";"DPS";"DPS";"Événement";"030C1";"DPS:C1";"";"2027-08-07";"Samedi";"18:00";"23:00";"Caserne C1";"C site";"Aucune session distincte";"1";"A_POSITIONNER";"classeur ligne 494";"RECONDUIT";"VACANCES_SCOLAIRES";"HUMAN_REVIEW_CALENDAR:VACANCES_SCOLAIRES";"OUI";"Classeur 2026 ligne 494 ; date 2027 proposée, non validée par ce gate"
"2027";"QV26-SECURITE-FEU-FETE-MEDIEVALE-5917D3F5:O3:S1";"030C1.001";"Sécurité feu · Fête Médiévale";"DPS";"DPS";"Événement";"030C1";"DPS:C1";"";"2027-08-08";"Dimanche";"09:00";"13:30";"Caserne C1";"C site";"Aucune session distincte";"1";"A_POSITIONNER";"classeur ligne 495";"RECONDUIT";"VACANCES_SCOLAIRES";"HUMAN_REVIEW_CALENDAR:VACANCES_SCOLAIRES";"OUI";"Classeur 2026 ligne 495 ; date 2027 proposée, non validée par ce gate"
"2027";"QV26-SECURITE-FEU-FETE-MEDIEVALE-5917D3F5:O4:S1";"030C1.001";"Sécurité feu · Fête Médiévale";"DPS";"DPS";"Événement";"030C1";"DPS:C1";"";"2027-08-08";"Dimanche";"13:00";"17:00";"Caserne C1";"C site";"Aucune session distincte";"1";"A_POSITIONNER";"classeur ligne 496";"RECONDUIT";"VACANCES_SCOLAIRES";"HUMAN_REVIEW_CALENDAR:VACANCES_SCOLAIRES";"OUI";"Classeur 2026 ligne 496 ; date 2027 proposée, non validée par ce gate"
"2027";"QV26-SECURITE-FEU-FETE-NATIONALE-C29B7F0B:O1:S1";"030C1.002";"Sécurité feu・Fête Nationale";"DPS";"DPS";"Événement";"030C1";"DPS:C1";"";"2027-07-30";"Vendredi";"18:00";"23:00";"Caserne C1";"C site";"Aucune session distincte";"1";"A_POSITIONNER";"classeur ligne 485";"RECONDUIT";"VACANCES_SCOLAIRES";"HUMAN_REVIEW_CALENDAR:VACANCES_SCOLAIRES";"OUI";"Classeur 2026 ligne 485 ; date 2027 proposée, non validée par ce gate"
"2027";"QV26-SECURITE-FEU-LES-ZOTRES-BRANDONS-D97AC03D:O1:S1";"030C1.003";"Sécurité feu・les Zôtres Brandons";"DPS";"DPS";"Événement";"030C1";"DPS:C1";"";"2027-02-27";"Samedi";"19:00";"22:00";"Caserne C1";"C site";"Aucune session distincte";"1";"A_POSITIONNER";"classeur ligne 63";"RECONDUIT";"";"OK_CALENDRIER_LOCAL";"NON";"Classeur 2026 ligne 63 ; date 2027 proposée, non validée par ce gate"
"2027";"QV26-SOUPER-ANNUEL-31E8AC57:O1:S1";"070F1.009";"Souper annuel";"F3";"";"Événement";"070F1";"DPS:G1";"FOBA:1";"2027-12-03";"Vendredi";"19:00";"23:00";"Caserne G1";"C site";"Aucune session distincte";"1";"A_POSITIONNER";"classeur ligne 832";"RECONDUIT";"";"OK_CALENDRIER_LOCAL";"NON";"Classeur 2026 ligne 832 ; date 2027 proposée, non validée par ce gate"
"2027";"QV26-SOUPER-ANNUEL-31E8AC57:O2:S1";"070F1.009";"Souper annuel";"F3";"";"Événement";"070F1";"DPS:B2";"FOBA:1";"2027-12-10";"Vendredi";"19:00";"23:00";"Caserne B2";"C site";"Aucune session distincte";"1";"A_POSITIONNER";"classeur ligne 844";"RECONDUIT";"";"OK_CALENDRIER_LOCAL";"NON";"Classeur 2026 ligne 844 ; date 2027 proposée, non validée par ce gate"
"2027";"QV26-TELETHON-BA07D05D:O1:S1";"";"Téléthon";"F3";"";"Événement";"";"DPS:G1";"FOBA:1, JSP:1";"2027-12-04";"Samedi";"07:30";"17:00";"SDIS NV";"QM";"Aucune session distincte";"1";"A_POSITIONNER";"classeur ligne 833";"RECONDUIT";"";"OK_CALENDRIER_LOCAL";"NON";"Classeur 2026 ligne 833 ; date 2027 proposée, non validée par ce gate"
"2027";"QV26-TELETHON-BA07D05D:O1:S1";"";"Téléthon";"F3";"";"Événement";"";"DPS:C1";"FOBA:1, JSP:1";"2027-12-04";"Samedi";"07:30";"17:00";"SDIS NV";"QM";"Aucune session distincte";"1";"A_POSITIONNER";"classeur ligne 833";"RECONDUIT";"";"OK_CALENDRIER_LOCAL";"NON";"Classeur 2026 ligne 833 ; date 2027 proposée, non validée par ce gate"
"2027";"QV26-TELETHON-BA07D05D:O1:S1";"";"Téléthon";"F3";"";"Événement";"";"DPS:B1";"FOBA:1, JSP:1";"2027-12-04";"Samedi";"07:30";"17:00";"SDIS NV";"QM";"Aucune session distincte";"1";"A_POSITIONNER";"classeur ligne 833";"RECONDUIT";"";"OK_CALENDRIER_LOCAL";"NON";"Classeur 2026 ligne 833 ; date 2027 proposée, non validée par ce gate"
"2027";"QV26-TELETHON-BA07D05D:O1:S1";"";"Téléthon";"F3";"";"Événement";"";"DPS:B2";"FOBA:1, JSP:1";"2027-12-04";"Samedi";"07:30";"17:00";"SDIS NV";"QM";"Aucune session distincte";"1";"A_POSITIONNER";"classeur ligne 833";"RECONDUIT";"";"OK_CALENDRIER_LOCAL";"NON";"Classeur 2026 ligne 833 ; date 2027 proposée, non validée par ce gate"
"2027";"QV26-TELETHON-BA07D05D:O1:S1";"";"Téléthon";"F3";"";"Événement";"";"DAP:Y1";"FOBA:1, JSP:1";"2027-12-04";"Samedi";"07:30";"17:00";"SDIS NV";"QM";"Aucune session distincte";"1";"A_POSITIONNER";"classeur ligne 833";"RECONDUIT";"";"OK_CALENDRIER_LOCAL";"NON";"Classeur 2026 ligne 833 ; date 2027 proposée, non validée par ce gate"
"2027";"QV26-TELETHON-BA07D05D:O1:S1";"";"Téléthon";"F3";"";"Événement";"";"DAP:Y2";"FOBA:1, JSP:1";"2027-12-04";"Samedi";"07:30";"17:00";"SDIS NV";"QM";"Aucune session distincte";"1";"A_POSITIONNER";"classeur ligne 833";"RECONDUIT";"";"OK_CALENDRIER_LOCAL";"NON";"Classeur 2026 ligne 833 ; date 2027 proposée, non validée par ce gate"
"2027";"QV26-TELETHON-BA07D05D:O1:S1";"";"Téléthon";"F3";"";"Événement";"";"DAP:Y3";"FOBA:1, JSP:1";"2027-12-04";"Samedi";"07:30";"17:00";"SDIS NV";"QM";"Aucune session distincte";"1";"A_POSITIONNER";"classeur ligne 833";"RECONDUIT";"";"OK_CALENDRIER_LOCAL";"NON";"Classeur 2026 ligne 833 ; date 2027 proposée, non validée par ce gate"
"2027";"QV26-TELETHON-BA07D05D:O1:S1";"";"Téléthon";"F3";"";"Événement";"";"DAP:Y4";"FOBA:1, JSP:1";"2027-12-04";"Samedi";"07:30";"17:00";"SDIS NV";"QM";"Aucune session distincte";"1";"A_POSITIONNER";"classeur ligne 833";"RECONDUIT";"";"OK_CALENDRIER_LOCAL";"NON";"Classeur 2026 ligne 833 ; date 2027 proposée, non validée par ce gate"
"2027";"QV26-TEST-DE-SELECTION-NUOVO-F2DFA988:O1:S1";"070F1.010";"Test de sélection NUOVO";"DPS";"DPS";"Formation";"070F1";"DPS:G1";"";"2027-11-20";"Samedi";"07:00";"16:00";"Caserne G1";"QM";"Aucune session distincte";"1";"A_POSITIONNER";"classeur ligne 806";"RECONDUIT";"";"OK_CALENDRIER_LOCAL";"NON";"Classeur 2026 ligne 806 ; date 2027 proposée, non validée par ce gate"
"2027";"QV26-TEST-DE-SELECTION-NUOVO-F2DFA988:O1:S1";"070F1.010";"Test de sélection NUOVO";"DPS";"DPS";"Formation";"070F1";"DPS:C1";"";"2027-11-20";"Samedi";"07:00";"16:00";"Caserne G1";"QM";"Aucune session distincte";"1";"A_POSITIONNER";"classeur ligne 806";"RECONDUIT";"";"OK_CALENDRIER_LOCAL";"NON";"Classeur 2026 ligne 806 ; date 2027 proposée, non validée par ce gate"
"2027";"QV26-TEST-DE-SELECTION-NUOVO-F2DFA988:O1:S1";"070F1.010";"Test de sélection NUOVO";"DPS";"DPS";"Formation";"070F1";"DPS:B1";"";"2027-11-20";"Samedi";"07:00";"16:00";"Caserne G1";"QM";"Aucune session distincte";"1";"A_POSITIONNER";"classeur ligne 806";"RECONDUIT";"";"OK_CALENDRIER_LOCAL";"NON";"Classeur 2026 ligne 806 ; date 2027 proposée, non validée par ce gate"
"2027";"QV26-TIR-INTER-UNITES-E27F621E:O1:S1";"073F56.003";"Tir inter-unités";"F3";"";"Événement";"073F56";"DPS:G1";"";"2027-09-03";"Vendredi";"08:00";"12:00";"Stand de tir";"Cdt";"Aucune session distincte";"1";"A_POSITIONNER";"classeur ligne 575";"RECONDUIT";"";"OK_CALENDRIER_LOCAL";"NON";"Classeur 2026 ligne 575 ; date 2027 proposée, non validée par ce gate"
"2027";"QV26-TOUR-DE-FRANCE-FEMMES-26-4BF12176:O1:S1";"071F3.004";"Tour de France Femmes '26";"F3";"DPS";"Événement";"071F3";"DPS:G1";"";"2027-07-31";"Samedi";"09:00";"18:00";"SDIS NV";"C op";"Aucune session distincte";"1";"A_POSITIONNER";"classeur ligne 487";"RECONDUIT";"WEEKEND_FERIE|VEILLE_FERIE|VACANCES_SCOLAIRES";"HUMAN_REVIEW_CALENDAR:WEEKEND_FERIE|VEILLE_FERIE|VACANCES_SCOLAIRES";"OUI";"Classeur 2026 ligne 487 ; date 2027 proposée, non validée par ce gate"
"2027";"QV26-TOUR-DE-FRANCE-FEMMES-26-4BF12176:O1:S1";"071F3.004";"Tour de France Femmes '26";"F3";"DPS";"Événement";"071F3";"DPS:C1";"";"2027-07-31";"Samedi";"09:00";"18:00";"SDIS NV";"C op";"Aucune session distincte";"1";"A_POSITIONNER";"classeur ligne 487";"RECONDUIT";"WEEKEND_FERIE|VEILLE_FERIE|VACANCES_SCOLAIRES";"HUMAN_REVIEW_CALENDAR:WEEKEND_FERIE|VEILLE_FERIE|VACANCES_SCOLAIRES";"OUI";"Classeur 2026 ligne 487 ; date 2027 proposée, non validée par ce gate"
"2027";"QV26-TOUR-DE-FRANCE-FEMMES-26-4BF12176:O1:S1";"071F3.004";"Tour de France Femmes '26";"F3";"DPS";"Événement";"071F3";"DPS:B1";"";"2027-07-31";"Samedi";"09:00";"18:00";"SDIS NV";"C op";"Aucune session distincte";"1";"A_POSITIONNER";"classeur ligne 487";"RECONDUIT";"WEEKEND_FERIE|VEILLE_FERIE|VACANCES_SCOLAIRES";"HUMAN_REVIEW_CALENDAR:WEEKEND_FERIE|VEILLE_FERIE|VACANCES_SCOLAIRES";"OUI";"Classeur 2026 ligne 487 ; date 2027 proposée, non validée par ce gate"
"2027";"QV26-TOUR-DE-FRANCE-FEMMES-26-4BF12176:O1:S1";"071F3.004";"Tour de France Femmes '26";"F3";"DPS";"Événement";"071F3";"DPS:B2";"";"2027-07-31";"Samedi";"09:00";"18:00";"SDIS NV";"C op";"Aucune session distincte";"1";"A_POSITIONNER";"classeur ligne 487";"RECONDUIT";"WEEKEND_FERIE|VEILLE_FERIE|VACANCES_SCOLAIRES";"HUMAN_REVIEW_CALENDAR:WEEKEND_FERIE|VEILLE_FERIE|VACANCES_SCOLAIRES";"OUI";"Classeur 2026 ligne 487 ; date 2027 proposée, non validée par ce gate"
"2027";"QV26-VISION-LOCALE-DPS-EA8354D4:O1:S1";"070F4.003";"Vision locale DPS";"F4";"";"Événement";"070F4";"DPS:B2";"";"2027-03-09";"Mardi";"18:00";"19:00";"Caserne B2";"C log";"Aucune session distincte";"1";"A_POSITIONNER";"classeur ligne 115";"RECONDUIT";"";"OK_CALENDRIER_LOCAL";"NON";"Classeur 2026 ligne 115 ; date 2027 proposée, non validée par ce gate"
"2027";"QV26-VISION-LOCALE-DPS-EA8354D4:O2:S1";"070F4.003";"Vision locale DPS";"F4";"";"Événement";"070F4";"DPS:B1";"";"2027-03-22";"Lundi";"18:00";"19:00";"Caserne B1";"C log";"Aucune session distincte";"1";"A_POSITIONNER";"classeur ligne 180";"RECONDUIT";"";"OK_CALENDRIER_LOCAL";"NON";"Classeur 2026 ligne 180 ; date 2027 proposée, non validée par ce gate"
"2027";"QV26-VISION-LOCALE-DPS-EA8354D4:O3:S1";"070F4.003";"Vision locale DPS";"F4";"";"Événement";"070F4";"DPS:C1";"";"2027-03-30";"Mardi";"18:00";"19:00";"Caserne C1";"C log";"Aucune session distincte";"1";"A_POSITIONNER";"classeur ligne 208";"RECONDUIT";"VACANCES_SCOLAIRES";"HUMAN_REVIEW_CALENDAR:VACANCES_SCOLAIRES";"OUI";"Classeur 2026 ligne 208 ; date 2027 proposée, non validée par ce gate"
"2027";"QV26-COURS-DE-CADRES-EXERCICE-DAP-1-871DAD30:O1:S1";"013Y1.001";"Cours de cadres exercice DAP 1";"F7";"DAP";"Exercice";"013Y1";"DAP:Y1";"";"2027-02-04";"Jeudi";"19:00";"21:30";"Local Y1";"C sct";"Aucune session distincte";"1";"A_POSITIONNER";"classeur ligne 9";"RECONDUIT";"";"OK_CALENDRIER_LOCAL";"NON";"Classeur 2026 ligne 9 ; date 2027 proposée, non validée par ce gate"
"2027";"QV26-COURS-DE-CADRES-EXERCICE-DAP-1-871DAD30:O2:S1";"013Y1.001";"Cours de cadres exercice DAP 1";"F7";"DAP";"Exercice";"013Y1";"DAP:Y2";"";"2027-02-16";"Mardi";"19:00";"21:30";"Local Y2";"C sct";"Aucune session distincte";"1";"A_POSITIONNER";"classeur ligne 20";"HUMAN_REVIEW";"";"OK_CALENDRIER_LOCAL";"OUI";"4 ligne(s) de même titre en 2026, sans lien source exact"
"2027";"QV26-COURS-DE-CADRES-EXERCICE-DAP-1-871DAD30:O3:S1";"013Y1.001";"Cours de cadres exercice DAP 1";"F7";"DAP";"Exercice";"013Y1";"DAP:Y3";"";"2027-03-08";"Lundi";"19:00";"21:30";"Local Y3";"C sct";"Aucune session distincte";"1";"A_POSITIONNER";"classeur ligne 108";"HUMAN_REVIEW";"";"OK_CALENDRIER_LOCAL";"OUI";"4 ligne(s) de même titre en 2026, sans lien source exact"
"2027";"QV26-COURS-DE-CADRES-EXERCICE-DAP-1-871DAD30:O4:S1";"013Y1.001";"Cours de cadres exercice DAP 1";"F7";"DAP";"Exercice";"013Y1";"DAP:Y4";"";"2027-03-10";"Mercredi";"19:00";"21:30";"Local Y4";"C sct";"Aucune session distincte";"1";"A_POSITIONNER";"classeur ligne 126";"HUMAN_REVIEW";"";"OK_CALENDRIER_LOCAL";"OUI";"4 ligne(s) de même titre en 2026, sans lien source exact"
"2027";"QV26-COURS-DE-CADRES-EXERCICE-DAP-2-1E456232:O1:S1";"013Y1.002";"Cours de cadres exercice DAP 2";"F7";"DAP";"Exercice";"013Y1";"DAP:Y2";"";"2027-03-03";"Mercredi";"19:00";"21:30";"Local Y2";"C sct";"Aucune session distincte";"1";"A_POSITIONNER";"classeur ligne 83";"HUMAN_REVIEW";"";"OK_CALENDRIER_LOCAL";"OUI";"4 ligne(s) de même titre en 2026, sans lien source exact"
"2027";"QV26-COURS-DE-CADRES-EXERCICE-DAP-2-1E456232:O2:S1";"013Y1.002";"Cours de cadres exercice DAP 2";"F7";"DAP";"Exercice";"013Y1";"DAP:Y1";"";"2027-03-18";"Jeudi";"19:00";"21:30";"Local Y1";"C sct";"Aucune session distincte";"1";"A_POSITIONNER";"classeur ligne 167";"RECONDUIT";"";"OK_CALENDRIER_LOCAL";"NON";"Classeur 2026 ligne 167 ; date 2027 proposée, non validée par ce gate"
"2027";"QV26-COURS-DE-CADRES-EXERCICE-DAP-2-1E456232:O3:S1";"013Y1.002";"Cours de cadres exercice DAP 2";"F7";"DAP";"Exercice";"013Y1";"DAP:Y3";"";"2027-04-14";"Mercredi";"19:00";"21:30";"Local Y3";"C sct";"Aucune session distincte";"1";"A_POSITIONNER";"classeur ligne 235";"HUMAN_REVIEW";"";"OK_CALENDRIER_LOCAL";"OUI";"4 ligne(s) de même titre en 2026, sans lien source exact"
"2027";"QV26-COURS-DE-CADRES-EXERCICE-DAP-2-1E456232:O4:S1";"013Y1.002";"Cours de cadres exercice DAP 2";"F7";"DAP";"Exercice";"013Y1";"DAP:Y4";"";"2027-04-20";"Mardi";"19:00";"21:30";"Local Y4";"C sct";"Aucune session distincte";"1";"A_POSITIONNER";"classeur ligne 248";"HUMAN_REVIEW";"";"OK_CALENDRIER_LOCAL";"OUI";"4 ligne(s) de même titre en 2026, sans lien source exact"
"2027";"QV26-COURS-DE-CADRES-EXERCICE-DAP-3-8C02654D:O1:S1";"013Y1.003";"Cours de cadres exercice DAP 3";"F7";"DAP";"Exercice";"013Y1";"DAP:Y2";"";"2027-04-10";"Samedi";"19:00";"21:30";"Local Y2";"C sct";"Aucune session distincte";"1";"A_POSITIONNER";"classeur ligne 231";"HUMAN_REVIEW";"VACANCES_SCOLAIRES";"HUMAN_REVIEW_CALENDAR:VACANCES_SCOLAIRES";"OUI";"4 ligne(s) de même titre en 2026, sans lien source exact"
"2027";"QV26-COURS-DE-CADRES-EXERCICE-DAP-3-8C02654D:O2:S1";"013Y1.003";"Cours de cadres exercice DAP 3";"F7";"DAP";"Exercice";"013Y1";"DAP:Y3";"";"2027-05-10";"Lundi";"19:00";"21:30";"Local Y3";"C sct";"Aucune session distincte";"1";"A_POSITIONNER";"classeur ligne 308";"HUMAN_REVIEW";"";"OK_CALENDRIER_LOCAL";"OUI";"4 ligne(s) de même titre en 2026, sans lien source exact"
"2027";"QV26-COURS-DE-CADRES-EXERCICE-DAP-3-8C02654D:O3:S1";"013Y1.003";"Cours de cadres exercice DAP 3";"F7";"DAP";"Exercice";"013Y1";"DAP:Y1";"";"2027-05-20";"Jeudi";"19:00";"21:30";"Local Y1";"C sct";"Aucune session distincte";"1";"A_POSITIONNER";"classeur ligne 334";"RECONDUIT";"";"OK_CALENDRIER_LOCAL";"NON";"Classeur 2026 ligne 334 ; date 2027 proposée, non validée par ce gate"
"2027";"QV26-COURS-DE-CADRES-EXERCICE-DAP-3-8C02654D:O4:S1";"013Y1.003";"Cours de cadres exercice DAP 3";"F7";"DAP";"Exercice";"013Y1";"DAP:Y4";"";"2027-09-02";"Jeudi";"19:00";"21:30";"Local Y4";"C sct";"Aucune session distincte";"1";"A_POSITIONNER";"classeur ligne 571";"HUMAN_REVIEW";"";"OK_CALENDRIER_LOCAL";"OUI";"4 ligne(s) de même titre en 2026, sans lien source exact"
"2027";"QV26-COURS-DE-CADRES-EXERCICE-DAP-4-CF22E79B:O1:S1";"013Y1.004";"Cours de cadres exercice DAP 4";"F7";"DAP";"Exercice";"013Y1";"DAP:Y1";"";"2027-08-05";"Jeudi";"19:00";"21:30";"Local Y1";"C sct";"Aucune session distincte";"1";"A_POSITIONNER";"classeur ligne 489";"RECONDUIT";"VACANCES_SCOLAIRES";"HUMAN_REVIEW_CALENDAR:VACANCES_SCOLAIRES";"OUI";"Classeur 2026 ligne 489 ; date 2027 proposée, non validée par ce gate"
"2027";"QV26-COURS-DE-CADRES-EXERCICE-DAP-4-CF22E79B:O2:S1";"013Y1.004";"Cours de cadres exercice DAP 4";"F7";"DAP";"Exercice";"013Y1";"DAP:Y2";"";"2027-08-05";"Jeudi";"19:00";"21:30";"Local Y2";"C sct";"Aucune session distincte";"1";"A_POSITIONNER";"classeur ligne 490";"HUMAN_REVIEW";"VACANCES_SCOLAIRES";"HUMAN_REVIEW_CALENDAR:VACANCES_SCOLAIRES";"OUI";"4 ligne(s) de même titre en 2026, sans lien source exact"
"2027";"QV26-COURS-DE-CADRES-EXERCICE-DAP-4-CF22E79B:O3:S1";"013Y1.004";"Cours de cadres exercice DAP 4";"F7";"DAP";"Exercice";"013Y1";"DAP:Y4";"";"2027-09-15";"Mercredi";"19:00";"21:30";"Local Y4";"C sct";"Aucune session distincte";"1";"A_POSITIONNER";"classeur ligne 628";"HUMAN_REVIEW";"";"OK_CALENDRIER_LOCAL";"OUI";"4 ligne(s) de même titre en 2026, sans lien source exact"
"2027";"QV26-EXERCICE-DAP-1-9890D687:O1:S1";"013Y1.005";"Exercice DAP 1";"F7";"DAP";"Exercice";"013Y1";"DAP:Y1";"FOBA:2";"2027-03-11";"Jeudi";"19:00";"21:30";"Local Y1";"C sct";"Aucune session distincte";"1";"A_POSITIONNER";"classeur ligne 131";"RECONDUIT";"";"OK_CALENDRIER_LOCAL";"NON";"Classeur 2026 ligne 131 ; date 2027 proposée, non validée par ce gate"
"2027";"QV26-EXERCICE-DAP-1-9890D687:O2:S1";"013Y1.005";"Exercice DAP 1";"F7";"DAP";"Exercice";"013Y1";"DAP:Y2";"FOBA:2";"2027-03-16";"Mardi";"19:00";"21:30";"Local Y2";"C sct";"Aucune session distincte";"1";"A_POSITIONNER";"classeur ligne 153";"HUMAN_REVIEW";"";"OK_CALENDRIER_LOCAL";"OUI";"4 ligne(s) de même titre en 2026, sans lien source exact"
"2027";"QV26-EXERCICE-DAP-1-9890D687:O3:S1";"013Y1.005";"Exercice DAP 1";"F7";"DAP";"Exercice";"013Y1";"DAP:Y3";"FOBA:2";"2027-03-18";"Jeudi";"19:00";"21:30";"Local Y3";"C sct";"Aucune session distincte";"1";"A_POSITIONNER";"classeur ligne 168";"HUMAN_REVIEW";"";"OK_CALENDRIER_LOCAL";"OUI";"4 ligne(s) de même titre en 2026, sans lien source exact"
"2027";"QV26-EXERCICE-DAP-1-9890D687:O4:S1";"013Y1.005";"Exercice DAP 1";"F7";"DAP";"Exercice";"013Y1";"DAP:Y4";"FOBA:2";"2027-03-30";"Mardi";"19:00";"21:30";"Local Y4";"C sct";"Aucune session distincte";"1";"A_POSITIONNER";"classeur ligne 209";"HUMAN_REVIEW";"VACANCES_SCOLAIRES";"HUMAN_REVIEW_CALENDAR:VACANCES_SCOLAIRES";"OUI";"4 ligne(s) de même titre en 2026, sans lien source exact"
"2027";"QV26-EXERCICE-DAP-2-6285EF74:O1:S1";"013Y1.006";"Exercice DAP 2";"F7";"DAP";"Exercice";"013Y1";"DAP:Y2";"";"2027-04-07";"Mercredi";"19:00";"21:30";"Local Y2";"C sct";"Aucune session distincte";"1";"A_POSITIONNER";"classeur ligne 226";"HUMAN_REVIEW";"VACANCES_SCOLAIRES";"HUMAN_REVIEW_CALENDAR:VACANCES_SCOLAIRES";"OUI";"4 ligne(s) de même titre en 2026, sans lien source exact"
"2027";"QV26-EXERCICE-DAP-2-6285EF74:O2:S1";"013Y1.006";"Exercice DAP 2";"F7";"DAP";"Exercice";"013Y1";"DAP:Y3";"";"2027-04-20";"Mardi";"19:00";"21:30";"Local Y3";"C sct";"Aucune session distincte";"1";"A_POSITIONNER";"classeur ligne 247";"HUMAN_REVIEW";"";"OK_CALENDRIER_LOCAL";"OUI";"4 ligne(s) de même titre en 2026, sans lien source exact"
"2027";"QV26-EXERCICE-DAP-2-6285EF74:O3:S1";"013Y1.006";"Exercice DAP 2";"F7";"DAP";"Exercice";"013Y1";"DAP:Y1";"";"2027-04-22";"Jeudi";"19:00";"21:30";"Local Y1";"C sct";"Aucune session distincte";"1";"A_POSITIONNER";"classeur ligne 253";"RECONDUIT";"";"OK_CALENDRIER_LOCAL";"NON";"Classeur 2026 ligne 253 ; date 2027 proposée, non validée par ce gate"
"2027";"QV26-EXERCICE-DAP-2-6285EF74:O4:S1";"013Y1.006";"Exercice DAP 2";"F7";"DAP";"Exercice";"013Y1";"DAP:Y4";"";"2027-05-06";"Jeudi";"19:00";"21:30";"Local Y4";"C sct";"Aucune session distincte";"1";"A_POSITIONNER";"classeur ligne 298";"HUMAN_REVIEW";"FERIE|VACANCES_SCOLAIRES";"HUMAN_REVIEW_CALENDAR:FERIE|VACANCES_SCOLAIRES";"OUI";"4 ligne(s) de même titre en 2026, sans lien source exact"
"2027";"QV26-EXERCICE-DAP-3-618B0715:O1:S1";"013Y1.007";"Exercice DAP 3";"F7";"DAP";"Exercice";"013Y1";"DAP:Y2";"FOBA:2";"2027-05-06";"Jeudi";"19:00";"21:30";"Local Y2";"C sct";"Aucune session distincte";"1";"A_POSITIONNER";"classeur ligne 297";"HUMAN_REVIEW";"FERIE|VACANCES_SCOLAIRES";"HUMAN_REVIEW_CALENDAR:FERIE|VACANCES_SCOLAIRES";"OUI";"4 ligne(s) de même titre en 2026, sans lien source exact"
"2027";"QV26-EXERCICE-DAP-3-618B0715:O2:S1";"013Y1.007";"Exercice DAP 3";"F7";"DAP";"Exercice";"013Y1";"DAP:Y3";"FOBA:2";"2027-05-20";"Jeudi";"19:00";"21:30";"Local Y3";"C sct";"Aucune session distincte";"1";"A_POSITIONNER";"classeur ligne 335";"HUMAN_REVIEW";"";"OK_CALENDRIER_LOCAL";"OUI";"4 ligne(s) de même titre en 2026, sans lien source exact"
"2027";"QV26-EXERCICE-DAP-3-618B0715:O3:S1";"013Y1.007";"Exercice DAP 3";"F7";"DAP";"Exercice";"013Y1";"DAP:Y1";"FOBA:2";"2027-06-17";"Jeudi";"19:00";"21:30";"Local Y1";"C sct";"Aucune session distincte";"1";"A_POSITIONNER";"classeur ligne 434";"RECONDUIT";"";"OK_CALENDRIER_LOCAL";"NON";"Classeur 2026 ligne 434 ; date 2027 proposée, non validée par ce gate"
"2027";"QV26-EXERCICE-DAP-3-618B0715:O4:S1";"013Y1.007";"Exercice DAP 3";"F7";"DAP";"Exercice";"013Y1";"DAP:Y4";"FOBA:2";"2027-09-21";"Mardi";"19:00";"21:30";"Local Y4";"C sct";"Aucune session distincte";"1";"A_POSITIONNER";"classeur ligne 651";"HUMAN_REVIEW";"";"OK_CALENDRIER_LOCAL";"OUI";"4 ligne(s) de même titre en 2026, sans lien source exact"
"2027";"QV26-EXERCICE-DAP-4-46753B3A:O1:S1";"013Y1.008";"Exercice DAP 4";"F7";"DAP";"Exercice";"013Y1";"DAP:Y1";"";"2027-11-06";"Samedi";"09:00";"11:30";"Local Y1";"C sct";"Aucune session distincte";"1";"A_POSITIONNER";"classeur ligne 783";"HUMAN_REVIEW";"";"OK_CALENDRIER_LOCAL";"OUI";"4 ligne(s) de même titre en 2026, sans lien source exact"
"2027";"QV26-EXERCICE-DAP-4-46753B3A:O2:S1";"013Y1.008";"Exercice DAP 4";"F7";"DAP";"Exercice";"013Y1";"DAP:Y2";"";"2027-10-16";"Samedi";"09:00";"11:30";"Local Y2";"C sct";"Aucune session distincte";"1";"A_POSITIONNER";"classeur ligne 729";"HUMAN_REVIEW";"VACANCES_SCOLAIRES";"HUMAN_REVIEW_CALENDAR:VACANCES_SCOLAIRES";"OUI";"4 ligne(s) de même titre en 2026, sans lien source exact"
"2027";"QV26-EXERCICE-DAP-4-46753B3A:O3:S1";"013Y1.008";"Exercice DAP 4";"F7";"DAP";"Exercice";"013Y1";"DAP:Y4";"";"2027-11-05";"Vendredi";"19:00";"21:30";"Local Y4";"C sct";"Aucune session distincte";"1";"A_POSITIONNER";"classeur ligne 777";"HUMAN_REVIEW";"";"OK_CALENDRIER_LOCAL";"OUI";"4 ligne(s) de même titre en 2026, sans lien source exact"
"2027";"QV26-EXERCICE-DAP-4-46753B3A:O4:S1";"013Y1.008";"Exercice DAP 4";"F7";"DAP";"Exercice";"013Y1";"DAP:Y3";"";"2027-11-12";"Vendredi";"19:00";"21:30";"Local Y3";"C sct";"Aucune session distincte";"1";"A_POSITIONNER";"classeur ligne 795";"HUMAN_REVIEW";"";"OK_CALENDRIER_LOCAL";"OUI";"4 ligne(s) de même titre en 2026, sans lien source exact"
"2027";"QV26-FORMATION-CADRES-DAP-2B042598:O1:S1";"0172F7.006";"Formation cadres DAP";"F7";"DAP";"Formation";"0172F7";"DPS:G1";"";"2027-02-04";"Jeudi";"19:00";"21:30";"Local Y1";"C sct";"Aucune session distincte";"1";"A_POSITIONNER";"classeur ligne 9";"HUMAN_REVIEW";"";"OK_CALENDRIER_LOCAL";"OUI";"2 ligne(s) de même titre en 2026, sans lien source exact"
"2027";"QV26-FORMATION-CADRES-DAP-2B042598:O1:S1";"0172F7.006";"Formation cadres DAP";"F7";"DAP";"Formation";"0172F7";"DAP:Y1";"";"2027-02-04";"Jeudi";"19:00";"21:30";"Local Y1";"C sct";"Aucune session distincte";"1";"A_POSITIONNER";"classeur ligne 9";"HUMAN_REVIEW";"";"OK_CALENDRIER_LOCAL";"OUI";"2 ligne(s) de même titre en 2026, sans lien source exact"
"2027";"QV26-FORMATION-CADRES-DAP-2B042598:O1:S1";"0172F7.006";"Formation cadres DAP";"F7";"DAP";"Formation";"0172F7";"DAP:Y2";"";"2027-02-04";"Jeudi";"19:00";"21:30";"Local Y1";"C sct";"Aucune session distincte";"1";"A_POSITIONNER";"classeur ligne 9";"HUMAN_REVIEW";"";"OK_CALENDRIER_LOCAL";"OUI";"2 ligne(s) de même titre en 2026, sans lien source exact"
"2027";"QV26-FORMATION-CADRES-DAP-2B042598:O1:S1";"0172F7.006";"Formation cadres DAP";"F7";"DAP";"Formation";"0172F7";"DAP:Y3";"";"2027-02-04";"Jeudi";"19:00";"21:30";"Local Y1";"C sct";"Aucune session distincte";"1";"A_POSITIONNER";"classeur ligne 9";"HUMAN_REVIEW";"";"OK_CALENDRIER_LOCAL";"OUI";"2 ligne(s) de même titre en 2026, sans lien source exact"
"2027";"QV26-FORMATION-CADRES-DAP-2B042598:O1:S1";"0172F7.006";"Formation cadres DAP";"F7";"DAP";"Formation";"0172F7";"DAP:Y4";"";"2027-02-04";"Jeudi";"19:00";"21:30";"Local Y1";"C sct";"Aucune session distincte";"1";"A_POSITIONNER";"classeur ligne 9";"HUMAN_REVIEW";"";"OK_CALENDRIER_LOCAL";"OUI";"2 ligne(s) de même titre en 2026, sans lien source exact"
"2027";"QV26-FORMATION-CADRES-DAP-2B042598:O2:S1";"0172F7.006";"Formation cadres DAP";"F7";"DAP";"Formation";"0172F7";"DPS:G1";"";"2027-03-03";"Mercredi";"19:00";"21:30";"Local Y2";"C sct";"Aucune session distincte";"1";"A_POSITIONNER";"classeur ligne 83";"HUMAN_REVIEW";"";"OK_CALENDRIER_LOCAL";"OUI";"2 ligne(s) de même titre en 2026, sans lien source exact"
"2027";"QV26-FORMATION-CADRES-DAP-2B042598:O2:S1";"0172F7.006";"Formation cadres DAP";"F7";"DAP";"Formation";"0172F7";"DAP:Y1";"";"2027-03-03";"Mercredi";"19:00";"21:30";"Local Y2";"C sct";"Aucune session distincte";"1";"A_POSITIONNER";"classeur ligne 83";"HUMAN_REVIEW";"";"OK_CALENDRIER_LOCAL";"OUI";"2 ligne(s) de même titre en 2026, sans lien source exact"
"2027";"QV26-FORMATION-CADRES-DAP-2B042598:O2:S1";"0172F7.006";"Formation cadres DAP";"F7";"DAP";"Formation";"0172F7";"DAP:Y2";"";"2027-03-03";"Mercredi";"19:00";"21:30";"Local Y2";"C sct";"Aucune session distincte";"1";"A_POSITIONNER";"classeur ligne 83";"HUMAN_REVIEW";"";"OK_CALENDRIER_LOCAL";"OUI";"2 ligne(s) de même titre en 2026, sans lien source exact"
"2027";"QV26-FORMATION-CADRES-DAP-2B042598:O2:S1";"0172F7.006";"Formation cadres DAP";"F7";"DAP";"Formation";"0172F7";"DAP:Y3";"";"2027-03-03";"Mercredi";"19:00";"21:30";"Local Y2";"C sct";"Aucune session distincte";"1";"A_POSITIONNER";"classeur ligne 83";"HUMAN_REVIEW";"";"OK_CALENDRIER_LOCAL";"OUI";"2 ligne(s) de même titre en 2026, sans lien source exact"
"2027";"QV26-FORMATION-CADRES-DAP-2B042598:O2:S1";"0172F7.006";"Formation cadres DAP";"F7";"DAP";"Formation";"0172F7";"DAP:Y4";"";"2027-03-03";"Mercredi";"19:00";"21:30";"Local Y2";"C sct";"Aucune session distincte";"1";"A_POSITIONNER";"classeur ligne 83";"HUMAN_REVIEW";"";"OK_CALENDRIER_LOCAL";"OUI";"2 ligne(s) de même titre en 2026, sans lien source exact"
"2027";"QV26-RECONNAISSANCE-DAP-BAA3FFE5:O1:S1";"0174F7.001";"Reconnaissance DAP";"F7";"DAP";"Événement";"0174F7";"DAP:Y1";"";"2027-06-10";"Jeudi";"19:00";"21:30";"Local Y1";"C op";"Aucune session distincte";"1";"A_POSITIONNER";"classeur ligne 402";"RECONDUIT";"";"OK_CALENDRIER_LOCAL";"NON";"Classeur 2026 ligne 402 ; date 2027 proposée, non validée par ce gate"
"2027";"QV26-RECONNAISSANCE-DAP-BAA3FFE5:O2:S1";"0174F7.001";"Reconnaissance DAP";"F7";"DAP";"Événement";"0174F7";"DAP:Y3";"";"2027-06-10";"Jeudi";"19:00";"21:30";"Local Y3";"C op";"Aucune session distincte";"1";"A_POSITIONNER";"classeur ligne 403";"RECONDUIT";"";"OK_CALENDRIER_LOCAL";"NON";"Classeur 2026 ligne 403 ; date 2027 proposée, non validée par ce gate"
"2027";"QV26-SEANCE-CADRES-0972877C:O1:S1";"070F1.012";"Séance cadres";"DAP";"DAP";"Événement";"070F1";"DAP:Y2";"";"2027-08-10";"Mardi";"19:00";"21:30";"Local Y2";"C Sct";"Aucune session distincte";"1";"A_POSITIONNER";"classeur ligne 498";"RECONDUIT";"VACANCES_SCOLAIRES";"HUMAN_REVIEW_CALENDAR:VACANCES_SCOLAIRES";"OUI";"Classeur 2026 ligne 498 ; date 2027 proposée, non validée par ce gate"
"2027";"QV26-SEANCE-CADRES-0972877C:O2:S1";"070F1.012";"Séance cadres";"DAP";"DAP";"Événement";"070F1";"DAP:Y3";"";"2027-08-24";"Mardi";"19:00";"21:30";"Local Y3";"C Sct";"Aucune session distincte";"1";"A_POSITIONNER";"classeur ligne 533";"RECONDUIT";"";"OK_CALENDRIER_LOCAL";"NON";"Classeur 2026 ligne 533 ; date 2027 proposée, non validée par ce gate"
"2027";"QV26-SEANCE-CADRES-0972877C:O3:S1";"070F1.012";"Séance cadres";"DAP";"DAP";"Événement";"070F1";"DAP:Y4";"";"2027-08-25";"Mercredi";"19:00";"21:30";"Local Y4";"C Sct";"Aucune session distincte";"1";"A_POSITIONNER";"classeur ligne 535";"RECONDUIT";"";"OK_CALENDRIER_LOCAL";"NON";"Classeur 2026 ligne 535 ; date 2027 proposée, non validée par ce gate"
"2027";"QV26-SEANCE-CADRES-0972877C:O4:S1";"070F1.012";"Séance cadres";"DAP";"DAP";"Événement";"070F1";"DAP:Y1";"";"2027-08-26";"Jeudi";"19:00";"21:30";"Local Y1";"C Sct";"Aucune session distincte";"1";"A_POSITIONNER";"classeur ligne 541";"RECONDUIT";"";"OK_CALENDRIER_LOCAL";"NON";"Classeur 2026 ligne 541 ; date 2027 proposée, non validée par ce gate"
"2027";"QV26-SEANCE-PHOTO-DU-PERSONNEL-DAP-E17BA848:O1:S1";"070F56.009";"Séance photo du personnel DAP";"F6";"";"Événement";"070F56";"DAP:Y3";"";"2027-09-07";"Mardi";"18:30";"19:00";"L-Y3";"C sct";"Aucune session distincte";"1";"A_POSITIONNER";"classeur ligne 593";"HUMAN_REVIEW";"";"OK_CALENDRIER_LOCAL";"OUI";"1 ligne(s) de même titre en 2026, sans lien source exact"
"2027";"QV26-SEANCE-PHOTO-PERSONNEL-DAP-A0F7204B:O1:S1";"070F56.010";"Séance photo personnel DAP";"F6";"";"Événement";"070F56";"DAP:Y2";"";"2027-09-07";"Mardi";"18:30";"19:00";"Local Y2";"C sct";"Aucune session distincte";"1";"A_POSITIONNER";"classeur ligne 593";"RECONDUIT";"";"OK_CALENDRIER_LOCAL";"NON";"Classeur 2026 ligne 593 ; date 2027 proposée, non validée par ce gate"
"2027";"QV26-SEANCE-PHOTO-PERSONNEL-DAP-A0F7204B:O2:S1";"070F56.010";"Séance photo personnel DAP";"F6";"";"Événement";"070F56";"DAP:Y4";"";"2027-10-04";"Lundi";"18:30";"19:00";"Local Y4";"C site";"Aucune session distincte";"1";"A_POSITIONNER";"classeur ligne 707";"RECONDUIT";"";"OK_CALENDRIER_LOCAL";"NON";"Classeur 2026 ligne 707 ; date 2027 proposée, non validée par ce gate"
"2027";"QV26-SEANCE-PHOTO-PERSONNEL-DAP-Y1-40B161E2:O1:S1";"070F56.011";"Séance photo personnel DAP Y1";"F6";"";"Événement";"070F56";"DAP:Y1";"";"2027-09-02";"Jeudi";"18:30";"19:00";"L-Y1";"C sct";"Aucune session distincte";"1";"A_POSITIONNER";"classeur ligne 566";"RECONDUIT";"";"OK_CALENDRIER_LOCAL";"NON";"Classeur 2026 ligne 566 ; date 2027 proposée, non validée par ce gate"
"2027";"QV26-SOIREE-INFORMATION-DAP-Y1-9C1AF689:O1:S1";"070F0.010";"Soirée information DAP Y1";"F0";"DAP";"Événement";"070F0";"DAP:Y1";"";"2027-04-27";"Mardi";"20:00";"22:00";"Salle du Casino";"Cdt";"Aucune session distincte";"1";"A_POSITIONNER";"classeur ligne 264";"RECONDUIT";"";"OK_CALENDRIER_LOCAL";"NON";"Classeur 2026 ligne 264 ; date 2027 proposée, non validée par ce gate"
"2027";"QV26-SOIREE-INFORMATION-DAP-Y2-5AAA8CF4:O1:S1";"070F0.011";"Soirée information DAP Y2";"F0";"DAP";"Événement";"070F0";"DAP:Y2";"";"2027-05-04";"Mardi";"20:00";"22:00";"Salle Communale";"Cdt";"Aucune session distincte";"1";"A_POSITIONNER";"classeur ligne 287";"RECONDUIT";"";"OK_CALENDRIER_LOCAL";"NON";"Classeur 2026 ligne 287 ; date 2027 proposée, non validée par ce gate"
"2027";"QV26-SOIREE-INFORMATION-DAP-Y3-594760FB:O1:S1";"070F0.012";"Soirée information DAP Y3";"F0";"DAP";"Événement";"070F0";"DAP:Y3";"";"2027-05-11";"Mardi";"20:00";"22:00";"Salle du Conseil";"Cdt";"Aucune session distincte";"1";"A_POSITIONNER";"classeur ligne 310";"RECONDUIT";"";"OK_CALENDRIER_LOCAL";"NON";"Classeur 2026 ligne 310 ; date 2027 proposée, non validée par ce gate"
"2027";"QV26-SOIREE-INFORMATION-DAP-Y4-728FEE44:O1:S1";"070F0.013";"Soirée information DAP Y4";"F0";"DAP";"Événement";"070F0";"DAP:Y4";"";"2027-05-25";"Mardi";"20:00";"22:00";"Grande salle Communale";"Cdt";"Aucune session distincte";"1";"A_POSITIONNER";"classeur ligne 345";"RECONDUIT";"";"OK_CALENDRIER_LOCAL";"NON";"Classeur 2026 ligne 345 ; date 2027 proposée, non validée par ce gate"
"2027";"QV26-VISION-LOCALE-DAP-F8783089:O1:S1";"070F4.004";"Vision locale DAP";"F4";"";"Événement";"070F4";"DAP:Y4";"";"2027-03-09";"Mardi";"19:00";"19:30";"Local Y4";"C log";"Aucune session distincte";"1";"A_POSITIONNER";"classeur ligne 118";"RECONDUIT";"";"OK_CALENDRIER_LOCAL";"NON";"Classeur 2026 ligne 118 ; date 2027 proposée, non validée par ce gate"
"2027";"QV26-VISION-LOCALE-DAP-F8783089:O2:S1";"070F4.004";"Vision locale DAP";"F4";"";"Événement";"070F4";"DAP:Y3";"";"2027-03-09";"Mardi";"19:30";"20:00";"Local Y3";"C log";"Aucune session distincte";"1";"A_POSITIONNER";"classeur ligne 119";"RECONDUIT";"";"OK_CALENDRIER_LOCAL";"NON";"Classeur 2026 ligne 119 ; date 2027 proposée, non validée par ce gate"
"2027";"QV26-VISION-LOCALE-DAP-F8783089:O3:S1";"070F4.004";"Vision locale DAP";"F4";"";"Événement";"070F4";"DAP:Y1";"";"2027-03-22";"Lundi";"19:00";"19:30";"Local Y1";"C log";"Aucune session distincte";"1";"A_POSITIONNER";"classeur ligne 182";"RECONDUIT";"";"OK_CALENDRIER_LOCAL";"NON";"Classeur 2026 ligne 182 ; date 2027 proposée, non validée par ce gate"
"2027";"QV26-VISION-LOCALE-DAP-F8783089:O4:S1";"070F4.004";"Vision locale DAP";"F4";"";"Événement";"070F4";"DAP:Y2";"";"2027-03-22";"Lundi";"19:30";"20:00";"Local Y2";"C log";"Aucune session distincte";"1";"A_POSITIONNER";"classeur ligne 183";"RECONDUIT";"";"OK_CALENDRIER_LOCAL";"NON";"Classeur 2026 ligne 183 ; date 2027 proposée, non validée par ce gate"
"2027";"QV26-CHAMPIONNAT-SUISSES-JSP-2156FD86:O1:S1";"010JSP.003";"Championnat suisses JSP";"F7";"JSP";"Événement";"010JSP";"JSP:G1";"JSP:1";"2027-06-19";"Samedi";"08:00";"18:00";"Caserne SDIS";"C JSP";"Aucune session distincte";"1";"A_POSITIONNER";"classeur ligne 444";"RECONDUIT";"";"OK_CALENDRIER_LOCAL";"NON";"Classeur 2026 ligne 444 ; date 2027 proposée, non validée par ce gate"
"2027";"QV26-CHAMPIONNAT-SUISSES-JSP-2156FD86:O1:S1";"010JSP.003";"Championnat suisses JSP";"F7";"JSP";"Événement";"010JSP";"JSP:C1";"JSP:1";"2027-06-19";"Samedi";"08:00";"18:00";"Caserne SDIS";"C JSP";"Aucune session distincte";"1";"A_POSITIONNER";"classeur ligne 444";"RECONDUIT";"";"OK_CALENDRIER_LOCAL";"NON";"Classeur 2026 ligne 444 ; date 2027 proposée, non validée par ce gate"
"2027";"QV26-CHAMPIONNAT-SUISSES-JSP-2156FD86:O1:S1";"010JSP.003";"Championnat suisses JSP";"F7";"JSP";"Événement";"010JSP";"JSP:B1";"JSP:1";"2027-06-19";"Samedi";"08:00";"18:00";"Caserne SDIS";"C JSP";"Aucune session distincte";"1";"A_POSITIONNER";"classeur ligne 444";"RECONDUIT";"";"OK_CALENDRIER_LOCAL";"NON";"Classeur 2026 ligne 444 ; date 2027 proposée, non validée par ce gate"
"2027";"QV26-CHAMPIONNAT-SUISSES-JSP-2156FD86:O2:S1";"010JSP.003";"Championnat suisses JSP";"F7";"JSP";"Événement";"010JSP";"JSP:G1";"JSP:1";"2027-06-20";"Dimanche";"08:00";"14:00";"Caserne SDIS";"C JSP";"Aucune session distincte";"1";"A_POSITIONNER";"classeur ligne 447";"RECONDUIT";"";"OK_CALENDRIER_LOCAL";"NON";"Classeur 2026 ligne 447 ; date 2027 proposée, non validée par ce gate"
"2027";"QV26-CHAMPIONNAT-SUISSES-JSP-2156FD86:O2:S1";"010JSP.003";"Championnat suisses JSP";"F7";"JSP";"Événement";"010JSP";"JSP:C1";"JSP:1";"2027-06-20";"Dimanche";"08:00";"14:00";"Caserne SDIS";"C JSP";"Aucune session distincte";"1";"A_POSITIONNER";"classeur ligne 447";"RECONDUIT";"";"OK_CALENDRIER_LOCAL";"NON";"Classeur 2026 ligne 447 ; date 2027 proposée, non validée par ce gate"
"2027";"QV26-CHAMPIONNAT-SUISSES-JSP-2156FD86:O2:S1";"010JSP.003";"Championnat suisses JSP";"F7";"JSP";"Événement";"010JSP";"JSP:B1";"JSP:1";"2027-06-20";"Dimanche";"08:00";"14:00";"Caserne SDIS";"C JSP";"Aucune session distincte";"1";"A_POSITIONNER";"classeur ligne 447";"RECONDUIT";"";"OK_CALENDRIER_LOCAL";"NON";"Classeur 2026 ligne 447 ; date 2027 proposée, non validée par ce gate"
"2027";"QV26-COURS-DE-CADRES-FORMATION-GROUPEE-JSP-C9F22B73:O1:S1";"010JSP.004";"Cours de cadres formation groupée JSP";"F7";"JSP";"Formation";"010JSP";"JSP:G1";"";"2027-04-26";"Lundi";"18:30";"21:00";"Caserne G1";"C JSP";"Aucune session distincte";"1";"A_POSITIONNER";"classeur ligne 259";"RECONDUIT";"";"OK_CALENDRIER_LOCAL";"NON";"Classeur 2026 ligne 259 ; date 2027 proposée, non validée par ce gate"
"2027";"QV26-COURS-DE-CADRES-FORMATION-GROUPEE-JSP-C9F22B73:O1:S1";"010JSP.004";"Cours de cadres formation groupée JSP";"F7";"JSP";"Formation";"010JSP";"JSP:C1";"";"2027-04-26";"Lundi";"18:30";"21:00";"Caserne G1";"C JSP";"Aucune session distincte";"1";"A_POSITIONNER";"classeur ligne 259";"RECONDUIT";"";"OK_CALENDRIER_LOCAL";"NON";"Classeur 2026 ligne 259 ; date 2027 proposée, non validée par ce gate"
"2027";"QV26-COURS-DE-CADRES-FORMATION-GROUPEE-JSP-C9F22B73:O1:S1";"010JSP.004";"Cours de cadres formation groupée JSP";"F7";"JSP";"Formation";"010JSP";"JSP:B1";"";"2027-04-26";"Lundi";"18:30";"21:00";"Caserne G1";"C JSP";"Aucune session distincte";"1";"A_POSITIONNER";"classeur ligne 259";"RECONDUIT";"";"OK_CALENDRIER_LOCAL";"NON";"Classeur 2026 ligne 259 ; date 2027 proposée, non validée par ce gate"
"2027";"QV26-COURS-JSP-JS11-JOURNEE-D-INSTRUCTION-JSP-APRES-MIDI-953A1740:O1:S1";"010JSP.006";"Cours JSP JS11 - Journée d'instruction JSP (après-midi)";"F7";"JSP";"Instruction";"010JSP";"JSP:G1";"JSP:1";"2027-05-29";"Samedi";"13:00";"17:30";"Caserne SDIS";"C for";"Aucune session distincte";"1";"A_POSITIONNER";"classeur ligne 360";"RECONDUIT";"";"OK_CALENDRIER_LOCAL";"NON";"Classeur 2026 ligne 360 ; date 2027 proposée, non validée par ce gate"
"2027";"QV26-COURS-JSP-JS11-JOURNEE-D-INSTRUCTION-JSP-APRES-MIDI-953A1740:O1:S1";"010JSP.006";"Cours JSP JS11 - Journée d'instruction JSP (après-midi)";"F7";"JSP";"Instruction";"010JSP";"JSP:C1";"JSP:1";"2027-05-29";"Samedi";"13:00";"17:30";"Caserne SDIS";"C for";"Aucune session distincte";"1";"A_POSITIONNER";"classeur ligne 360";"RECONDUIT";"";"OK_CALENDRIER_LOCAL";"NON";"Classeur 2026 ligne 360 ; date 2027 proposée, non validée par ce gate"
"2027";"QV26-COURS-JSP-JS11-JOURNEE-D-INSTRUCTION-JSP-APRES-MIDI-953A1740:O1:S1";"010JSP.006";"Cours JSP JS11 - Journée d'instruction JSP (après-midi)";"F7";"JSP";"Instruction";"010JSP";"JSP:B1";"JSP:1";"2027-05-29";"Samedi";"13:00";"17:30";"Caserne SDIS";"C for";"Aucune session distincte";"1";"A_POSITIONNER";"classeur ligne 360";"RECONDUIT";"";"OK_CALENDRIER_LOCAL";"NON";"Classeur 2026 ligne 360 ; date 2027 proposée, non validée par ce gate"
"2027";"QV26-COURS-JSP-JS11-JOURNEE-D-INSTRUCTION-JSP-MATIN-B29F2187:O1:S1";"010JSP.007";"Cours JSP JS11 - Journée d'instruction JSP (matin)";"F7";"JSP";"Instruction";"010JSP";"JSP:G1";"JSP:1";"2027-05-29";"Samedi";"07:30";"12:00";"Caserne SDIS";"C for";"Aucune session distincte";"1";"A_POSITIONNER";"classeur ligne 356";"RECONDUIT";"";"OK_CALENDRIER_LOCAL";"NON";"Classeur 2026 ligne 356 ; date 2027 proposée, non validée par ce gate"
"2027";"QV26-COURS-JSP-JS11-JOURNEE-D-INSTRUCTION-JSP-MATIN-B29F2187:O1:S1";"010JSP.007";"Cours JSP JS11 - Journée d'instruction JSP (matin)";"F7";"JSP";"Instruction";"010JSP";"JSP:C1";"JSP:1";"2027-05-29";"Samedi";"07:30";"12:00";"Caserne SDIS";"C for";"Aucune session distincte";"1";"A_POSITIONNER";"classeur ligne 356";"RECONDUIT";"";"OK_CALENDRIER_LOCAL";"NON";"Classeur 2026 ligne 356 ; date 2027 proposée, non validée par ce gate"
"2027";"QV26-COURS-JSP-JS11-JOURNEE-D-INSTRUCTION-JSP-MATIN-B29F2187:O1:S1";"010JSP.007";"Cours JSP JS11 - Journée d'instruction JSP (matin)";"F7";"JSP";"Instruction";"010JSP";"JSP:B1";"JSP:1";"2027-05-29";"Samedi";"07:30";"12:00";"Caserne SDIS";"C for";"Aucune session distincte";"1";"A_POSITIONNER";"classeur ligne 356";"RECONDUIT";"";"OK_CALENDRIER_LOCAL";"NON";"Classeur 2026 ligne 356 ; date 2027 proposée, non validée par ce gate"
"2027";"QV26-COURS-JSP-JS12-JOURNEE-D-INSTRUCTION-DES-MONITEURS-C-86DB0273:O1:S1";"COURJSP.001";"Cours JSP JS12 - Journée d'instruction des Moniteurs Cadets";"F7";"JSP";"Instruction";"COURJSP";"JSP:G1";"JSP:1";"2027-04-24";"Samedi";"07:30";"17:00";"Caserne SDIS";"C for";"Aucune session distincte";"1";"A_POSITIONNER";"classeur ligne 257";"RECONDUIT";"";"OK_CALENDRIER_LOCAL";"NON";"Classeur 2026 ligne 257 ; date 2027 proposée, non validée par ce gate"
"2027";"QV26-COURS-JSP-JS12-JOURNEE-D-INSTRUCTION-DES-MONITEURS-C-86DB0273:O1:S1";"COURJSP.001";"Cours JSP JS12 - Journée d'instruction des Moniteurs Cadets";"F7";"JSP";"Instruction";"COURJSP";"JSP:C1";"JSP:1";"2027-04-24";"Samedi";"07:30";"17:00";"Caserne SDIS";"C for";"Aucune session distincte";"1";"A_POSITIONNER";"classeur ligne 257";"RECONDUIT";"";"OK_CALENDRIER_LOCAL";"NON";"Classeur 2026 ligne 257 ; date 2027 proposée, non validée par ce gate"
"2027";"QV26-COURS-JSP-JS12-JOURNEE-D-INSTRUCTION-DES-MONITEURS-C-86DB0273:O1:S1";"COURJSP.001";"Cours JSP JS12 - Journée d'instruction des Moniteurs Cadets";"F7";"JSP";"Instruction";"COURJSP";"JSP:B1";"JSP:1";"2027-04-24";"Samedi";"07:30";"17:00";"Caserne SDIS";"C for";"Aucune session distincte";"1";"A_POSITIONNER";"classeur ligne 257";"RECONDUIT";"";"OK_CALENDRIER_LOCAL";"NON";"Classeur 2026 ligne 257 ; date 2027 proposée, non validée par ce gate"
"2027";"QV26-COURS-JSP-JS21-VALORISATION-MONITEURS-MODULE-I-C4F05BC3:O1:S1";"COURJSP.002";"Cours JSP JS21 - valorisation moniteurs - module I";"F7";"JSP";"Formation";"COURJSP";"JSP:G1";"JSP:1";"2027-10-02";"Samedi";"07:30";"17:30";"Caserne SDIS";"C for";"Aucune session distincte";"1";"A_POSITIONNER";"classeur ligne 700";"RECONDUIT";"";"OK_CALENDRIER_LOCAL";"NON";"Classeur 2026 ligne 700 ; date 2027 proposée, non validée par ce gate"
"2027";"QV26-COURS-JSP-JS21-VALORISATION-MONITEURS-MODULE-I-C4F05BC3:O1:S1";"COURJSP.002";"Cours JSP JS21 - valorisation moniteurs - module I";"F7";"JSP";"Formation";"COURJSP";"JSP:C1";"JSP:1";"2027-10-02";"Samedi";"07:30";"17:30";"Caserne SDIS";"C for";"Aucune session distincte";"1";"A_POSITIONNER";"classeur ligne 700";"RECONDUIT";"";"OK_CALENDRIER_LOCAL";"NON";"Classeur 2026 ligne 700 ; date 2027 proposée, non validée par ce gate"
"2027";"QV26-COURS-JSP-JS21-VALORISATION-MONITEURS-MODULE-I-C4F05BC3:O1:S1";"COURJSP.002";"Cours JSP JS21 - valorisation moniteurs - module I";"F7";"JSP";"Formation";"COURJSP";"JSP:B1";"JSP:1";"2027-10-02";"Samedi";"07:30";"17:30";"Caserne SDIS";"C for";"Aucune session distincte";"1";"A_POSITIONNER";"classeur ligne 700";"RECONDUIT";"";"OK_CALENDRIER_LOCAL";"NON";"Classeur 2026 ligne 700 ; date 2027 proposée, non validée par ce gate"
"2027";"QV26-COURS-JSP-JS22-VALORISATION-MONITEURS-MODULE-II-ACAC9F4D:O1:S1";"COURJSP.003";"Cours JSP JS22 - valorisation moniteurs - module II";"F7";"JSP";"Formation";"COURJSP";"JSP:G1";"JSP:1";"2027-10-02";"Samedi";"08:30";"17:30";"Caserne SDIS";"C for";"Aucune session distincte";"1";"A_POSITIONNER";"classeur ligne 702";"RECONDUIT";"";"OK_CALENDRIER_LOCAL";"NON";"Classeur 2026 ligne 702 ; date 2027 proposée, non validée par ce gate"
"2027";"QV26-COURS-JSP-JS22-VALORISATION-MONITEURS-MODULE-II-ACAC9F4D:O1:S1";"COURJSP.003";"Cours JSP JS22 - valorisation moniteurs - module II";"F7";"JSP";"Formation";"COURJSP";"JSP:C1";"JSP:1";"2027-10-02";"Samedi";"08:30";"17:30";"Caserne SDIS";"C for";"Aucune session distincte";"1";"A_POSITIONNER";"classeur ligne 702";"RECONDUIT";"";"OK_CALENDRIER_LOCAL";"NON";"Classeur 2026 ligne 702 ; date 2027 proposée, non validée par ce gate"
"2027";"QV26-COURS-JSP-JS22-VALORISATION-MONITEURS-MODULE-II-ACAC9F4D:O1:S1";"COURJSP.003";"Cours JSP JS22 - valorisation moniteurs - module II";"F7";"JSP";"Formation";"COURJSP";"JSP:B1";"JSP:1";"2027-10-02";"Samedi";"08:30";"17:30";"Caserne SDIS";"C for";"Aucune session distincte";"1";"A_POSITIONNER";"classeur ligne 702";"RECONDUIT";"";"OK_CALENDRIER_LOCAL";"NON";"Classeur 2026 ligne 702 ; date 2027 proposée, non validée par ce gate"
"2027";"QV26-COURS-JSP-JS23-FORMATION-MONITEURS-SIMULATEUR-APRES--A4FA0328:O1:S1";"COURJSP.004";"Cours JSP JS23 - formation moniteurs - simulateur (après-midi)";"F7";"JSP";"Formation";"COURJSP";"JSP:G1";"JSP:1";"2027-10-30";"Samedi";"13:00";"17:30";"ECAvenir";"C for";"Aucune session distincte";"1";"A_POSITIONNER";"classeur ligne 757";"RECONDUIT";"";"OK_CALENDRIER_LOCAL";"NON";"Classeur 2026 ligne 757 ; date 2027 proposée, non validée par ce gate"
"2027";"QV26-COURS-JSP-JS23-FORMATION-MONITEURS-SIMULATEUR-APRES--A4FA0328:O1:S1";"COURJSP.004";"Cours JSP JS23 - formation moniteurs - simulateur (après-midi)";"F7";"JSP";"Formation";"COURJSP";"JSP:C1";"JSP:1";"2027-10-30";"Samedi";"13:00";"17:30";"ECAvenir";"C for";"Aucune session distincte";"1";"A_POSITIONNER";"classeur ligne 757";"RECONDUIT";"";"OK_CALENDRIER_LOCAL";"NON";"Classeur 2026 ligne 757 ; date 2027 proposée, non validée par ce gate"
"2027";"QV26-COURS-JSP-JS23-FORMATION-MONITEURS-SIMULATEUR-APRES--A4FA0328:O1:S1";"COURJSP.004";"Cours JSP JS23 - formation moniteurs - simulateur (après-midi)";"F7";"JSP";"Formation";"COURJSP";"JSP:B1";"JSP:1";"2027-10-30";"Samedi";"13:00";"17:30";"ECAvenir";"C for";"Aucune session distincte";"1";"A_POSITIONNER";"classeur ligne 757";"RECONDUIT";"";"OK_CALENDRIER_LOCAL";"NON";"Classeur 2026 ligne 757 ; date 2027 proposée, non validée par ce gate"
"2027";"QV26-COURS-JSP-JS23-FORMATION-MONITEURS-SIMULATEUR-MATIN-8E3AD201:O1:S1";"COURJSP.005";"Cours JSP JS23 - formation moniteurs - simulateur (matin)";"F7";"JSP";"Formation";"COURJSP";"JSP:G1";"JSP:1";"2027-10-30";"Samedi";"07:30";"12:00";"ECAvenir";"C for";"Aucune session distincte";"1";"A_POSITIONNER";"classeur ligne 755";"RECONDUIT";"";"OK_CALENDRIER_LOCAL";"NON";"Classeur 2026 ligne 755 ; date 2027 proposée, non validée par ce gate"
"2027";"QV26-COURS-JSP-JS23-FORMATION-MONITEURS-SIMULATEUR-MATIN-8E3AD201:O1:S1";"COURJSP.005";"Cours JSP JS23 - formation moniteurs - simulateur (matin)";"F7";"JSP";"Formation";"COURJSP";"JSP:C1";"JSP:1";"2027-10-30";"Samedi";"07:30";"12:00";"ECAvenir";"C for";"Aucune session distincte";"1";"A_POSITIONNER";"classeur ligne 755";"RECONDUIT";"";"OK_CALENDRIER_LOCAL";"NON";"Classeur 2026 ligne 755 ; date 2027 proposée, non validée par ce gate"
"2027";"QV26-COURS-JSP-JS23-FORMATION-MONITEURS-SIMULATEUR-MATIN-8E3AD201:O1:S1";"COURJSP.005";"Cours JSP JS23 - formation moniteurs - simulateur (matin)";"F7";"JSP";"Formation";"COURJSP";"JSP:B1";"JSP:1";"2027-10-30";"Samedi";"07:30";"12:00";"ECAvenir";"C for";"Aucune session distincte";"1";"A_POSITIONNER";"classeur ligne 755";"RECONDUIT";"";"OK_CALENDRIER_LOCAL";"NON";"Classeur 2026 ligne 755 ; date 2027 proposée, non validée par ce gate"
"2027";"QV26-COURS-JSP-JS24-VALORISATION-MONITEURS-MODULE-III-D8DEC6A2:O1:S1";"COURJSP.006";"Cours JSP JS24 - valorisation moniteurs - module III";"F7";"JSP";"Formation";"COURJSP";"JSP:G1";"JSP:1";"2027-10-02";"Samedi";"08:00";"17:30";"Caserne SDIS";"C for";"Aucune session distincte";"1";"A_POSITIONNER";"classeur ligne 701";"RECONDUIT";"";"OK_CALENDRIER_LOCAL";"NON";"Classeur 2026 ligne 701 ; date 2027 proposée, non validée par ce gate"
"2027";"QV26-COURS-JSP-JS24-VALORISATION-MONITEURS-MODULE-III-D8DEC6A2:O1:S1";"COURJSP.006";"Cours JSP JS24 - valorisation moniteurs - module III";"F7";"JSP";"Formation";"COURJSP";"JSP:C1";"JSP:1";"2027-10-02";"Samedi";"08:00";"17:30";"Caserne SDIS";"C for";"Aucune session distincte";"1";"A_POSITIONNER";"classeur ligne 701";"RECONDUIT";"";"OK_CALENDRIER_LOCAL";"NON";"Classeur 2026 ligne 701 ; date 2027 proposée, non validée par ce gate"
"2027";"QV26-COURS-JSP-JS24-VALORISATION-MONITEURS-MODULE-III-D8DEC6A2:O1:S1";"COURJSP.006";"Cours JSP JS24 - valorisation moniteurs - module III";"F7";"JSP";"Formation";"COURJSP";"JSP:B1";"JSP:1";"2027-10-02";"Samedi";"08:00";"17:30";"Caserne SDIS";"C for";"Aucune session distincte";"1";"A_POSITIONNER";"classeur ligne 701";"RECONDUIT";"";"OK_CALENDRIER_LOCAL";"NON";"Classeur 2026 ligne 701 ; date 2027 proposée, non validée par ce gate"
"2027";"QV26-EXERCICE-JSP-10-8D3FE965:O1:S1";"010JB1.002";"Exercice JSP 10";"F7";"JSP";"Exercice";"010JB1";"JSP:C1";"JSP:1";"2027-11-29";"Lundi";"18:00";"20:00";"Caserne C1";"Resp for JSP";"Aucune session distincte";"1";"A_POSITIONNER";"classeur ligne 823";"HUMAN_REVIEW";"";"OK_CALENDRIER_LOCAL";"OUI";"2 ligne(s) de même titre en 2026, sans lien source exact"
"2027";"QV26-EXERCICE-JSP-10-8D3FE965:O2:S1";"010JB1.002";"Exercice JSP 10";"F7";"JSP";"Exercice";"010JB1";"JSP:B1";"JSP:1";"2027-12-09";"Jeudi";"18:00";"20:00";"Caserne B1";"Resp for JSP";"Aucune session distincte";"1";"A_POSITIONNER";"classeur ligne 839";"RECONDUIT";"";"OK_CALENDRIER_LOCAL";"NON";"Classeur 2026 ligne 839 ; date 2027 proposée, non validée par ce gate"
"2027";"QV26-EXERCICE-JSP-3-0AFB4398:O1:S1";"010JB1.004";"Exercice JSP 3";"F7";"JSP";"Exercice";"010JB1";"JSP:C1";"JSP:1";"2027-03-01";"Lundi";"18:00";"20:00";"Caserne C1";"Resp for JSP";"Aucune session distincte";"1";"A_POSITIONNER";"classeur ligne 66";"HUMAN_REVIEW";"";"OK_CALENDRIER_LOCAL";"OUI";"3 ligne(s) de même titre en 2026, sans lien source exact"
"2027";"QV26-EXERCICE-JSP-3-0AFB4398:O2:S1";"010JB1.004";"Exercice JSP 3";"F7";"JSP";"Exercice";"010JB1";"JSP:B1";"JSP:1";"2027-03-22";"Lundi";"18:00";"20:00";"Caserne B1";"Resp for JSP";"Aucune session distincte";"1";"A_POSITIONNER";"classeur ligne 179";"RECONDUIT";"";"OK_CALENDRIER_LOCAL";"NON";"Classeur 2026 ligne 179 ; date 2027 proposée, non validée par ce gate"
"2027";"QV26-EXERCICE-JSP-3-0AFB4398:O3:S1";"010JB1.004";"Exercice JSP 3";"F7";"JSP";"Exercice";"010JB1";"JSP:G1";"JSP:1";"2027-03-27";"Samedi";"08:00";"11:30";"Caserne G1";"Resp for JSP";"Aucune session distincte";"1";"A_POSITIONNER";"classeur ligne 198";"HUMAN_REVIEW";"WEEKEND_FERIE|VACANCES_SCOLAIRES";"HUMAN_REVIEW_CALENDAR:WEEKEND_FERIE|VACANCES_SCOLAIRES";"OUI";"3 ligne(s) de même titre en 2026, sans lien source exact"
"2027";"QV26-EXERCICE-JSP-4-E8680A47:O1:S1";"010JB1.005";"Exercice JSP 4";"F7";"JSP";"Exercice";"010JB1";"JSP:C1";"JSP:1";"2027-03-29";"Lundi";"18:00";"20:00";"Caserne C1";"Resp for JSP";"Aucune session distincte";"1";"A_POSITIONNER";"classeur ligne 203";"HUMAN_REVIEW";"FERIE|VACANCES_SCOLAIRES";"HUMAN_REVIEW_CALENDAR:FERIE|VACANCES_SCOLAIRES";"OUI";"3 ligne(s) de même titre en 2026, sans lien source exact"
"2027";"QV26-EXERCICE-JSP-4-E8680A47:O2:S1";"010JB1.005";"Exercice JSP 4";"F7";"JSP";"Exercice";"010JB1";"JSP:B1";"JSP:1";"2027-04-21";"Mercredi";"18:00";"20:00";"Caserne B1";"Resp for JSP";"Aucune session distincte";"1";"A_POSITIONNER";"classeur ligne 250";"RECONDUIT";"";"OK_CALENDRIER_LOCAL";"NON";"Classeur 2026 ligne 250 ; date 2027 proposée, non validée par ce gate"
"2027";"QV26-EXERCICE-JSP-4-E8680A47:O3:S1";"010JB1.005";"Exercice JSP 4";"F7";"JSP";"Exercice";"010JB1";"JSP:G1";"JSP:1";"2027-05-01";"Samedi";"08:00";"11:30";"Caserne G1";"Resp for JSP";"Aucune session distincte";"1";"A_POSITIONNER";"classeur ligne 278";"HUMAN_REVIEW";"";"OK_CALENDRIER_LOCAL";"OUI";"3 ligne(s) de même titre en 2026, sans lien source exact"
"2027";"QV26-EXERCICE-JSP-5-AFD39D59:O1:S1";"010JB1.006";"Exercice JSP 5";"F7";"JSP";"Exercice";"010JB1";"JSP:C1";"JSP:1";"2027-05-03";"Lundi";"18:00";"20:00";"Caserne C1";"Resp for JSP";"Aucune session distincte";"1";"A_POSITIONNER";"classeur ligne 281";"HUMAN_REVIEW";"";"OK_CALENDRIER_LOCAL";"OUI";"3 ligne(s) de même titre en 2026, sans lien source exact"
"2027";"QV26-EXERCICE-JSP-5-AFD39D59:O2:S1";"010JB1.006";"Exercice JSP 5";"F7";"JSP";"Exercice";"010JB1";"JSP:B1";"JSP:1";"2027-05-18";"Mardi";"18:00";"20:00";"Caserne B1";"Resp for JSP";"Aucune session distincte";"1";"A_POSITIONNER";"classeur ligne 320";"RECONDUIT";"";"OK_CALENDRIER_LOCAL";"NON";"Classeur 2026 ligne 320 ; date 2027 proposée, non validée par ce gate"
"2027";"QV26-EXERCICE-JSP-5-AFD39D59:O3:S1";"010JB1.006";"Exercice JSP 5";"F7";"JSP";"Exercice";"010JB1";"JSP:G1";"JSP:1";"2027-08-28";"Samedi";"08:00";"11:30";"Caserne G1";"Resp for JSP";"Aucune session distincte";"1";"A_POSITIONNER";"classeur ligne 552";"HUMAN_REVIEW";"";"OK_CALENDRIER_LOCAL";"OUI";"3 ligne(s) de même titre en 2026, sans lien source exact"
"2027";"QV26-EXERCICE-JSP-6-0F4137C4:O1:S1";"010JB1.007";"Exercice JSP 6";"F7";"JSP";"Exercice";"010JB1";"JSP:C1";"JSP:1";"2027-05-31";"Lundi";"18:00";"20:00";"Caserne C1";"Resp for JSP";"Aucune session distincte";"1";"A_POSITIONNER";"classeur ligne 363";"HUMAN_REVIEW";"";"OK_CALENDRIER_LOCAL";"OUI";"3 ligne(s) de même titre en 2026, sans lien source exact"
"2027";"QV26-EXERCICE-JSP-6-0F4137C4:O2:S1";"010JB1.007";"Exercice JSP 6";"F7";"JSP";"Exercice";"010JB1";"JSP:B1";"JSP:1";"2027-06-17";"Jeudi";"18:00";"20:00";"Caserne B1";"Resp for JSP";"Aucune session distincte";"1";"A_POSITIONNER";"classeur ligne 432";"RECONDUIT";"";"OK_CALENDRIER_LOCAL";"NON";"Classeur 2026 ligne 432 ; date 2027 proposée, non validée par ce gate"
"2027";"QV26-EXERCICE-JSP-6-0F4137C4:O3:S1";"010JB1.007";"Exercice JSP 6";"F7";"JSP";"Exercice";"010JB1";"JSP:G1";"JSP:1";"2027-09-11";"Samedi";"08:00";"11:30";"Caserne G1";"Resp for JSP";"Aucune session distincte";"1";"A_POSITIONNER";"classeur ligne 611";"HUMAN_REVIEW";"";"OK_CALENDRIER_LOCAL";"OUI";"3 ligne(s) de même titre en 2026, sans lien source exact"
"2027";"QV26-EXERCICE-JSP-7-FDFC679C:O1:S1";"010JB1.008";"Exercice JSP 7";"F7";"JSP";"Exercice";"010JB1";"JSP:C1";"JSP:1";"2027-09-06";"Lundi";"18:00";"20:00";"Caserne C1";"Resp for JSP";"Aucune session distincte";"1";"A_POSITIONNER";"classeur ligne 587";"HUMAN_REVIEW";"";"OK_CALENDRIER_LOCAL";"OUI";"3 ligne(s) de même titre en 2026, sans lien source exact"
"2027";"QV26-EXERCICE-JSP-7-FDFC679C:O2:S1";"010JB1.008";"Exercice JSP 7";"F7";"JSP";"Exercice";"010JB1";"JSP:B1";"JSP:1";"2027-09-08";"Mercredi";"18:00";"20:00";"Caserne B1";"Resp for JSP";"Aucune session distincte";"1";"A_POSITIONNER";"classeur ligne 599";"RECONDUIT";"";"OK_CALENDRIER_LOCAL";"NON";"Classeur 2026 ligne 599 ; date 2027 proposée, non validée par ce gate"
"2027";"QV26-EXERCICE-JSP-7-FDFC679C:O3:S1";"010JB1.008";"Exercice JSP 7";"F7";"JSP";"Exercice";"010JB1";"JSP:G1";"JSP:1";"2027-11-13";"Samedi";"08:00";"11:30";"Caserne G1";"Resp for JSP";"Aucune session distincte";"1";"A_POSITIONNER";"classeur ligne 799";"HUMAN_REVIEW";"";"OK_CALENDRIER_LOCAL";"OUI";"3 ligne(s) de même titre en 2026, sans lien source exact"
"2027";"QV26-EXERCICE-JSP-8-1A631BAF:O1:S1";"010JB1.009";"Exercice JSP 8";"F7";"JSP";"Exercice";"010JB1";"JSP:C1";"JSP:1";"2027-10-04";"Lundi";"18:00";"20:00";"Caserne C1";"Resp for JSP";"Aucune session distincte";"1";"A_POSITIONNER";"classeur ligne 706";"HUMAN_REVIEW";"";"OK_CALENDRIER_LOCAL";"OUI";"3 ligne(s) de même titre en 2026, sans lien source exact"
"2027";"QV26-EXERCICE-JSP-8-1A631BAF:O2:S1";"010JB1.009";"Exercice JSP 8";"F7";"JSP";"Exercice";"010JB1";"JSP:B1";"JSP:1";"2027-10-05";"Mardi";"18:00";"20:00";"Caserne B1";"Resp for JSP";"Aucune session distincte";"1";"A_POSITIONNER";"classeur ligne 710";"RECONDUIT";"";"OK_CALENDRIER_LOCAL";"NON";"Classeur 2026 ligne 710 ; date 2027 proposée, non validée par ce gate"
"2027";"QV26-EXERCICE-JSP-8-1A631BAF:O3:S1";"010JB1.009";"Exercice JSP 8";"F7";"JSP";"Exercice";"010JB1";"JSP:G1";"JSP:1";"2027-11-27";"Samedi";"08:00";"11:30";"Caserne G1";"Resp for JSP";"Aucune session distincte";"1";"A_POSITIONNER";"classeur ligne 822";"HUMAN_REVIEW";"";"OK_CALENDRIER_LOCAL";"OUI";"3 ligne(s) de même titre en 2026, sans lien source exact"
"2027";"QV26-EXERCICE-JSP-9-4C059910:O1:S1";"010JB1.010";"Exercice JSP 9";"F7";"JSP";"Exercice";"010JB1";"JSP:C1";"JSP:1";"2027-11-01";"Lundi";"18:00";"20:00";"Caserne C1";"Resp for JSP";"Aucune session distincte";"1";"A_POSITIONNER";"classeur ligne 760";"HUMAN_REVIEW";"";"OK_CALENDRIER_LOCAL";"OUI";"2 ligne(s) de même titre en 2026, sans lien source exact"
"2027";"QV26-EXERCICE-JSP-9-4C059910:O2:S1";"010JB1.010";"Exercice JSP 9";"F7";"JSP";"Exercice";"010JB1";"JSP:B1";"JSP:1";"2027-11-03";"Mercredi";"18:00";"20:00";"Caserne B1";"Resp for JSP";"Aucune session distincte";"1";"A_POSITIONNER";"classeur ligne 768";"RECONDUIT";"";"OK_CALENDRIER_LOCAL";"NON";"Classeur 2026 ligne 768 ; date 2027 proposée, non validée par ce gate"
"2027";"QV26-EXERCICE-JSP-CADETS-1-0B869038:O1:S1";"010JSP.011";"Exercice JSP Cadets 1";"F7";"JSP";"Exercice";"010JSP";"JSP:G1";"JSP:1";"2027-03-20";"Samedi";"08:00";"11:00";"Caserne G1";"Resp for JSP";"Aucune session distincte";"1";"A_POSITIONNER";"classeur ligne 175";"RECONDUIT";"";"OK_CALENDRIER_LOCAL";"NON";"Classeur 2026 ligne 175 ; date 2027 proposée, non validée par ce gate"
"2027";"QV26-EXERCICE-JSP-CADETS-1-0B869038:O1:S1";"010JSP.011";"Exercice JSP Cadets 1";"F7";"JSP";"Exercice";"010JSP";"JSP:C1";"JSP:1";"2027-03-20";"Samedi";"08:00";"11:00";"Caserne G1";"Resp for JSP";"Aucune session distincte";"1";"A_POSITIONNER";"classeur ligne 175";"RECONDUIT";"";"OK_CALENDRIER_LOCAL";"NON";"Classeur 2026 ligne 175 ; date 2027 proposée, non validée par ce gate"
"2027";"QV26-EXERCICE-JSP-CADETS-1-0B869038:O1:S1";"010JSP.011";"Exercice JSP Cadets 1";"F7";"JSP";"Exercice";"010JSP";"JSP:B1";"JSP:1";"2027-03-20";"Samedi";"08:00";"11:00";"Caserne G1";"Resp for JSP";"Aucune session distincte";"1";"A_POSITIONNER";"classeur ligne 175";"RECONDUIT";"";"OK_CALENDRIER_LOCAL";"NON";"Classeur 2026 ligne 175 ; date 2027 proposée, non validée par ce gate"
"2027";"QV26-EXERCICE-JSP-CADETS-2-DE49BBCD:O1:S1";"010JSP.012";"Exercice JSP Cadets 2";"F7";"JSP";"Exercice";"010JSP";"JSP:G1";"JSP:1";"2027-03-06";"Samedi";"08:00";"11:30";"Caserne G1";"Resp for JSP";"Aucune session distincte";"1";"A_POSITIONNER";"classeur ligne 100";"HUMAN_REVIEW";"";"OK_CALENDRIER_LOCAL";"OUI";"Aucune correspondance 2026 exacte prouvée"
"2027";"QV26-EXERCICE-JSP-CADETS-2-DE49BBCD:O1:S1";"010JSP.012";"Exercice JSP Cadets 2";"F7";"JSP";"Exercice";"010JSP";"JSP:C1";"JSP:1";"2027-03-06";"Samedi";"08:00";"11:30";"Caserne G1";"Resp for JSP";"Aucune session distincte";"1";"A_POSITIONNER";"classeur ligne 100";"HUMAN_REVIEW";"";"OK_CALENDRIER_LOCAL";"OUI";"Aucune correspondance 2026 exacte prouvée"
"2027";"QV26-EXERCICE-JSP-CADETS-2-DE49BBCD:O1:S1";"010JSP.012";"Exercice JSP Cadets 2";"F7";"JSP";"Exercice";"010JSP";"JSP:B1";"JSP:1";"2027-03-06";"Samedi";"08:00";"11:30";"Caserne G1";"Resp for JSP";"Aucune session distincte";"1";"A_POSITIONNER";"classeur ligne 100";"HUMAN_REVIEW";"";"OK_CALENDRIER_LOCAL";"OUI";"Aucune correspondance 2026 exacte prouvée"
"2027";"QV26-FORMATION-CEMEA-MODULE-1-345181CE:O1:S1";"010JSP.013";"Formation CEMEA, module 1";"F7";"JSP";"Formation";"010JSP";"JSP:G1";"JSP:1";"2027-03-13";"Samedi";"09:00";"12:00";"Caserne G1";"C for";"Aucune session distincte";"1";"A_POSITIONNER";"classeur ligne 139";"HUMAN_REVIEW";"";"OK_CALENDRIER_LOCAL";"OUI";"Aucune correspondance 2026 exacte prouvée"
"2027";"QV26-FORMATION-CEMEA-MODULE-1-345181CE:O1:S1";"010JSP.013";"Formation CEMEA, module 1";"F7";"JSP";"Formation";"010JSP";"JSP:C1";"JSP:1";"2027-03-13";"Samedi";"09:00";"12:00";"Caserne G1";"C for";"Aucune session distincte";"1";"A_POSITIONNER";"classeur ligne 139";"HUMAN_REVIEW";"";"OK_CALENDRIER_LOCAL";"OUI";"Aucune correspondance 2026 exacte prouvée"
"2027";"QV26-FORMATION-CEMEA-MODULE-1-345181CE:O1:S1";"010JSP.013";"Formation CEMEA, module 1";"F7";"JSP";"Formation";"010JSP";"JSP:B1";"JSP:1";"2027-03-13";"Samedi";"09:00";"12:00";"Caserne G1";"C for";"Aucune session distincte";"1";"A_POSITIONNER";"classeur ligne 139";"HUMAN_REVIEW";"";"OK_CALENDRIER_LOCAL";"OUI";"Aucune correspondance 2026 exacte prouvée"
"2027";"QV26-FORMATION-CEMEA-MODULE-2-E7D2BFB8:O1:S1";"010JSP.014";"Formation CEMEA, module 2";"F7";"JSP";"Formation";"010JSP";"JSP:G1";"JSP:1";"2027-03-13";"Samedi";"13:30";"16:30";"Caserne G1";"C for";"Aucune session distincte";"1";"A_POSITIONNER";"classeur ligne 144";"HUMAN_REVIEW";"";"OK_CALENDRIER_LOCAL";"OUI";"Aucune correspondance 2026 exacte prouvée"
"2027";"QV26-FORMATION-CEMEA-MODULE-2-E7D2BFB8:O1:S1";"010JSP.014";"Formation CEMEA, module 2";"F7";"JSP";"Formation";"010JSP";"JSP:C1";"JSP:1";"2027-03-13";"Samedi";"13:30";"16:30";"Caserne G1";"C for";"Aucune session distincte";"1";"A_POSITIONNER";"classeur ligne 144";"HUMAN_REVIEW";"";"OK_CALENDRIER_LOCAL";"OUI";"Aucune correspondance 2026 exacte prouvée"
"2027";"QV26-FORMATION-CEMEA-MODULE-2-E7D2BFB8:O1:S1";"010JSP.014";"Formation CEMEA, module 2";"F7";"JSP";"Formation";"010JSP";"JSP:B1";"JSP:1";"2027-03-13";"Samedi";"13:30";"16:30";"Caserne G1";"C for";"Aucune session distincte";"1";"A_POSITIONNER";"classeur ligne 144";"HUMAN_REVIEW";"";"OK_CALENDRIER_LOCAL";"OUI";"Aucune correspondance 2026 exacte prouvée"
"2027";"QV26-FORMATION-CEMEA-MODULE-3-4425518E:O1:S1";"010JSP.015";"Formation CEMEA, module 3";"F7";"JSP";"Formation";"010JSP";"JSP:G1";"JSP:1";"2027-06-12";"Samedi";"09:00";"12:00";"Caserne G1";"C for";"Aucune session distincte";"1";"A_POSITIONNER";"classeur ligne 414";"HUMAN_REVIEW";"";"OK_CALENDRIER_LOCAL";"OUI";"Aucune correspondance 2026 exacte prouvée"
"2027";"QV26-FORMATION-CEMEA-MODULE-3-4425518E:O1:S1";"010JSP.015";"Formation CEMEA, module 3";"F7";"JSP";"Formation";"010JSP";"JSP:C1";"JSP:1";"2027-06-12";"Samedi";"09:00";"12:00";"Caserne G1";"C for";"Aucune session distincte";"1";"A_POSITIONNER";"classeur ligne 414";"HUMAN_REVIEW";"";"OK_CALENDRIER_LOCAL";"OUI";"Aucune correspondance 2026 exacte prouvée"
"2027";"QV26-FORMATION-CEMEA-MODULE-3-4425518E:O1:S1";"010JSP.015";"Formation CEMEA, module 3";"F7";"JSP";"Formation";"010JSP";"JSP:B1";"JSP:1";"2027-06-12";"Samedi";"09:00";"12:00";"Caserne G1";"C for";"Aucune session distincte";"1";"A_POSITIONNER";"classeur ligne 414";"HUMAN_REVIEW";"";"OK_CALENDRIER_LOCAL";"OUI";"Aucune correspondance 2026 exacte prouvée"
"2027";"QV26-FORMATION-CEMEA-MODULE-4-F7E51360:O1:S1";"010JSP.016";"Formation CEMEA, module 4";"F7";"JSP";"Formation";"010JSP";"JSP:G1";"JSP:1";"2027-06-12";"Samedi";"13:30";"16:30";"Caserne G1";"C for";"Aucune session distincte";"1";"A_POSITIONNER";"classeur ligne 415";"HUMAN_REVIEW";"";"OK_CALENDRIER_LOCAL";"OUI";"Aucune correspondance 2026 exacte prouvée"
"2027";"QV26-FORMATION-CEMEA-MODULE-4-F7E51360:O1:S1";"010JSP.016";"Formation CEMEA, module 4";"F7";"JSP";"Formation";"010JSP";"JSP:C1";"JSP:1";"2027-06-12";"Samedi";"13:30";"16:30";"Caserne G1";"C for";"Aucune session distincte";"1";"A_POSITIONNER";"classeur ligne 415";"HUMAN_REVIEW";"";"OK_CALENDRIER_LOCAL";"OUI";"Aucune correspondance 2026 exacte prouvée"
"2027";"QV26-FORMATION-CEMEA-MODULE-4-F7E51360:O1:S1";"010JSP.016";"Formation CEMEA, module 4";"F7";"JSP";"Formation";"010JSP";"JSP:B1";"JSP:1";"2027-06-12";"Samedi";"13:30";"16:30";"Caserne G1";"C for";"Aucune session distincte";"1";"A_POSITIONNER";"classeur ligne 415";"HUMAN_REVIEW";"";"OK_CALENDRIER_LOCAL";"OUI";"Aucune correspondance 2026 exacte prouvée"
"2027";"QV26-FORMATION-GROUPEE-JSP-9B5BDE99:O1:S1";"010JSP.017";"Formation groupée JSP";"F7";"JSP";"Formation";"010JSP";"JSP:G1";"JSP:1";"2027-05-29";"Samedi";"08:00";"10:00";"Caserne G1";"C JSP";"Aucune session distincte";"1";"A_POSITIONNER";"classeur ligne 357";"HUMAN_REVIEW";"";"OK_CALENDRIER_LOCAL";"OUI";"Aucune correspondance 2026 exacte prouvée"
"2027";"QV26-FORMATION-GROUPEE-JSP-9B5BDE99:O1:S1";"010JSP.017";"Formation groupée JSP";"F7";"JSP";"Formation";"010JSP";"JSP:C1";"JSP:1";"2027-05-29";"Samedi";"08:00";"10:00";"Caserne G1";"C JSP";"Aucune session distincte";"1";"A_POSITIONNER";"classeur ligne 357";"HUMAN_REVIEW";"";"OK_CALENDRIER_LOCAL";"OUI";"Aucune correspondance 2026 exacte prouvée"
"2027";"QV26-FORMATION-GROUPEE-JSP-9B5BDE99:O1:S1";"010JSP.017";"Formation groupée JSP";"F7";"JSP";"Formation";"010JSP";"JSP:B1";"JSP:1";"2027-05-29";"Samedi";"08:00";"10:00";"Caserne G1";"C JSP";"Aucune session distincte";"1";"A_POSITIONNER";"classeur ligne 357";"HUMAN_REVIEW";"";"OK_CALENDRIER_LOCAL";"OUI";"Aucune correspondance 2026 exacte prouvée"
"2027";"QV26-FORMATION-GROUPEE-JSP-9B5BDE99:O2:S1";"010JSP.017";"Formation groupée JSP";"F7";"JSP";"Formation";"010JSP";"JSP:G1";"JSP:1";"2027-05-29";"Samedi";"10:00";"12:00";"Caserne G1";"C JSP";"Aucune session distincte";"1";"A_POSITIONNER";"classeur ligne 358";"HUMAN_REVIEW";"";"OK_CALENDRIER_LOCAL";"OUI";"Aucune correspondance 2026 exacte prouvée"
"2027";"QV26-FORMATION-GROUPEE-JSP-9B5BDE99:O2:S1";"010JSP.017";"Formation groupée JSP";"F7";"JSP";"Formation";"010JSP";"JSP:C1";"JSP:1";"2027-05-29";"Samedi";"10:00";"12:00";"Caserne G1";"C JSP";"Aucune session distincte";"1";"A_POSITIONNER";"classeur ligne 358";"HUMAN_REVIEW";"";"OK_CALENDRIER_LOCAL";"OUI";"Aucune correspondance 2026 exacte prouvée"
"2027";"QV26-FORMATION-GROUPEE-JSP-9B5BDE99:O2:S1";"010JSP.017";"Formation groupée JSP";"F7";"JSP";"Formation";"010JSP";"JSP:B1";"JSP:1";"2027-05-29";"Samedi";"10:00";"12:00";"Caserne G1";"C JSP";"Aucune session distincte";"1";"A_POSITIONNER";"classeur ligne 358";"HUMAN_REVIEW";"";"OK_CALENDRIER_LOCAL";"OUI";"Aucune correspondance 2026 exacte prouvée"
"2027";"QV26-FORMATION-GROUPEE-JSP-9B5BDE99:O3:S1";"010JSP.017";"Formation groupée JSP";"F7";"JSP";"Formation";"010JSP";"JSP:G1";"JSP:1";"2027-05-29";"Samedi";"13:00";"15:00";"Caserne G1";"C JSP";"Aucune session distincte";"1";"A_POSITIONNER";"classeur ligne 359";"HUMAN_REVIEW";"";"OK_CALENDRIER_LOCAL";"OUI";"Aucune correspondance 2026 exacte prouvée"
"2027";"QV26-FORMATION-GROUPEE-JSP-9B5BDE99:O3:S1";"010JSP.017";"Formation groupée JSP";"F7";"JSP";"Formation";"010JSP";"JSP:C1";"JSP:1";"2027-05-29";"Samedi";"13:00";"15:00";"Caserne G1";"C JSP";"Aucune session distincte";"1";"A_POSITIONNER";"classeur ligne 359";"HUMAN_REVIEW";"";"OK_CALENDRIER_LOCAL";"OUI";"Aucune correspondance 2026 exacte prouvée"
"2027";"QV26-FORMATION-GROUPEE-JSP-9B5BDE99:O3:S1";"010JSP.017";"Formation groupée JSP";"F7";"JSP";"Formation";"010JSP";"JSP:B1";"JSP:1";"2027-05-29";"Samedi";"13:00";"15:00";"Caserne G1";"C JSP";"Aucune session distincte";"1";"A_POSITIONNER";"classeur ligne 359";"HUMAN_REVIEW";"";"OK_CALENDRIER_LOCAL";"OUI";"Aucune correspondance 2026 exacte prouvée"
"2027";"QV26-FORMATION-GROUPEE-JSP-9B5BDE99:O4:S1";"010JSP.017";"Formation groupée JSP";"F7";"JSP";"Formation";"010JSP";"JSP:G1";"JSP:1";"2027-05-29";"Samedi";"15:00";"17:00";"Caserne G1";"C JSP";"Aucune session distincte";"1";"A_POSITIONNER";"classeur ligne 361";"HUMAN_REVIEW";"";"OK_CALENDRIER_LOCAL";"OUI";"Aucune correspondance 2026 exacte prouvée"
"2027";"QV26-FORMATION-GROUPEE-JSP-9B5BDE99:O4:S1";"010JSP.017";"Formation groupée JSP";"F7";"JSP";"Formation";"010JSP";"JSP:C1";"JSP:1";"2027-05-29";"Samedi";"15:00";"17:00";"Caserne G1";"C JSP";"Aucune session distincte";"1";"A_POSITIONNER";"classeur ligne 361";"HUMAN_REVIEW";"";"OK_CALENDRIER_LOCAL";"OUI";"Aucune correspondance 2026 exacte prouvée"
"2027";"QV26-FORMATION-GROUPEE-JSP-9B5BDE99:O4:S1";"010JSP.017";"Formation groupée JSP";"F7";"JSP";"Formation";"010JSP";"JSP:B1";"JSP:1";"2027-05-29";"Samedi";"15:00";"17:00";"Caserne G1";"C JSP";"Aucune session distincte";"1";"A_POSITIONNER";"classeur ligne 361";"HUMAN_REVIEW";"";"OK_CALENDRIER_LOCAL";"OUI";"Aucune correspondance 2026 exacte prouvée"
"2027";"QV26-GRILLADES-DES-JSP-NORD-VAUDOIS-FAB9001B:O1:S1";"010JSP.018";"Grillades des JSP Nord vaudois";"JSP";"JSP";"Événement";"010JSP";"JSP:G1";"JSP:1";"2027-06-11";"Vendredi";"18:00";"22:00";"Caserne G1";"C JSP";"Aucune session distincte";"1";"A_POSITIONNER";"classeur ligne 410";"RECONDUIT";"";"OK_CALENDRIER_LOCAL";"NON";"Classeur 2026 ligne 410 ; date 2027 proposée, non validée par ce gate"
"2027";"QV26-GRILLADES-DES-JSP-NORD-VAUDOIS-FAB9001B:O1:S1";"010JSP.018";"Grillades des JSP Nord vaudois";"JSP";"JSP";"Événement";"010JSP";"JSP:C1";"JSP:1";"2027-06-11";"Vendredi";"18:00";"22:00";"Caserne G1";"C JSP";"Aucune session distincte";"1";"A_POSITIONNER";"classeur ligne 410";"RECONDUIT";"";"OK_CALENDRIER_LOCAL";"NON";"Classeur 2026 ligne 410 ; date 2027 proposée, non validée par ce gate"
"2027";"QV26-GRILLADES-DES-JSP-NORD-VAUDOIS-FAB9001B:O1:S1";"010JSP.018";"Grillades des JSP Nord vaudois";"JSP";"JSP";"Événement";"010JSP";"JSP:B1";"JSP:1";"2027-06-11";"Vendredi";"18:00";"22:00";"Caserne G1";"C JSP";"Aucune session distincte";"1";"A_POSITIONNER";"classeur ligne 410";"RECONDUIT";"";"OK_CALENDRIER_LOCAL";"NON";"Classeur 2026 ligne 410 ; date 2027 proposée, non validée par ce gate"
"2027";"QV26-GROUPE-DE-TRAVAIL-JSP-2A45EC4E:O1:S1";"010JSP.019";"Groupe de travail JSP";"F7";"JSP";"Événement";"010JSP";"JSP:G1";"JSP:1";"2027-03-03";"Mercredi";"18:00";"21:00";"Caserne G1";"C JSP";"Aucune session distincte";"1";"A_POSITIONNER";"classeur ligne 79";"RECONDUIT";"";"OK_CALENDRIER_LOCAL";"NON";"Classeur 2026 ligne 79 ; date 2027 proposée, non validée par ce gate"
"2027";"QV26-GROUPE-DE-TRAVAIL-JSP-2A45EC4E:O2:S1";"010JSP.019";"Groupe de travail JSP";"F7";"JSP";"Événement";"010JSP";"JSP:G1";"JSP:1";"2027-03-17";"Mercredi";"18:00";"21:00";"Caserne G1";"C JSP";"Aucune session distincte";"1";"A_POSITIONNER";"classeur ligne 158";"RECONDUIT";"";"OK_CALENDRIER_LOCAL";"NON";"Classeur 2026 ligne 158 ; date 2027 proposée, non validée par ce gate"
"2027";"QV26-GROUPE-DE-TRAVAIL-JSP-2A45EC4E:O3:S1";"010JSP.019";"Groupe de travail JSP";"F7";"JSP";"Événement";"010JSP";"JSP:C1";"JSP:1";"2027-04-27";"Mardi";"18:00";"21:00";"Caserne C1";"C JSP";"Aucune session distincte";"1";"A_POSITIONNER";"classeur ligne 263";"RECONDUIT";"";"OK_CALENDRIER_LOCAL";"NON";"Classeur 2026 ligne 263 ; date 2027 proposée, non validée par ce gate"
"2027";"QV26-GROUPE-DE-TRAVAIL-JSP-2A45EC4E:O4:S1";"010JSP.019";"Groupe de travail JSP";"F7";"JSP";"Événement";"010JSP";"JSP:B1";"JSP:1";"2027-06-24";"Jeudi";"18:00";"21:00";"Caserne B1";"C JSP";"Aucune session distincte";"1";"A_POSITIONNER";"classeur ligne 461";"RECONDUIT";"";"OK_CALENDRIER_LOCAL";"NON";"Classeur 2026 ligne 461 ; date 2027 proposée, non validée par ce gate"
"2027";"QV26-GROUPE-DE-TRAVAIL-JSP-2A45EC4E:O5:S1";"010JSP.019";"Groupe de travail JSP";"F7";"JSP";"Événement";"010JSP";"JSP:G1";"JSP:1";"2027-09-07";"Mardi";"18:00";"21:00";"Caserne G1";"C JSP";"Aucune session distincte";"1";"A_POSITIONNER";"classeur ligne 591";"RECONDUIT";"";"OK_CALENDRIER_LOCAL";"NON";"Classeur 2026 ligne 591 ; date 2027 proposée, non validée par ce gate"
"2027";"QV26-GROUPE-DE-TRAVAIL-JSP-2A45EC4E:O6:S1";"010JSP.019";"Groupe de travail JSP";"F7";"JSP";"Événement";"010JSP";"JSP:G1";"JSP:1";"2027-11-09";"Mardi";"18:00";"21:00";"Caserne G1";"C JSP";"Aucune session distincte";"1";"A_POSITIONNER";"classeur ligne 789";"RECONDUIT";"";"OK_CALENDRIER_LOCAL";"NON";"Classeur 2026 ligne 789 ; date 2027 proposée, non validée par ce gate"
"2027";"QV26-SEANCE-D-INFORMATION-JSP-26-8AF725E5:O1:S1";"010JSP.020";"Séance d'information JSP '26";"JSP";"JSP";"Événement";"010JSP";"JSP:G1";"JSP:1";"2027-12-15";"Mercredi";"19:00";"21:00";"Caserne G1";"C JSP";"Aucune session distincte";"1";"A_POSITIONNER";"classeur ligne 850";"RECONDUIT";"";"OK_CALENDRIER_LOCAL";"NON";"Classeur 2026 ligne 850 ; date 2027 proposée, non validée par ce gate"
"2027";"QV26-SEANCE-D-INFORMATION-JSP-26-8AF725E5:O1:S1";"010JSP.020";"Séance d'information JSP '26";"JSP";"JSP";"Événement";"010JSP";"JSP:C1";"JSP:1";"2027-12-15";"Mercredi";"19:00";"21:00";"Caserne G1";"C JSP";"Aucune session distincte";"1";"A_POSITIONNER";"classeur ligne 850";"RECONDUIT";"";"OK_CALENDRIER_LOCAL";"NON";"Classeur 2026 ligne 850 ; date 2027 proposée, non validée par ce gate"
"2027";"QV26-SEANCE-D-INFORMATION-JSP-26-8AF725E5:O1:S1";"010JSP.020";"Séance d'information JSP '26";"JSP";"JSP";"Événement";"010JSP";"JSP:B1";"JSP:1";"2027-12-15";"Mercredi";"19:00";"21:00";"Caserne G1";"C JSP";"Aucune session distincte";"1";"A_POSITIONNER";"classeur ligne 850";"RECONDUIT";"";"OK_CALENDRIER_LOCAL";"NON";"Classeur 2026 ligne 850 ; date 2027 proposée, non validée par ce gate"
"2027";"QV26-SEANCE-INSTRUCTION-JSP-49B17B96:O1:S1";"010JSP.022";"Séance instruction JSP";"F7";"JSP";"Instruction";"010JSP";"JSP:G1";"JSP:1";"2027-11-30";"Mardi";"18:00";"21:00";"Caserne G1";"C JSP";"Aucune session distincte";"1";"A_POSITIONNER";"classeur ligne 827";"RECONDUIT";"";"OK_CALENDRIER_LOCAL";"NON";"Classeur 2026 ligne 827 ; date 2027 proposée, non validée par ce gate"
"2027";"QV26-SEANCE-INSTRUCTION-JSP-49B17B96:O1:S1";"010JSP.022";"Séance instruction JSP";"F7";"JSP";"Instruction";"010JSP";"JSP:C1";"JSP:1";"2027-11-30";"Mardi";"18:00";"21:00";"Caserne G1";"C JSP";"Aucune session distincte";"1";"A_POSITIONNER";"classeur ligne 827";"RECONDUIT";"";"OK_CALENDRIER_LOCAL";"NON";"Classeur 2026 ligne 827 ; date 2027 proposée, non validée par ce gate"
"2027";"QV26-SEANCE-INSTRUCTION-JSP-49B17B96:O1:S1";"010JSP.022";"Séance instruction JSP";"F7";"JSP";"Instruction";"010JSP";"JSP:B1";"JSP:1";"2027-11-30";"Mardi";"18:00";"21:00";"Caserne G1";"C JSP";"Aucune session distincte";"1";"A_POSITIONNER";"classeur ligne 827";"RECONDUIT";"";"OK_CALENDRIER_LOCAL";"NON";"Classeur 2026 ligne 827 ; date 2027 proposée, non validée par ce gate"
"2027";"QV26-SEANCE-INTERNE-CADRES-JSP-21EF2225:O1:S1";"010JB1.011";"Séance interne cadres JSP";"F7";"JSP";"Événement";"010JB1";"JSP:G1";"JSP:1";"2027-09-13";"Lundi";"18:00";"21:00";"Caserne G1";"C site JSP";"Aucune session distincte";"1";"A_POSITIONNER";"classeur ligne 617";"HUMAN_REVIEW";"";"OK_CALENDRIER_LOCAL";"OUI";"3 ligne(s) de même titre en 2026, sans lien source exact"
"2027";"QV26-SEANCE-INTERNE-CADRES-JSP-21EF2225:O2:S1";"010JB1.011";"Séance interne cadres JSP";"F7";"JSP";"Événement";"010JB1";"JSP:C1";"JSP:1";"2027-09-13";"Lundi";"18:00";"21:00";"Caserne C1";"C site JSP";"Aucune session distincte";"1";"A_POSITIONNER";"classeur ligne 619";"HUMAN_REVIEW";"";"OK_CALENDRIER_LOCAL";"OUI";"3 ligne(s) de même titre en 2026, sans lien source exact"
"2027";"QV26-SOIREE-DES-PRESIDENTS-JSP-94AEF2C2:O1:S1";"010JSP.023";"Soirée des présidents JSP";"F7";"JSP";"Événement";"010JSP";"JSP:G1";"JSP:1";"2027-06-10";"Jeudi";"19:00";"23:00";"À définir";"C JSP";"Aucune session distincte";"1";"A_POSITIONNER";"classeur ligne 405";"RECONDUIT";"";"OK_CALENDRIER_LOCAL";"NON";"Classeur 2026 ligne 405 ; date 2027 proposée, non validée par ce gate"
"2027";"QV26-SOIREE-DES-PRESIDENTS-JSP-94AEF2C2:O1:S1";"010JSP.023";"Soirée des présidents JSP";"F7";"JSP";"Événement";"010JSP";"JSP:C1";"JSP:1";"2027-06-10";"Jeudi";"19:00";"23:00";"À définir";"C JSP";"Aucune session distincte";"1";"A_POSITIONNER";"classeur ligne 405";"RECONDUIT";"";"OK_CALENDRIER_LOCAL";"NON";"Classeur 2026 ligne 405 ; date 2027 proposée, non validée par ce gate"
"2027";"QV26-SOIREE-DES-PRESIDENTS-JSP-94AEF2C2:O1:S1";"010JSP.023";"Soirée des présidents JSP";"F7";"JSP";"Événement";"010JSP";"JSP:B1";"JSP:1";"2027-06-10";"Jeudi";"19:00";"23:00";"À définir";"C JSP";"Aucune session distincte";"1";"A_POSITIONNER";"classeur ligne 405";"RECONDUIT";"";"OK_CALENDRIER_LOCAL";"NON";"Classeur 2026 ligne 405 ; date 2027 proposée, non validée par ce gate"
"2027";"QV26-TEST-FLAMMES-1-620C8786:O1:S1";"010JSP.024";"Test flammes 1";"F7";"JSP";"Formation";"010JSP";"JSP:G1";"JSP:1";"2027-09-08";"Mercredi";"14:00";"18:00";"Caserne G1";"C JSP";"Aucune session distincte";"1";"A_POSITIONNER";"classeur ligne 597";"RECONDUIT";"";"OK_CALENDRIER_LOCAL";"NON";"Classeur 2026 ligne 597 ; date 2027 proposée, non validée par ce gate"
"2027";"QV26-TEST-FLAMMES-1-620C8786:O1:S1";"010JSP.024";"Test flammes 1";"F7";"JSP";"Formation";"010JSP";"JSP:C1";"JSP:1";"2027-09-08";"Mercredi";"14:00";"18:00";"Caserne G1";"C JSP";"Aucune session distincte";"1";"A_POSITIONNER";"classeur ligne 597";"RECONDUIT";"";"OK_CALENDRIER_LOCAL";"NON";"Classeur 2026 ligne 597 ; date 2027 proposée, non validée par ce gate"
"2027";"QV26-TEST-FLAMMES-1-620C8786:O1:S1";"010JSP.024";"Test flammes 1";"F7";"JSP";"Formation";"010JSP";"JSP:B1";"JSP:1";"2027-09-08";"Mercredi";"14:00";"18:00";"Caserne G1";"C JSP";"Aucune session distincte";"1";"A_POSITIONNER";"classeur ligne 597";"RECONDUIT";"";"OK_CALENDRIER_LOCAL";"NON";"Classeur 2026 ligne 597 ; date 2027 proposée, non validée par ce gate"
"2027";"QV26-TEST-FLAMMES-2-2A7A6665:O1:S1";"010JSP.025";"Test flammes 2";"F7";"JSP";"Formation";"010JSP";"JSP:G1";"JSP:1";"2027-09-15";"Mercredi";"14:00";"18:00";"Caserne G1";"C JSP";"Aucune session distincte";"1";"A_POSITIONNER";"classeur ligne 626";"RECONDUIT";"";"OK_CALENDRIER_LOCAL";"NON";"Classeur 2026 ligne 626 ; date 2027 proposée, non validée par ce gate"
"2027";"QV26-TEST-FLAMMES-2-2A7A6665:O1:S1";"010JSP.025";"Test flammes 2";"F7";"JSP";"Formation";"010JSP";"JSP:C1";"JSP:1";"2027-09-15";"Mercredi";"14:00";"18:00";"Caserne G1";"C JSP";"Aucune session distincte";"1";"A_POSITIONNER";"classeur ligne 626";"RECONDUIT";"";"OK_CALENDRIER_LOCAL";"NON";"Classeur 2026 ligne 626 ; date 2027 proposée, non validée par ce gate"
"2027";"QV26-TEST-FLAMMES-2-2A7A6665:O1:S1";"010JSP.025";"Test flammes 2";"F7";"JSP";"Formation";"010JSP";"JSP:B1";"JSP:1";"2027-09-15";"Mercredi";"14:00";"18:00";"Caserne G1";"C JSP";"Aucune session distincte";"1";"A_POSITIONNER";"classeur ligne 626";"RECONDUIT";"";"OK_CALENDRIER_LOCAL";"NON";"Classeur 2026 ligne 626 ; date 2027 proposée, non validée par ce gate"
"2027";"QV26-ENTRETIEN-DE-COLLABORATION-AVEC-COMMANDANT-B80CFF32:O1:S1";"010FOBA.001";"Entretien de collaboration avec Commandant";"F7";"FOBA";"Événement";"010FOBA";"DPS:G1";"FOBA:2";"2027-11-15";"Lundi";"17:00";"20:00";"Caserne G1";"Cdt";"Aucune session distincte";"1";"A_POSITIONNER";"classeur ligne 800";"RECONDUIT";"";"OK_CALENDRIER_LOCAL";"NON";"Classeur 2026 ligne 800 ; date 2027 proposée, non validée par ce gate"
"2027";"QV26-ENTRETIEN-DE-COLLABORATION-AVEC-COMMANDANT-B80CFF32:O2:S1";"010FOBA.001";"Entretien de collaboration avec Commandant";"F7";"FOBA";"Événement";"010FOBA";"DPS:G1";"FOBA:2";"2027-11-16";"Mardi";"17:00";"20:00";"Caserne G1";"Cdt";"Aucune session distincte";"1";"A_POSITIONNER";"classeur ligne 802";"RECONDUIT";"";"OK_CALENDRIER_LOCAL";"NON";"Classeur 2026 ligne 802 ; date 2027 proposée, non validée par ce gate"
"2027";"QV26-EQUIPEMENT-PERSONNEL-DPS-PHOTO-INDIVIDUELLE-1204623F:O1:S1";"070F4.005";"Équipement personnel DPS + photo individuelle";"F4";"";"Événement";"070F4";"DPS:G1";"FOBA:1, FOBA:2";"2027-12-13";"Lundi";"18:00";"20:00";"Caserne G1";"C log";"Aucune session distincte";"1";"A_POSITIONNER";"classeur ligne 849";"RECONDUIT";"";"OK_CALENDRIER_LOCAL";"NON";"Classeur 2026 ligne 849 ; date 2027 proposée, non validée par ce gate"
"2027";"QV26-EXERCICE-FOBA-2ED42E4A:O1:S1";"010FOBA.003";"Exercice FOBA";"F7";"FOBA";"Exercice";"010FOBA";"OI_NON_DOCUMENTE_2027";"FOBA:3";"2027-03-31";"Mercredi";"18:30";"21:30";"Caserne G1";"C FOBA";"Aucune session distincte";"1";"A_POSITIONNER";"classeur ligne 213";"HUMAN_REVIEW";"VACANCES_SCOLAIRES";"HUMAN_REVIEW_CALENDAR:VACANCES_SCOLAIRES";"OUI";"Aucune correspondance 2026 exacte prouvée"
"2027";"QV26-EXERCICE-FOBA-2ED42E4A:O2:S1";"010FOBA.003";"Exercice FOBA";"F7";"FOBA";"Exercice";"010FOBA";"OI_NON_DOCUMENTE_2027";"FOBA:3";"2027-05-25";"Mardi";"18:30";"21:30";"Caserne G1";"C FOBA";"Aucune session distincte";"1";"A_POSITIONNER";"classeur ligne 342";"HUMAN_REVIEW";"";"OK_CALENDRIER_LOCAL";"OUI";"Aucune correspondance 2026 exacte prouvée"
"2027";"QV26-EXERCICE-FOBA-2ED42E4A:O3:S1";"010FOBA.003";"Exercice FOBA";"F7";"FOBA";"Exercice";"010FOBA";"OI_NON_DOCUMENTE_2027";"FOBA:3";"2027-09-08";"Mercredi";"18:30";"21:30";"Caserne G1";"C FOBA";"Aucune session distincte";"1";"A_POSITIONNER";"classeur ligne 600";"HUMAN_REVIEW";"";"OK_CALENDRIER_LOCAL";"OUI";"Aucune correspondance 2026 exacte prouvée"
"2027";"QV26-EXERCICE-FOBA-1-F0BC308F:O1:S1";"010FOBA.004";"Exercice FOBA 1";"F7";"FOBA";"Exercice";"010FOBA";"OI_NON_DOCUMENTE_2027";"FOBA:1, FOBA:2";"2027-02-24";"Mercredi";"18:00";"22:00";"Caserne G1";"C FOBA";"Aucune session distincte";"1";"A_POSITIONNER";"classeur ligne 45";"HUMAN_REVIEW";"";"OK_CALENDRIER_LOCAL";"OUI";"Aucune correspondance 2026 exacte prouvée"
"2027";"QV26-EXERCICE-FOBA-10-B13BB01B:O1:S1";"010FOBA.005";"Exercice FOBA 10";"F7";"FOBA";"Exercice";"010FOBA";"OI_NON_DOCUMENTE_2027";"FOBA:1, FOBA:2";"2027-12-08";"Mercredi";"18:30";"21:30";"Caserne G1";"C FOBA";"Aucune session distincte";"1";"A_POSITIONNER";"classeur ligne 838";"HUMAN_REVIEW";"";"OK_CALENDRIER_LOCAL";"OUI";"Aucune correspondance 2026 exacte prouvée"
"2027";"QV26-EXERCICE-FOBA-2-86E92B65:O1:S1";"010FOBA.006";"Exercice FOBA 2";"F7";"FOBA";"Exercice";"010FOBA";"OI_NON_DOCUMENTE_2027";"FOBA:1, FOBA:2";"2027-03-24";"Mercredi";"18:30";"21:30";"Caserne G1";"C FOBA";"Aucune session distincte";"1";"A_POSITIONNER";"classeur ligne 189";"RECONDUIT";"";"OK_CALENDRIER_LOCAL";"NON";"Classeur 2026 ligne 189 ; date 2027 proposée, non validée par ce gate"
"2027";"QV26-EXERCICE-FOBA-3-F2E05A2F:O1:S1";"010FOBA.007";"Exercice FOBA 3";"F7";"FOBA";"Exercice";"010FOBA";"OI_NON_DOCUMENTE_2027";"FOBA:1, FOBA:2";"2027-05-04";"Mardi";"18:30";"21:30";"Caserne G1";"C FOBA";"Aucune session distincte";"1";"A_POSITIONNER";"classeur ligne 285";"RECONDUIT";"";"OK_CALENDRIER_LOCAL";"NON";"Classeur 2026 ligne 285 ; date 2027 proposée, non validée par ce gate"
"2027";"QV26-EXERCICE-FOBA-4-FEF301C5:O1:S1";"010FOBA.008";"Exercice FOBA 4";"F7";"FOBA";"Exercice";"010FOBA";"OI_NON_DOCUMENTE_2027";"FOBA:1, FOBA:2";"2027-06-12";"Samedi";"07:30";"17:30";"Place d'Armes";"C FOBA";"Aucune session distincte";"1";"A_POSITIONNER";"classeur ligne 412";"RECONDUIT";"";"OK_CALENDRIER_LOCAL";"NON";"Classeur 2026 ligne 412 ; date 2027 proposée, non validée par ce gate"
"2027";"QV26-EXERCICE-FOBA-5-63606E72:O1:S1";"010FOBA.009";"Exercice FOBA 5";"F7";"FOBA";"Exercice";"010FOBA";"OI_NON_DOCUMENTE_2027";"FOBA:1, FOBA:2";"2027-06-23";"Mercredi";"18:30";"21:30";"Caserne G1";"C FOBA";"Aucune session distincte";"1";"A_POSITIONNER";"classeur ligne 456";"RECONDUIT";"";"OK_CALENDRIER_LOCAL";"NON";"Classeur 2026 ligne 456 ; date 2027 proposée, non validée par ce gate"
"2027";"QV26-EXERCICE-FOBA-6-2B762B67:O1:S1";"010FOBA.010";"Exercice FOBA 6";"F7";"FOBA";"Exercice";"010FOBA";"OI_NON_DOCUMENTE_2027";"FOBA:1, FOBA:2";"2027-08-25";"Mercredi";"18:30";"21:30";"Caserne G1";"C FOBA";"Aucune session distincte";"1";"A_POSITIONNER";"classeur ligne 534";"RECONDUIT";"";"OK_CALENDRIER_LOCAL";"NON";"Classeur 2026 ligne 534 ; date 2027 proposée, non validée par ce gate"
"2027";"QV26-EXERCICE-FOBA-7-8157833F:O1:S1";"010FOBA.011";"Exercice FOBA 7";"F7";"FOBA";"Exercice";"010FOBA";"OI_NON_DOCUMENTE_2027";"FOBA:1, FOBA:2";"2027-09-15";"Mercredi";"18:30";"21:30";"Caserne G1";"C FOBA";"Aucune session distincte";"1";"A_POSITIONNER";"classeur ligne 627";"RECONDUIT";"";"OK_CALENDRIER_LOCAL";"NON";"Classeur 2026 ligne 627 ; date 2027 proposée, non validée par ce gate"
"2027";"QV26-EXERCICE-FOBA-8-AE81E3A7:O1:S1";"010FOBA.012";"Exercice FOBA 8";"F7";"FOBA";"Exercice";"010FOBA";"OI_NON_DOCUMENTE_2027";"FOBA:1, FOBA:2";"2027-10-02";"Samedi";"07:30";"17:30";"Caserne G1";"C FOBA";"Aucune session distincte";"1";"A_POSITIONNER";"classeur ligne 698";"RECONDUIT";"";"OK_CALENDRIER_LOCAL";"NON";"Classeur 2026 ligne 698 ; date 2027 proposée, non validée par ce gate"
"2027";"QV26-EXERCICE-FOBA-9-9A33FAE7:O1:S1";"010FOBA.013";"Exercice FOBA 9";"F7";"FOBA";"Exercice";"010FOBA";"OI_NON_DOCUMENTE_2027";"FOBA:1, FOBA:2";"2027-10-27";"Mercredi";"18:30";"21:30";"Caserne G1";"C FOBA";"Aucune session distincte";"1";"A_POSITIONNER";"classeur ligne 743";"RECONDUIT";"";"OK_CALENDRIER_LOCAL";"NON";"Classeur 2026 ligne 743 ; date 2027 proposée, non validée par ce gate"
"2027";"QV26-INTRODUCTION-PIONNIER-999BBC8C:O1:S1";"010FOBA.014";"Introduction PIONNIER";"F7";"FOBA";"Événement";"010FOBA";"DPS:G1";"FOBA:2";"2027-05-06";"Jeudi";"18:30";"21:30";"Caserne G1";"C FOBA";"Aucune session distincte";"1";"A_POSITIONNER";"classeur ligne 295";"RECONDUIT";"FERIE|VACANCES_SCOLAIRES";"HUMAN_REVIEW_CALENDAR:FERIE|VACANCES_SCOLAIRES";"OUI";"Classeur 2026 ligne 295 ; date 2027 proposée, non validée par ce gate"
"2027";"QV26-REMISE-EQUIPEMENT-DES-RECRUES-FOBA-1-65C22FF6:O1:S1";"010FOBA.015";"Remise équipement des recrues FOBA 1";"F7";"FOBA";"Événement";"010FOBA";"DPS:G1";"FOBA:1";"2027-02-22";"Lundi";"17:00";"19:00";"Caserne G1";"C log";"Aucune session distincte";"1";"A_POSITIONNER";"classeur ligne 32";"RECONDUIT";"";"OK_CALENDRIER_LOCAL";"NON";"Classeur 2026 ligne 32 ; date 2027 proposée, non validée par ce gate"
"2027";"QV26-TEST-ANNUEL-FOBA-7BE50D02:O1:S1";"010FOBA.016";"Test annuel FOBA";"F7";"FOBA";"Formation";"010FOBA";"OI_NON_DOCUMENTE_2027";"FOBA:1, FOBA:2";"2027-11-10";"Mercredi";"18:30";"22:00";"Caserne G1";"C FOBA";"Aucune session distincte";"1";"A_POSITIONNER";"classeur ligne 791";"RECONDUIT";"";"OK_CALENDRIER_LOCAL";"NON";"Classeur 2026 ligne 791 ; date 2027 proposée, non validée par ce gate"
"2027";"QV26-COURS-DE-CADRES-FORMATION-CADRES-ABC-4688CD68:O1:S1";"0164F7.002";"Cours de cadres Formation cadres ABC";"F7";"FOSPEC";"Formation";"0164F7";"DPS:G1";"";"2027-04-28";"Mercredi";"15:00";"17:00";"Caserne G1";"Resp ABC";"Aucune session distincte";"1";"A_POSITIONNER";"classeur ligne 265";"RECONDUIT";"";"OK_CALENDRIER_LOCAL";"NON";"Classeur 2026 ligne 265 ; date 2027 proposée, non validée par ce gate"
"2027";"QV26-COURS-DE-CADRES-RECYCLAGE-BLS-5AA9AC4A:O1:S1";"0167F7.002";"Cours de cadres recyclage BLS";"F7";"FOSPEC";"Formation";"0167F7";"DPS:G1";"";"2027-02-24";"Mercredi";"20:00";"22:00";"Caserne B1";"Réf sanitaire";"Aucune session distincte";"1";"A_POSITIONNER";"classeur ligne 46";"HUMAN_REVIEW";"";"OK_CALENDRIER_LOCAL";"OUI";"Aucune correspondance 2026 exacte prouvée"
"2027";"QV26-COURS-DE-CADRES-RECYCLAGE-BLS-5AA9AC4A:O1:S1";"0167F7.002";"Cours de cadres recyclage BLS";"F7";"FOSPEC";"Formation";"0167F7";"DPS:B1";"";"2027-02-24";"Mercredi";"20:00";"22:00";"Caserne B1";"Réf sanitaire";"Aucune session distincte";"1";"A_POSITIONNER";"classeur ligne 46";"HUMAN_REVIEW";"";"OK_CALENDRIER_LOCAL";"OUI";"Aucune correspondance 2026 exacte prouvée"
"2027";"QV26-COURS-DE-CADRES-RECYCLAGE-BLS-5AA9AC4A:O1:S1";"0167F7.002";"Cours de cadres recyclage BLS";"F7";"FOSPEC";"Formation";"0167F7";"DAP:Y1";"";"2027-02-24";"Mercredi";"20:00";"22:00";"Caserne B1";"Réf sanitaire";"Aucune session distincte";"1";"A_POSITIONNER";"classeur ligne 46";"HUMAN_REVIEW";"";"OK_CALENDRIER_LOCAL";"OUI";"Aucune correspondance 2026 exacte prouvée"
"2027";"QV26-EXERCICE-OFSI-INFRASTRUCTURES-CFF-F0835574:O1:S1";"0162F7.009";"Exercice OFSI・infrastructures CFF";"F7";"FOSPEC";"Exercice";"0162F7";"DPS:G1";"FOSPEC:3";"2027-05-24";"Lundi";"18:30";"21:00";"Caserne G1";"Resp OFSI";"Aucune session distincte";"1";"A_POSITIONNER";"classeur ligne 341";"RECONDUIT";"";"OK_CALENDRIER_LOCAL";"NON";"Classeur 2026 ligne 341 ; date 2027 proposée, non validée par ce gate"
"2027";"QV26-EXERCICE-OFSI-INFRASTRUCTURES-CFF-F0835574:O2:S1";"0162F7.009";"Exercice OFSI・infrastructures CFF";"F7";"FOSPEC";"Exercice";"0162F7";"DPS:G1";"FOSPEC:3";"2027-05-31";"Lundi";"18:30";"21:00";"Caserne G1";"Resp OFSI";"Aucune session distincte";"1";"A_POSITIONNER";"classeur ligne 364";"RECONDUIT";"";"OK_CALENDRIER_LOCAL";"NON";"Classeur 2026 ligne 364 ; date 2027 proposée, non validée par ce gate"
"2027";"QV26-EXERCICE-OFSI-INFRASTRUCTURES-CFF-F0835574:O3:S1";"0162F7.009";"Exercice OFSI・infrastructures CFF";"F7";"FOSPEC";"Exercice";"0162F7";"DPS:G1";"FOSPEC:3";"2027-06-14";"Lundi";"18:30";"21:00";"Caserne G1";"Resp OFSI";"Aucune session distincte";"1";"A_POSITIONNER";"classeur ligne 418";"RECONDUIT";"";"OK_CALENDRIER_LOCAL";"NON";"Classeur 2026 ligne 418 ; date 2027 proposée, non validée par ce gate"
"2027";"QV26-EXERCICE-OFSI-INFRASTRUCTURES-CFF-F0835574:O4:S1";"0162F7.009";"Exercice OFSI・infrastructures CFF";"F7";"FOSPEC";"Exercice";"0162F7";"DPS:G1";"FOSPEC:3";"2027-06-22";"Mardi";"18:30";"21:00";"Caserne G1";"Resp OFSI";"Aucune session distincte";"1";"A_POSITIONNER";"classeur ligne 452";"RECONDUIT";"";"OK_CALENDRIER_LOCAL";"NON";"Classeur 2026 ligne 452 ; date 2027 proposée, non validée par ce gate"
"2027";"QV26-FORMATION-ANTICHUTE-4D06A7F8:O1:S1";"0166F7.001";"Formation antichute";"F7";"FOSPEC";"Formation";"0166F7";"DPS:G1";"FOSPEC:1";"2027-05-03";"Lundi";"18:00";"21:00";"Caserne G1";"C op";"Aucune session distincte";"1";"A_POSITIONNER";"classeur ligne 280";"RECONDUIT";"";"OK_CALENDRIER_LOCAL";"NON";"Classeur 2026 ligne 280 ; date 2027 proposée, non validée par ce gate"
"2027";"QV26-FORMATION-ANTICHUTE-4D06A7F8:O1:S1";"0166F7.001";"Formation antichute";"F7";"FOSPEC";"Formation";"0166F7";"DPS:C1";"FOSPEC:1";"2027-05-03";"Lundi";"18:00";"21:00";"Caserne G1";"C op";"Aucune session distincte";"1";"A_POSITIONNER";"classeur ligne 280";"RECONDUIT";"";"OK_CALENDRIER_LOCAL";"NON";"Classeur 2026 ligne 280 ; date 2027 proposée, non validée par ce gate"
"2027";"QV26-FORMATION-ANTICHUTE-4D06A7F8:O1:S1";"0166F7.001";"Formation antichute";"F7";"FOSPEC";"Formation";"0166F7";"DPS:B1";"FOSPEC:1";"2027-05-03";"Lundi";"18:00";"21:00";"Caserne G1";"C op";"Aucune session distincte";"1";"A_POSITIONNER";"classeur ligne 280";"RECONDUIT";"";"OK_CALENDRIER_LOCAL";"NON";"Classeur 2026 ligne 280 ; date 2027 proposée, non validée par ce gate"
"2027";"QV26-FORMATION-ANTICHUTE-4D06A7F8:O1:S1";"0166F7.001";"Formation antichute";"F7";"FOSPEC";"Formation";"0166F7";"DPS:B2";"FOSPEC:1";"2027-05-03";"Lundi";"18:00";"21:00";"Caserne G1";"C op";"Aucune session distincte";"1";"A_POSITIONNER";"classeur ligne 280";"RECONDUIT";"";"OK_CALENDRIER_LOCAL";"NON";"Classeur 2026 ligne 280 ; date 2027 proposée, non validée par ce gate"
"2027";"QV26-FORMATION-ANTICHUTE-4D06A7F8:O1:S1";"0166F7.001";"Formation antichute";"F7";"FOSPEC";"Formation";"0166F7";"DAP:Y1";"FOSPEC:1";"2027-05-03";"Lundi";"18:00";"21:00";"Caserne G1";"C op";"Aucune session distincte";"1";"A_POSITIONNER";"classeur ligne 280";"RECONDUIT";"";"OK_CALENDRIER_LOCAL";"NON";"Classeur 2026 ligne 280 ; date 2027 proposée, non validée par ce gate"
"2027";"QV26-FORMATION-ANTICHUTE-4D06A7F8:O1:S1";"0166F7.001";"Formation antichute";"F7";"FOSPEC";"Formation";"0166F7";"DAP:Y2";"FOSPEC:1";"2027-05-03";"Lundi";"18:00";"21:00";"Caserne G1";"C op";"Aucune session distincte";"1";"A_POSITIONNER";"classeur ligne 280";"RECONDUIT";"";"OK_CALENDRIER_LOCAL";"NON";"Classeur 2026 ligne 280 ; date 2027 proposée, non validée par ce gate"
"2027";"QV26-FORMATION-ANTICHUTE-4D06A7F8:O1:S1";"0166F7.001";"Formation antichute";"F7";"FOSPEC";"Formation";"0166F7";"DAP:Y3";"FOSPEC:1";"2027-05-03";"Lundi";"18:00";"21:00";"Caserne G1";"C op";"Aucune session distincte";"1";"A_POSITIONNER";"classeur ligne 280";"RECONDUIT";"";"OK_CALENDRIER_LOCAL";"NON";"Classeur 2026 ligne 280 ; date 2027 proposée, non validée par ce gate"
"2027";"QV26-FORMATION-ANTICHUTE-4D06A7F8:O2:S1";"0166F7.001";"Formation antichute";"F7";"FOSPEC";"Formation";"0166F7";"DPS:G1";"FOSPEC:1";"2027-09-22";"Mercredi";"18:00";"21:00";"Caserne G1";"C op";"Aucune session distincte";"1";"A_POSITIONNER";"classeur ligne 658";"RECONDUIT";"";"OK_CALENDRIER_LOCAL";"NON";"Classeur 2026 ligne 658 ; date 2027 proposée, non validée par ce gate"
"2027";"QV26-FORMATION-ANTICHUTE-4D06A7F8:O2:S1";"0166F7.001";"Formation antichute";"F7";"FOSPEC";"Formation";"0166F7";"DPS:C1";"FOSPEC:1";"2027-09-22";"Mercredi";"18:00";"21:00";"Caserne G1";"C op";"Aucune session distincte";"1";"A_POSITIONNER";"classeur ligne 658";"RECONDUIT";"";"OK_CALENDRIER_LOCAL";"NON";"Classeur 2026 ligne 658 ; date 2027 proposée, non validée par ce gate"
"2027";"QV26-FORMATION-ANTICHUTE-4D06A7F8:O2:S1";"0166F7.001";"Formation antichute";"F7";"FOSPEC";"Formation";"0166F7";"DPS:B1";"FOSPEC:1";"2027-09-22";"Mercredi";"18:00";"21:00";"Caserne G1";"C op";"Aucune session distincte";"1";"A_POSITIONNER";"classeur ligne 658";"RECONDUIT";"";"OK_CALENDRIER_LOCAL";"NON";"Classeur 2026 ligne 658 ; date 2027 proposée, non validée par ce gate"
"2027";"QV26-FORMATION-ANTICHUTE-4D06A7F8:O2:S1";"0166F7.001";"Formation antichute";"F7";"FOSPEC";"Formation";"0166F7";"DPS:B2";"FOSPEC:1";"2027-09-22";"Mercredi";"18:00";"21:00";"Caserne G1";"C op";"Aucune session distincte";"1";"A_POSITIONNER";"classeur ligne 658";"RECONDUIT";"";"OK_CALENDRIER_LOCAL";"NON";"Classeur 2026 ligne 658 ; date 2027 proposée, non validée par ce gate"
"2027";"QV26-FORMATION-ANTICHUTE-4D06A7F8:O2:S1";"0166F7.001";"Formation antichute";"F7";"FOSPEC";"Formation";"0166F7";"DAP:Y1";"FOSPEC:1";"2027-09-22";"Mercredi";"18:00";"21:00";"Caserne G1";"C op";"Aucune session distincte";"1";"A_POSITIONNER";"classeur ligne 658";"RECONDUIT";"";"OK_CALENDRIER_LOCAL";"NON";"Classeur 2026 ligne 658 ; date 2027 proposée, non validée par ce gate"
"2027";"QV26-FORMATION-ANTICHUTE-4D06A7F8:O2:S1";"0166F7.001";"Formation antichute";"F7";"FOSPEC";"Formation";"0166F7";"DAP:Y2";"FOSPEC:1";"2027-09-22";"Mercredi";"18:00";"21:00";"Caserne G1";"C op";"Aucune session distincte";"1";"A_POSITIONNER";"classeur ligne 658";"RECONDUIT";"";"OK_CALENDRIER_LOCAL";"NON";"Classeur 2026 ligne 658 ; date 2027 proposée, non validée par ce gate"
"2027";"QV26-FORMATION-ANTICHUTE-4D06A7F8:O2:S1";"0166F7.001";"Formation antichute";"F7";"FOSPEC";"Formation";"0166F7";"DAP:Y3";"FOSPEC:1";"2027-09-22";"Mercredi";"18:00";"21:00";"Caserne G1";"C op";"Aucune session distincte";"1";"A_POSITIONNER";"classeur ligne 658";"RECONDUIT";"";"OK_CALENDRIER_LOCAL";"NON";"Classeur 2026 ligne 658 ; date 2027 proposée, non validée par ce gate"
"2027";"QV26-FORMATION-CADRES-ABC-1829EE30:O1:S1";"0164F7.004";"Formation cadres ABC";"F7";"FOSPEC";"Formation";"0164F7";"DPS:G1";"";"2027-05-19";"Mercredi";"18:30";"21:30";"Caserne G1";"Resp ABC";"Aucune session distincte";"1";"A_POSITIONNER";"classeur ligne 325";"RECONDUIT";"";"OK_CALENDRIER_LOCAL";"NON";"Classeur 2026 ligne 325 ; date 2027 proposée, non validée par ce gate"
"2027";"QV26-FORMATION-NAC-1-1-53CE66B7:O1:S1";"0165F7.001";"Formation NAC 1.1";"F7";"FOSPEC";"Formation";"0165F7";"DPS:G1";"FOSPEC:2";"2027-08-24";"Mardi";"18:30";"21:00";"Caserne G1";"C FOSPEC";"Aucune session distincte";"1";"A_POSITIONNER";"classeur ligne 532";"RECONDUIT";"";"OK_CALENDRIER_LOCAL";"NON";"Classeur 2026 ligne 532 ; date 2027 proposée, non validée par ce gate"
"2027";"QV26-FORMATION-NAC-1-1-53CE66B7:O1:S1";"0165F7.001";"Formation NAC 1.1";"F7";"FOSPEC";"Formation";"0165F7";"DPS:C1";"FOSPEC:2";"2027-08-24";"Mardi";"18:30";"21:00";"Caserne G1";"C FOSPEC";"Aucune session distincte";"1";"A_POSITIONNER";"classeur ligne 532";"RECONDUIT";"";"OK_CALENDRIER_LOCAL";"NON";"Classeur 2026 ligne 532 ; date 2027 proposée, non validée par ce gate"
"2027";"QV26-FORMATION-NAC-1-1-53CE66B7:O1:S1";"0165F7.001";"Formation NAC 1.1";"F7";"FOSPEC";"Formation";"0165F7";"DPS:B1";"FOSPEC:2";"2027-08-24";"Mardi";"18:30";"21:00";"Caserne G1";"C FOSPEC";"Aucune session distincte";"1";"A_POSITIONNER";"classeur ligne 532";"RECONDUIT";"";"OK_CALENDRIER_LOCAL";"NON";"Classeur 2026 ligne 532 ; date 2027 proposée, non validée par ce gate"
"2027";"QV26-FORMATION-NAC-1-1-53CE66B7:O1:S1";"0165F7.001";"Formation NAC 1.1";"F7";"FOSPEC";"Formation";"0165F7";"DPS:B2";"FOSPEC:2";"2027-08-24";"Mardi";"18:30";"21:00";"Caserne G1";"C FOSPEC";"Aucune session distincte";"1";"A_POSITIONNER";"classeur ligne 532";"RECONDUIT";"";"OK_CALENDRIER_LOCAL";"NON";"Classeur 2026 ligne 532 ; date 2027 proposée, non validée par ce gate"
"2027";"QV26-FORMATION-NAC-1-2-5A7F1A12:O1:S1";"0165F7.002";"Formation NAC 1.2";"F7";"FOSPEC";"Formation";"0165F7";"DPS:G1";"FOSPEC:2";"2027-09-06";"Lundi";"18:30";"21:00";"Caserne G1";"C FOSPEC";"Aucune session distincte";"1";"A_POSITIONNER";"classeur ligne 588";"RECONDUIT";"";"OK_CALENDRIER_LOCAL";"NON";"Classeur 2026 ligne 588 ; date 2027 proposée, non validée par ce gate"
"2027";"QV26-FORMATION-NAC-1-2-5A7F1A12:O1:S1";"0165F7.002";"Formation NAC 1.2";"F7";"FOSPEC";"Formation";"0165F7";"DPS:C1";"FOSPEC:2";"2027-09-06";"Lundi";"18:30";"21:00";"Caserne G1";"C FOSPEC";"Aucune session distincte";"1";"A_POSITIONNER";"classeur ligne 588";"RECONDUIT";"";"OK_CALENDRIER_LOCAL";"NON";"Classeur 2026 ligne 588 ; date 2027 proposée, non validée par ce gate"
"2027";"QV26-FORMATION-NAC-1-2-5A7F1A12:O1:S1";"0165F7.002";"Formation NAC 1.2";"F7";"FOSPEC";"Formation";"0165F7";"DPS:B1";"FOSPEC:2";"2027-09-06";"Lundi";"18:30";"21:00";"Caserne G1";"C FOSPEC";"Aucune session distincte";"1";"A_POSITIONNER";"classeur ligne 588";"RECONDUIT";"";"OK_CALENDRIER_LOCAL";"NON";"Classeur 2026 ligne 588 ; date 2027 proposée, non validée par ce gate"
"2027";"QV26-FORMATION-NAC-1-2-5A7F1A12:O1:S1";"0165F7.002";"Formation NAC 1.2";"F7";"FOSPEC";"Formation";"0165F7";"DPS:B2";"FOSPEC:2";"2027-09-06";"Lundi";"18:30";"21:00";"Caserne G1";"C FOSPEC";"Aucune session distincte";"1";"A_POSITIONNER";"classeur ligne 588";"RECONDUIT";"";"OK_CALENDRIER_LOCAL";"NON";"Classeur 2026 ligne 588 ; date 2027 proposée, non validée par ce gate"
"2027";"QV26-FORMATION-OPERATEUR-VPC-1-1-659BBC90:O1:S1";"0163F7.002";"Formation opérateur VPC 1.1";"F7";"FOSPEC";"Formation";"0163F7";"DPS:G1";"FOSPEC:4";"2027-03-04";"Jeudi";"14:00";"17:00";"Caserne G1";"Resp VPC";"Aucune session distincte";"1";"A_POSITIONNER";"classeur ligne 85";"RECONDUIT";"";"OK_CALENDRIER_LOCAL";"NON";"Classeur 2026 ligne 85 ; date 2027 proposée, non validée par ce gate"
"2027";"QV26-FORMATION-OPERATEUR-VPC-1-2-44AAB164:O1:S1";"0163F7.003";"Formation opérateur VPC 1.2";"F7";"FOSPEC";"Formation";"0163F7";"DPS:G1";"FOSPEC:4";"2027-03-11";"Jeudi";"18:00";"21:00";"Caserne G1";"Resp VPC";"Aucune session distincte";"1";"A_POSITIONNER";"classeur ligne 129";"RECONDUIT";"";"OK_CALENDRIER_LOCAL";"NON";"Classeur 2026 ligne 129 ; date 2027 proposée, non validée par ce gate"
"2027";"QV26-FORMATION-OPERATEUR-VPC-1-3-2CD0B182:O1:S1";"0163F7.004";"Formation opérateur VPC 1.3";"F7";"FOSPEC";"Formation";"0163F7";"DPS:G1";"FOSPEC:4";"2027-03-18";"Jeudi";"14:00";"17:00";"Caserne G1";"Resp VPC";"Aucune session distincte";"1";"A_POSITIONNER";"classeur ligne 162";"RECONDUIT";"";"OK_CALENDRIER_LOCAL";"NON";"Classeur 2026 ligne 162 ; date 2027 proposée, non validée par ce gate"
"2027";"QV26-FORMATION-OPERATEUR-VPC-1-4-C69575A3:O1:S1";"0163F7.005";"Formation opérateur VPC 1.4";"F7";"FOSPEC";"Formation";"0163F7";"DPS:G1";"FOSPEC:4";"2027-03-25";"Jeudi";"18:00";"21:00";"Caserne G1";"Resp VPC";"Aucune session distincte";"1";"A_POSITIONNER";"classeur ligne 192";"RECONDUIT";"VEILLE_FERIE";"HUMAN_REVIEW_CALENDAR:VEILLE_FERIE";"OUI";"Classeur 2026 ligne 192 ; date 2027 proposée, non validée par ce gate"
"2027";"QV26-FORMATION-OPERATEUR-VPC-2-1-94666EC6:O1:S1";"0163F7.006";"Formation opérateur VPC 2.1";"F7";"FOSPEC";"Formation";"0163F7";"DPS:G1";"FOSPEC:4";"2027-09-30";"Jeudi";"14:00";"17:00";"Caserne G1";"Resp VPC";"Aucune session distincte";"1";"A_POSITIONNER";"classeur ligne 692";"RECONDUIT";"";"OK_CALENDRIER_LOCAL";"NON";"Classeur 2026 ligne 692 ; date 2027 proposée, non validée par ce gate"
"2027";"QV26-FORMATION-OPERATEUR-VPC-2-2-8C4B05CB:O1:S1";"0163F7.007";"Formation opérateur VPC 2.2";"F7";"FOSPEC";"Formation";"0163F7";"DPS:G1";"FOSPEC:4";"2027-10-07";"Jeudi";"18:00";"21:00";"Caserne G1";"Resp VPC";"Aucune session distincte";"1";"A_POSITIONNER";"classeur ligne 718";"RECONDUIT";"";"OK_CALENDRIER_LOCAL";"NON";"Classeur 2026 ligne 718 ; date 2027 proposée, non validée par ce gate"
"2027";"QV26-FORMATION-OPERATEUR-VPC-2-3-8EFB3C59:O1:S1";"0163F7.008";"Formation opérateur VPC 2.3";"F7";"FOSPEC";"Formation";"0163F7";"DPS:G1";"FOSPEC:4";"2027-10-28";"Jeudi";"14:00";"17:00";"Caserne G1";"Resp VPC";"Aucune session distincte";"1";"A_POSITIONNER";"classeur ligne 744";"RECONDUIT";"";"OK_CALENDRIER_LOCAL";"NON";"Classeur 2026 ligne 744 ; date 2027 proposée, non validée par ce gate"
"2027";"QV26-FORMATION-OPERATEUR-VPC-2-4-C93ABF2A:O1:S1";"0163F7.009";"Formation opérateur VPC 2.4";"F7";"FOSPEC";"Formation";"0163F7";"DPS:G1";"FOSPEC:4";"2027-11-02";"Mardi";"18:00";"21:00";"Caserne G1";"Resp VPC";"Aucune session distincte";"1";"A_POSITIONNER";"classeur ligne 762";"RECONDUIT";"";"OK_CALENDRIER_LOCAL";"NON";"Classeur 2026 ligne 762 ; date 2027 proposée, non validée par ce gate"
"2027";"QV26-FORMATION-TRAVAIL-EN-HAUTEUR-ET-ANTICHUTE-07B1FB7F:O1:S1";"0166F7.002";"Formation Travail en hauteur et antichute";"F7";"FOSPEC";"Formation";"0166F7";"DPS:G1";"FOSPEC:1";"2027-10-30";"Samedi";"07:00";"17:00";"Sécurité-Industrie";"C op";"Aucune session distincte";"1";"A_POSITIONNER";"classeur ligne 750";"RECONDUIT";"";"OK_CALENDRIER_LOCAL";"NON";"Classeur 2026 ligne 750 ; date 2027 proposée, non validée par ce gate"
"2027";"QV26-FORMATION-TRAVAIL-EN-HAUTEUR-ET-ANTICHUTE-07B1FB7F:O1:S1";"0166F7.002";"Formation Travail en hauteur et antichute";"F7";"FOSPEC";"Formation";"0166F7";"DPS:C1";"FOSPEC:1";"2027-10-30";"Samedi";"07:00";"17:00";"Sécurité-Industrie";"C op";"Aucune session distincte";"1";"A_POSITIONNER";"classeur ligne 750";"RECONDUIT";"";"OK_CALENDRIER_LOCAL";"NON";"Classeur 2026 ligne 750 ; date 2027 proposée, non validée par ce gate"
"2027";"QV26-FORMATION-TRAVAIL-EN-HAUTEUR-ET-ANTICHUTE-07B1FB7F:O1:S1";"0166F7.002";"Formation Travail en hauteur et antichute";"F7";"FOSPEC";"Formation";"0166F7";"DPS:B1";"FOSPEC:1";"2027-10-30";"Samedi";"07:00";"17:00";"Sécurité-Industrie";"C op";"Aucune session distincte";"1";"A_POSITIONNER";"classeur ligne 750";"RECONDUIT";"";"OK_CALENDRIER_LOCAL";"NON";"Classeur 2026 ligne 750 ; date 2027 proposée, non validée par ce gate"
"2027";"QV26-FORMATION-TRAVAIL-EN-HAUTEUR-ET-ANTICHUTE-07B1FB7F:O1:S1";"0166F7.002";"Formation Travail en hauteur et antichute";"F7";"FOSPEC";"Formation";"0166F7";"DPS:B2";"FOSPEC:1";"2027-10-30";"Samedi";"07:00";"17:00";"Sécurité-Industrie";"C op";"Aucune session distincte";"1";"A_POSITIONNER";"classeur ligne 750";"RECONDUIT";"";"OK_CALENDRIER_LOCAL";"NON";"Classeur 2026 ligne 750 ; date 2027 proposée, non validée par ce gate"
"2027";"QV26-FORMATION-TRAVAIL-EN-HAUTEUR-ET-ANTICHUTE-07B1FB7F:O1:S1";"0166F7.002";"Formation Travail en hauteur et antichute";"F7";"FOSPEC";"Formation";"0166F7";"DAP:Y1";"FOSPEC:1";"2027-10-30";"Samedi";"07:00";"17:00";"Sécurité-Industrie";"C op";"Aucune session distincte";"1";"A_POSITIONNER";"classeur ligne 750";"RECONDUIT";"";"OK_CALENDRIER_LOCAL";"NON";"Classeur 2026 ligne 750 ; date 2027 proposée, non validée par ce gate"
"2027";"QV26-FORMATION-TRAVAIL-EN-HAUTEUR-ET-ANTICHUTE-07B1FB7F:O1:S1";"0166F7.002";"Formation Travail en hauteur et antichute";"F7";"FOSPEC";"Formation";"0166F7";"DAP:Y2";"FOSPEC:1";"2027-10-30";"Samedi";"07:00";"17:00";"Sécurité-Industrie";"C op";"Aucune session distincte";"1";"A_POSITIONNER";"classeur ligne 750";"RECONDUIT";"";"OK_CALENDRIER_LOCAL";"NON";"Classeur 2026 ligne 750 ; date 2027 proposée, non validée par ce gate"
"2027";"QV26-FORMATION-TRAVAIL-EN-HAUTEUR-ET-ANTICHUTE-07B1FB7F:O1:S1";"0166F7.002";"Formation Travail en hauteur et antichute";"F7";"FOSPEC";"Formation";"0166F7";"DAP:Y3";"FOSPEC:1";"2027-10-30";"Samedi";"07:00";"17:00";"Sécurité-Industrie";"C op";"Aucune session distincte";"1";"A_POSITIONNER";"classeur ligne 750";"RECONDUIT";"";"OK_CALENDRIER_LOCAL";"NON";"Classeur 2026 ligne 750 ; date 2027 proposée, non validée par ce gate"
"2027";"QV26-INSTR-DEMI-SCT-ABC-C49C7121:O1:S1";"0164F7.005";"Instr demi-sct - ABC";"F7";"FOSPEC";"Instruction";"0164F7";"DPS:G1";"N03a";"2027-04-24";"Samedi";"07:30";"10:30";"Caserne G1";"Chef section DPS";"Aucune session distincte";"1";"A_POSITIONNER";"classeur ligne 255";"RECONDUIT";"";"OK_CALENDRIER_LOCAL";"NON";"Classeur 2026 ligne 255 ; date 2027 proposée, non validée par ce gate"
"2027";"QV26-INSTR-DEMI-SCT-ABC-C49C7121:O2:S1";"0164F7.005";"Instr demi-sct - ABC";"F7";"FOSPEC";"Instruction";"0164F7";"DPS:G1";"N02a";"2027-05-01";"Samedi";"07:30";"10:30";"Caserne G1";"Chef section DPS";"Aucune session distincte";"1";"A_POSITIONNER";"classeur ligne 274";"RECONDUIT";"";"OK_CALENDRIER_LOCAL";"NON";"Classeur 2026 ligne 274 ; date 2027 proposée, non validée par ce gate"
"2027";"QV26-INSTR-DEMI-SCT-ABC-C49C7121:O3:S1";"0164F7.005";"Instr demi-sct - ABC";"F7";"FOSPEC";"Instruction";"0164F7";"DPS:G1";"N01a";"2027-05-08";"Samedi";"07:30";"10:30";"Caserne G1";"Chef section DPS";"Aucune session distincte";"1";"A_POSITIONNER";"classeur ligne 301";"RECONDUIT";"VACANCES_SCOLAIRES";"AUTORISABLE_VACANCES_INSTRUCTION";"NON";"Classeur 2026 ligne 301 ; date 2027 proposée, non validée par ce gate"
"2027";"QV26-INSTR-DEMI-SCT-ABC-C49C7121:O4:S1";"0164F7.005";"Instr demi-sct - ABC";"F7";"FOSPEC";"Instruction";"0164F7";"DPS:G1";"N05b";"2027-05-15";"Samedi";"07:30";"10:30";"Caserne G1";"Chef section DPS";"Aucune session distincte";"1";"A_POSITIONNER";"classeur ligne 312";"RECONDUIT";"WEEKEND_FERIE";"HUMAN_REVIEW_CALENDAR:WEEKEND_FERIE_INSTR_DEMI_SCT";"OUI";"Classeur 2026 ligne 312 ; date 2027 proposée, non validée par ce gate"
"2027";"QV26-INSTR-DEMI-SCT-ABC-C49C7121:O5:S1";"0164F7.005";"Instr demi-sct - ABC";"F7";"FOSPEC";"Instruction";"0164F7";"DPS:G1";"N04b";"2027-05-22";"Samedi";"07:30";"10:30";"Caserne G1";"Chef section DPS";"Aucune session distincte";"1";"A_POSITIONNER";"classeur ligne 337";"RECONDUIT";"";"OK_CALENDRIER_LOCAL";"NON";"Classeur 2026 ligne 337 ; date 2027 proposée, non validée par ce gate"
"2027";"QV26-INSTR-DEMI-SCT-ABC-C49C7121:O6:S1";"0164F7.005";"Instr demi-sct - ABC";"F7";"FOSPEC";"Instruction";"0164F7";"DPS:G1";"N03b";"2027-05-29";"Samedi";"07:30";"10:30";"Caserne G1";"Chef section DPS";"Aucune session distincte";"1";"A_POSITIONNER";"classeur ligne 352";"RECONDUIT";"";"OK_CALENDRIER_LOCAL";"NON";"Classeur 2026 ligne 352 ; date 2027 proposée, non validée par ce gate"
"2027";"QV26-INSTR-DEMI-SCT-ABC-C49C7121:O7:S1";"0164F7.005";"Instr demi-sct - ABC";"F7";"FOSPEC";"Instruction";"0164F7";"DPS:G1";"N02b";"2027-06-05";"Samedi";"07:30";"10:30";"Caserne G1";"Chef section DPS";"Aucune session distincte";"1";"A_POSITIONNER";"classeur ligne 380";"RECONDUIT";"";"OK_CALENDRIER_LOCAL";"NON";"Classeur 2026 ligne 380 ; date 2027 proposée, non validée par ce gate"
"2027";"QV26-INSTR-DEMI-SCT-ABC-C49C7121:O8:S1";"0164F7.005";"Instr demi-sct - ABC";"F7";"FOSPEC";"Instruction";"0164F7";"DPS:G1";"N01b";"2027-06-12";"Samedi";"07:30";"10:30";"Caserne G1";"Chef section DPS";"Aucune session distincte";"1";"A_POSITIONNER";"classeur ligne 411";"RECONDUIT";"";"OK_CALENDRIER_LOCAL";"NON";"Classeur 2026 ligne 411 ; date 2027 proposée, non validée par ce gate"
"2027";"QV26-INSTR-DEMI-SCT-ABC-C49C7121:O9:S1";"0164F7.005";"Instr demi-sct - ABC";"F7";"FOSPEC";"Instruction";"0164F7";"DPS:G1";"N05a";"2027-06-19";"Samedi";"07:30";"10:30";"Caserne G1";"Chef section DPS";"Aucune session distincte";"1";"A_POSITIONNER";"classeur ligne 439";"RECONDUIT";"";"OK_CALENDRIER_LOCAL";"NON";"Classeur 2026 ligne 439 ; date 2027 proposée, non validée par ce gate"
"2027";"QV26-INSTR-DEMI-SCT-ABC-C49C7121:O10:S1";"0164F7.005";"Instr demi-sct - ABC";"F7";"FOSPEC";"Instruction";"0164F7";"DPS:G1";"N04a";"2027-06-26";"Samedi";"07:30";"10:30";"Caserne G1";"Chef section DPS";"Aucune session distincte";"1";"A_POSITIONNER";"classeur ligne 466";"RECONDUIT";"";"OK_CALENDRIER_LOCAL";"NON";"Classeur 2026 ligne 466 ; date 2027 proposée, non validée par ce gate"
"2027";"QV26-INSTR-DEMI-SCT-PIONNIER-06F40C59:O1:S1";"0161F7.001";"Instr demi-sct - PIONNIER";"F7";"FOSPEC";"Instruction";"0161F7";"DPS:G1";"N03a";"2027-09-25";"Samedi";"07:30";"11:30";"Caserne G1";"Chef section DPS";"Aucune session distincte";"1";"A_POSITIONNER";"classeur ligne 607";"RECONDUIT";"";"OK_CALENDRIER_LOCAL";"NON";"Classeur 2026 ligne 607 ; date 2027 proposée, non validée par ce gate"
"2027";"QV26-INSTR-DEMI-SCT-PIONNIER-06F40C59:O2:S1";"0161F7.001";"Instr demi-sct - PIONNIER";"F7";"FOSPEC";"Instruction";"0161F7";"DPS:G1";"N01a";"2027-10-09";"Samedi";"07:30";"11:30";"Caserne G1";"Chef section DPS";"Aucune session distincte";"1";"A_POSITIONNER";"classeur ligne 666";"RECONDUIT";"VACANCES_SCOLAIRES";"AUTORISABLE_VACANCES_INSTRUCTION";"NON";"Classeur 2026 ligne 666 ; date 2027 proposée, non validée par ce gate"
"2027";"QV26-INSTR-DEMI-SCT-PIONNIER-06F40C59:O3:S1";"0161F7.001";"Instr demi-sct - PIONNIER";"F7";"FOSPEC";"Instruction";"0161F7";"DPS:G1";"N05b";"2027-10-16";"Samedi";"07:30";"11:30";"Caserne G1";"Chef section DPS";"Aucune session distincte";"1";"A_POSITIONNER";"classeur ligne 699";"RECONDUIT";"VACANCES_SCOLAIRES";"AUTORISABLE_VACANCES_INSTRUCTION";"NON";"Classeur 2026 ligne 699 ; date 2027 proposée, non validée par ce gate"
"2027";"QV26-INSTR-DEMI-SCT-PIONNIER-06F40C59:O4:S1";"0161F7.001";"Instr demi-sct - PIONNIER";"F7";"FOSPEC";"Instruction";"0161F7";"DPS:G1";"N04b";"2027-10-23";"Samedi";"07:30";"11:30";"Caserne G1";"Chef section DPS";"Aucune session distincte";"1";"A_POSITIONNER";"classeur ligne 725";"RECONDUIT";"VACANCES_SCOLAIRES";"AUTORISABLE_VACANCES_INSTRUCTION";"NON";"Classeur 2026 ligne 725 ; date 2027 proposée, non validée par ce gate"
"2027";"QV26-INSTR-DEMI-SCT-PIONNIER-06F40C59:O5:S1";"0161F7.001";"Instr demi-sct - PIONNIER";"F7";"FOSPEC";"Instruction";"0161F7";"DPS:G1";"N03b";"2027-10-30";"Samedi";"07:30";"11:30";"Caserne G1";"Chef section DPS";"Aucune session distincte";"1";"A_POSITIONNER";"classeur ligne 728";"RECONDUIT";"";"OK_CALENDRIER_LOCAL";"NON";"Classeur 2026 ligne 728 ; date 2027 proposée, non validée par ce gate"
"2027";"QV26-INSTR-DEMI-SCT-PIONNIER-06F40C59:O6:S1";"0161F7.001";"Instr demi-sct - PIONNIER";"F7";"FOSPEC";"Instruction";"0161F7";"DPS:G1";"N02b";"2027-11-06";"Samedi";"07:30";"11:30";"Caserne G1";"Chef section DPS";"Aucune session distincte";"1";"A_POSITIONNER";"classeur ligne 732";"RECONDUIT";"";"OK_CALENDRIER_LOCAL";"NON";"Classeur 2026 ligne 732 ; date 2027 proposée, non validée par ce gate"
"2027";"QV26-INSTR-DEMI-SCT-PIONNIER-06F40C59:O7:S1";"0161F7.001";"Instr demi-sct - PIONNIER";"F7";"FOSPEC";"Instruction";"0161F7";"DPS:G1";"N01b";"2027-11-13";"Samedi";"07:30";"11:30";"Caserne G1";"Chef section DPS";"Aucune session distincte";"1";"A_POSITIONNER";"classeur ligne 751";"RECONDUIT";"";"OK_CALENDRIER_LOCAL";"NON";"Classeur 2026 ligne 751 ; date 2027 proposée, non validée par ce gate"
"2027";"QV26-INSTR-DEMI-SCT-PIONNIER-06F40C59:O8:S1";"0161F7.001";"Instr demi-sct - PIONNIER";"F7";"FOSPEC";"Instruction";"0161F7";"DPS:G1";"N05a";"2027-11-20";"Samedi";"07:30";"11:30";"Caserne G1";"Chef section DPS";"Aucune session distincte";"1";"A_POSITIONNER";"classeur ligne 779";"RECONDUIT";"";"OK_CALENDRIER_LOCAL";"NON";"Classeur 2026 ligne 779 ; date 2027 proposée, non validée par ce gate"
"2027";"QV26-INSTR-DEMI-SCT-PIONNIER-06F40C59:O9:S1";"0161F7.001";"Instr demi-sct - PIONNIER";"F7";"FOSPEC";"Instruction";"0161F7";"DPS:G1";"N04a";"2027-11-27";"Samedi";"07:30";"11:30";"Caserne G1";"Chef section DPS";"Aucune session distincte";"1";"A_POSITIONNER";"classeur ligne 796";"RECONDUIT";"";"OK_CALENDRIER_LOCAL";"NON";"Classeur 2026 ligne 796 ; date 2027 proposée, non validée par ce gate"
"2027";"QV26-INSTR-DEMI-SCT-PIONNIER-06F40C59:O10:S1";"0161F7.001";"Instr demi-sct - PIONNIER";"F7";"FOSPEC";"Instruction";"0161F7";"DPS:G1";"N02a";"2027-12-11";"Samedi";"07:30";"11:30";"Caserne G1";"Chef section DPS";"Aucune session distincte";"1";"A_POSITIONNER";"classeur ligne 821";"RECONDUIT";"";"OK_CALENDRIER_LOCAL";"NON";"Classeur 2026 ligne 821 ; date 2027 proposée, non validée par ce gate"
"2027";"QV26-INSTR-SCT-ABC-6026BBEC:O1:S1";"0164F7.006";"Instr sct - ABC";"F7";"FOSPEC";"Instruction";"0164F7";"DPS:G1";"N03";"2027-05-31";"Lundi";"18:30";"21:30";"Caserne G1";"Chef section DPS";"Aucune session distincte";"1";"A_POSITIONNER";"classeur ligne 365";"RECONDUIT";"";"OK_CALENDRIER_LOCAL";"NON";"Classeur 2026 ligne 365 ; date 2027 proposée, non validée par ce gate"
"2027";"QV26-INSTR-SCT-ABC-6026BBEC:O2:S1";"0164F7.006";"Instr sct - ABC";"F7";"FOSPEC";"Instruction";"0164F7";"DPS:G1";"N02";"2027-06-07";"Lundi";"18:30";"21:30";"Caserne G1";"Chef section DPS";"Aucune session distincte";"1";"A_POSITIONNER";"classeur ligne 387";"RECONDUIT";"";"OK_CALENDRIER_LOCAL";"NON";"Classeur 2026 ligne 387 ; date 2027 proposée, non validée par ce gate"
"2027";"QV26-INSTR-SCT-ABC-6026BBEC:O3:S1";"0164F7.006";"Instr sct - ABC";"F7";"FOSPEC";"Instruction";"0164F7";"DPS:G1";"N01";"2027-06-14";"Lundi";"18:30";"21:30";"Caserne G1";"Chef section DPS";"Aucune session distincte";"1";"A_POSITIONNER";"classeur ligne 419";"RECONDUIT";"";"OK_CALENDRIER_LOCAL";"NON";"Classeur 2026 ligne 419 ; date 2027 proposée, non validée par ce gate"
"2027";"QV26-INSTR-SCT-ABC-6026BBEC:O4:S1";"0164F7.006";"Instr sct - ABC";"F7";"FOSPEC";"Instruction";"0164F7";"DPS:G1";"N05";"2027-06-21";"Lundi";"18:30";"21:30";"Caserne G1";"Chef section DPS";"Aucune session distincte";"1";"A_POSITIONNER";"classeur ligne 450";"RECONDUIT";"";"OK_CALENDRIER_LOCAL";"NON";"Classeur 2026 ligne 450 ; date 2027 proposée, non validée par ce gate"
"2027";"QV26-INSTR-SCT-ABC-6026BBEC:O5:S1";"0164F7.006";"Instr sct - ABC";"F7";"FOSPEC";"Instruction";"0164F7";"DPS:G1";"N04";"2027-06-28";"Lundi";"18:30";"21:30";"Caserne G1";"Chef section DPS";"Aucune session distincte";"1";"A_POSITIONNER";"classeur ligne 472";"RECONDUIT";"";"OK_CALENDRIER_LOCAL";"NON";"Classeur 2026 ligne 472 ; date 2027 proposée, non validée par ce gate"
"2027";"QV26-INSTR-SCT-PIONNIER-CSU-NVB-57A4BDE1:O1:S1";"0161F7.002";"Instr sct - PIONNIER CSU-nvb";"F7";"FOSPEC";"Instruction";"0161F7";"DPS:G1";"N01";"2027-11-15";"Lundi";"19:15";"22:00";"Caserne G1";"Chef section DPS";"Aucune session distincte";"1";"A_POSITIONNER";"classeur ligne 786";"RECONDUIT";"";"OK_CALENDRIER_LOCAL";"NON";"Classeur 2026 ligne 786 ; date 2027 proposée, non validée par ce gate"
"2027";"QV26-INSTR-SCT-PIONNIER-CSU-NVB-57A4BDE1:O2:S1";"0161F7.002";"Instr sct - PIONNIER CSU-nvb";"F7";"FOSPEC";"Instruction";"0161F7";"DPS:G1";"N05";"2027-11-22";"Lundi";"19:15";"22:00";"Caserne G1";"Chef section DPS";"Aucune session distincte";"1";"A_POSITIONNER";"classeur ligne 801";"RECONDUIT";"";"OK_CALENDRIER_LOCAL";"NON";"Classeur 2026 ligne 801 ; date 2027 proposée, non validée par ce gate"
"2027";"QV26-INSTR-SCT-PIONNIER-CSU-NVB-57A4BDE1:O3:S1";"0161F7.002";"Instr sct - PIONNIER CSU-nvb";"F7";"FOSPEC";"Instruction";"0161F7";"DPS:G1";"N04";"2027-11-29";"Lundi";"19:15";"22:00";"Caserne G1";"Chef section DPS";"Aucune session distincte";"1";"A_POSITIONNER";"classeur ligne 810";"RECONDUIT";"";"OK_CALENDRIER_LOCAL";"NON";"Classeur 2026 ligne 810 ; date 2027 proposée, non validée par ce gate"
"2027";"QV26-INSTR-SCT-PIONNIER-CSU-NVB-57A4BDE1:O4:S1";"0161F7.002";"Instr sct - PIONNIER CSU-nvb";"F7";"FOSPEC";"Instruction";"0161F7";"DPS:G1";"N03";"2027-12-06";"Lundi";"19:15";"22:00";"Caserne G1";"Chef section DPS";"Aucune session distincte";"1";"A_POSITIONNER";"classeur ligne 825";"RECONDUIT";"";"OK_CALENDRIER_LOCAL";"NON";"Classeur 2026 ligne 825 ; date 2027 proposée, non validée par ce gate"
"2027";"QV26-INSTR-SCT-PIONNIER-CSU-NVB-57A4BDE1:O5:S1";"0161F7.002";"Instr sct - PIONNIER CSU-nvb";"F7";"FOSPEC";"Instruction";"0161F7";"DPS:G1";"N02";"2027-12-13";"Lundi";"19:15";"22:00";"Caserne G1";"Chef section DPS";"Aucune session distincte";"1";"A_POSITIONNER";"classeur ligne 836";"RECONDUIT";"";"OK_CALENDRIER_LOCAL";"NON";"Classeur 2026 ligne 836 ; date 2027 proposée, non validée par ce gate"
"2027";"QV26-JOURNEE-DES-COMMANDANTS-ABC-E74C5612:O1:S1";"0164F7.007";"Journée des Commandants ABC";"F7";"FOSPEC";"Événement";"0164F7";"OI_NON_DOCUMENTE_2027";"";"2027-05-19";"Mercredi";"08:00";"16:00";"Caserne SDIS";"Cdt";"Aucune session distincte";"1";"A_POSITIONNER";"classeur ligne 323";"RECONDUIT";"";"OK_CALENDRIER_LOCAL";"NON";"Classeur 2026 ligne 323 ; date 2027 proposée, non validée par ce gate"
"2027";"QV26-RECYCLAGE-BLS-3A2ED7C4:O1:S1";"0167F7.003";"Recyclage BLS";"F7";"FOSPEC";"Formation";"0167F7";"DPS:G1";"";"2027-03-22";"Lundi";"18:00";"22:00";"Caserne G1";"Réf sanitaire";"Aucune session distincte";"1";"A_POSITIONNER";"classeur ligne 178";"HUMAN_REVIEW";"";"OK_CALENDRIER_LOCAL";"OUI";"Aucune correspondance 2026 exacte prouvée"
"2027";"QV26-RECYCLAGE-BLS-3A2ED7C4:O1:S1";"0167F7.003";"Recyclage BLS";"F7";"FOSPEC";"Formation";"0167F7";"DPS:C1";"";"2027-03-22";"Lundi";"18:00";"22:00";"Caserne G1";"Réf sanitaire";"Aucune session distincte";"1";"A_POSITIONNER";"classeur ligne 178";"HUMAN_REVIEW";"";"OK_CALENDRIER_LOCAL";"OUI";"Aucune correspondance 2026 exacte prouvée"
"2027";"QV26-RECYCLAGE-BLS-3A2ED7C4:O1:S1";"0167F7.003";"Recyclage BLS";"F7";"FOSPEC";"Formation";"0167F7";"DPS:B1";"";"2027-03-22";"Lundi";"18:00";"22:00";"Caserne G1";"Réf sanitaire";"Aucune session distincte";"1";"A_POSITIONNER";"classeur ligne 178";"HUMAN_REVIEW";"";"OK_CALENDRIER_LOCAL";"OUI";"Aucune correspondance 2026 exacte prouvée"
"2027";"QV26-RECYCLAGE-BLS-3A2ED7C4:O1:S1";"0167F7.003";"Recyclage BLS";"F7";"FOSPEC";"Formation";"0167F7";"DPS:B2";"";"2027-03-22";"Lundi";"18:00";"22:00";"Caserne G1";"Réf sanitaire";"Aucune session distincte";"1";"A_POSITIONNER";"classeur ligne 178";"HUMAN_REVIEW";"";"OK_CALENDRIER_LOCAL";"OUI";"Aucune correspondance 2026 exacte prouvée"
"2027";"QV26-RECYCLAGE-BLS-3A2ED7C4:O1:S1";"0167F7.003";"Recyclage BLS";"F7";"FOSPEC";"Formation";"0167F7";"DAP:Y1";"";"2027-03-22";"Lundi";"18:00";"22:00";"Caserne G1";"Réf sanitaire";"Aucune session distincte";"1";"A_POSITIONNER";"classeur ligne 178";"HUMAN_REVIEW";"";"OK_CALENDRIER_LOCAL";"OUI";"Aucune correspondance 2026 exacte prouvée"
"2027";"QV26-RECYCLAGE-BLS-3A2ED7C4:O2:S1";"0167F7.003";"Recyclage BLS";"F7";"FOSPEC";"Formation";"0167F7";"DPS:G1";"";"2027-05-18";"Mardi";"18:00";"22:00";"Caserne G1";"Réf sanitaire";"Aucune session distincte";"1";"A_POSITIONNER";"classeur ligne 319";"HUMAN_REVIEW";"";"OK_CALENDRIER_LOCAL";"OUI";"Aucune correspondance 2026 exacte prouvée"
"2027";"QV26-RECYCLAGE-BLS-3A2ED7C4:O2:S1";"0167F7.003";"Recyclage BLS";"F7";"FOSPEC";"Formation";"0167F7";"DPS:C1";"";"2027-05-18";"Mardi";"18:00";"22:00";"Caserne G1";"Réf sanitaire";"Aucune session distincte";"1";"A_POSITIONNER";"classeur ligne 319";"HUMAN_REVIEW";"";"OK_CALENDRIER_LOCAL";"OUI";"Aucune correspondance 2026 exacte prouvée"
"2027";"QV26-RECYCLAGE-BLS-3A2ED7C4:O2:S1";"0167F7.003";"Recyclage BLS";"F7";"FOSPEC";"Formation";"0167F7";"DPS:B1";"";"2027-05-18";"Mardi";"18:00";"22:00";"Caserne G1";"Réf sanitaire";"Aucune session distincte";"1";"A_POSITIONNER";"classeur ligne 319";"HUMAN_REVIEW";"";"OK_CALENDRIER_LOCAL";"OUI";"Aucune correspondance 2026 exacte prouvée"
"2027";"QV26-RECYCLAGE-BLS-3A2ED7C4:O2:S1";"0167F7.003";"Recyclage BLS";"F7";"FOSPEC";"Formation";"0167F7";"DPS:B2";"";"2027-05-18";"Mardi";"18:00";"22:00";"Caserne G1";"Réf sanitaire";"Aucune session distincte";"1";"A_POSITIONNER";"classeur ligne 319";"HUMAN_REVIEW";"";"OK_CALENDRIER_LOCAL";"OUI";"Aucune correspondance 2026 exacte prouvée"
"2027";"QV26-RECYCLAGE-BLS-3A2ED7C4:O2:S1";"0167F7.003";"Recyclage BLS";"F7";"FOSPEC";"Formation";"0167F7";"DAP:Y1";"";"2027-05-18";"Mardi";"18:00";"22:00";"Caserne G1";"Réf sanitaire";"Aucune session distincte";"1";"A_POSITIONNER";"classeur ligne 319";"HUMAN_REVIEW";"";"OK_CALENDRIER_LOCAL";"OUI";"Aucune correspondance 2026 exacte prouvée"
"2027";"QV26-RECYCLAGE-BLS-3A2ED7C4:O3:S1";"0167F7.003";"Recyclage BLS";"F7";"FOSPEC";"Formation";"0167F7";"DPS:G1";"";"2027-09-07";"Mardi";"18:00";"22:00";"Caserne B1";"Réf sanitaire";"Aucune session distincte";"1";"A_POSITIONNER";"classeur ligne 592";"HUMAN_REVIEW";"";"OK_CALENDRIER_LOCAL";"OUI";"Aucune correspondance 2026 exacte prouvée"
"2027";"QV26-RECYCLAGE-BLS-3A2ED7C4:O3:S1";"0167F7.003";"Recyclage BLS";"F7";"FOSPEC";"Formation";"0167F7";"DPS:C1";"";"2027-09-07";"Mardi";"18:00";"22:00";"Caserne B1";"Réf sanitaire";"Aucune session distincte";"1";"A_POSITIONNER";"classeur ligne 592";"HUMAN_REVIEW";"";"OK_CALENDRIER_LOCAL";"OUI";"Aucune correspondance 2026 exacte prouvée"
"2027";"QV26-RECYCLAGE-BLS-3A2ED7C4:O3:S1";"0167F7.003";"Recyclage BLS";"F7";"FOSPEC";"Formation";"0167F7";"DPS:B1";"";"2027-09-07";"Mardi";"18:00";"22:00";"Caserne B1";"Réf sanitaire";"Aucune session distincte";"1";"A_POSITIONNER";"classeur ligne 592";"HUMAN_REVIEW";"";"OK_CALENDRIER_LOCAL";"OUI";"Aucune correspondance 2026 exacte prouvée"
"2027";"QV26-RECYCLAGE-BLS-3A2ED7C4:O3:S1";"0167F7.003";"Recyclage BLS";"F7";"FOSPEC";"Formation";"0167F7";"DPS:B2";"";"2027-09-07";"Mardi";"18:00";"22:00";"Caserne B1";"Réf sanitaire";"Aucune session distincte";"1";"A_POSITIONNER";"classeur ligne 592";"HUMAN_REVIEW";"";"OK_CALENDRIER_LOCAL";"OUI";"Aucune correspondance 2026 exacte prouvée"
"2027";"QV26-RECYCLAGE-BLS-3A2ED7C4:O3:S1";"0167F7.003";"Recyclage BLS";"F7";"FOSPEC";"Formation";"0167F7";"DAP:Y1";"";"2027-09-07";"Mardi";"18:00";"22:00";"Caserne B1";"Réf sanitaire";"Aucune session distincte";"1";"A_POSITIONNER";"classeur ligne 592";"HUMAN_REVIEW";"";"OK_CALENDRIER_LOCAL";"OUI";"Aucune correspondance 2026 exacte prouvée"
"2027";"QV26-RECYCLAGE-BLS-3A2ED7C4:O4:S1";"0167F7.003";"Recyclage BLS";"F7";"FOSPEC";"Formation";"0167F7";"DPS:G1";"";"2027-09-30";"Jeudi";"18:00";"22:00";"Caserne C1";"Réf sanitaire";"Aucune session distincte";"1";"A_POSITIONNER";"classeur ligne 694";"HUMAN_REVIEW";"";"OK_CALENDRIER_LOCAL";"OUI";"Aucune correspondance 2026 exacte prouvée"
"2027";"QV26-RECYCLAGE-BLS-3A2ED7C4:O4:S1";"0167F7.003";"Recyclage BLS";"F7";"FOSPEC";"Formation";"0167F7";"DPS:C1";"";"2027-09-30";"Jeudi";"18:00";"22:00";"Caserne C1";"Réf sanitaire";"Aucune session distincte";"1";"A_POSITIONNER";"classeur ligne 694";"HUMAN_REVIEW";"";"OK_CALENDRIER_LOCAL";"OUI";"Aucune correspondance 2026 exacte prouvée"
"2027";"QV26-RECYCLAGE-BLS-3A2ED7C4:O4:S1";"0167F7.003";"Recyclage BLS";"F7";"FOSPEC";"Formation";"0167F7";"DPS:B1";"";"2027-09-30";"Jeudi";"18:00";"22:00";"Caserne C1";"Réf sanitaire";"Aucune session distincte";"1";"A_POSITIONNER";"classeur ligne 694";"HUMAN_REVIEW";"";"OK_CALENDRIER_LOCAL";"OUI";"Aucune correspondance 2026 exacte prouvée"
"2027";"QV26-RECYCLAGE-BLS-3A2ED7C4:O4:S1";"0167F7.003";"Recyclage BLS";"F7";"FOSPEC";"Formation";"0167F7";"DPS:B2";"";"2027-09-30";"Jeudi";"18:00";"22:00";"Caserne C1";"Réf sanitaire";"Aucune session distincte";"1";"A_POSITIONNER";"classeur ligne 694";"HUMAN_REVIEW";"";"OK_CALENDRIER_LOCAL";"OUI";"Aucune correspondance 2026 exacte prouvée"
"2027";"QV26-RECYCLAGE-BLS-3A2ED7C4:O4:S1";"0167F7.003";"Recyclage BLS";"F7";"FOSPEC";"Formation";"0167F7";"DAP:Y1";"";"2027-09-30";"Jeudi";"18:00";"22:00";"Caserne C1";"Réf sanitaire";"Aucune session distincte";"1";"A_POSITIONNER";"classeur ligne 694";"HUMAN_REVIEW";"";"OK_CALENDRIER_LOCAL";"OUI";"Aucune correspondance 2026 exacte prouvée"
"2027";"QV26-RECYCLAGE-BLS-3A2ED7C4:O5:S1";"0167F7.003";"Recyclage BLS";"F7";"FOSPEC";"Formation";"0167F7";"DPS:G1";"";"2027-10-28";"Jeudi";"18:00";"22:00";"Caserne G1";"Réf sanitaire";"Aucune session distincte";"1";"A_POSITIONNER";"classeur ligne 746";"HUMAN_REVIEW";"";"OK_CALENDRIER_LOCAL";"OUI";"Aucune correspondance 2026 exacte prouvée"
"2027";"QV26-RECYCLAGE-BLS-3A2ED7C4:O5:S1";"0167F7.003";"Recyclage BLS";"F7";"FOSPEC";"Formation";"0167F7";"DPS:C1";"";"2027-10-28";"Jeudi";"18:00";"22:00";"Caserne G1";"Réf sanitaire";"Aucune session distincte";"1";"A_POSITIONNER";"classeur ligne 746";"HUMAN_REVIEW";"";"OK_CALENDRIER_LOCAL";"OUI";"Aucune correspondance 2026 exacte prouvée"
"2027";"QV26-RECYCLAGE-BLS-3A2ED7C4:O5:S1";"0167F7.003";"Recyclage BLS";"F7";"FOSPEC";"Formation";"0167F7";"DPS:B1";"";"2027-10-28";"Jeudi";"18:00";"22:00";"Caserne G1";"Réf sanitaire";"Aucune session distincte";"1";"A_POSITIONNER";"classeur ligne 746";"HUMAN_REVIEW";"";"OK_CALENDRIER_LOCAL";"OUI";"Aucune correspondance 2026 exacte prouvée"
"2027";"QV26-RECYCLAGE-BLS-3A2ED7C4:O5:S1";"0167F7.003";"Recyclage BLS";"F7";"FOSPEC";"Formation";"0167F7";"DPS:B2";"";"2027-10-28";"Jeudi";"18:00";"22:00";"Caserne G1";"Réf sanitaire";"Aucune session distincte";"1";"A_POSITIONNER";"classeur ligne 746";"HUMAN_REVIEW";"";"OK_CALENDRIER_LOCAL";"OUI";"Aucune correspondance 2026 exacte prouvée"
"2027";"QV26-RECYCLAGE-BLS-3A2ED7C4:O5:S1";"0167F7.003";"Recyclage BLS";"F7";"FOSPEC";"Formation";"0167F7";"DAP:Y1";"";"2027-10-28";"Jeudi";"18:00";"22:00";"Caserne G1";"Réf sanitaire";"Aucune session distincte";"1";"A_POSITIONNER";"classeur ligne 746";"HUMAN_REVIEW";"";"OK_CALENDRIER_LOCAL";"OUI";"Aucune correspondance 2026 exacte prouvée"
"2027";"QV26-RECYCLAGE-BLS-3A2ED7C4:O6:S1";"0167F7.003";"Recyclage BLS";"F7";"FOSPEC";"Formation";"0167F7";"DPS:G1";"";"2027-11-22";"Lundi";"18:00";"22:00";"Caserne G1";"Réf sanitaire";"Aucune session distincte";"1";"A_POSITIONNER";"classeur ligne 808";"HUMAN_REVIEW";"";"OK_CALENDRIER_LOCAL";"OUI";"Aucune correspondance 2026 exacte prouvée"
"2027";"QV26-RECYCLAGE-BLS-3A2ED7C4:O6:S1";"0167F7.003";"Recyclage BLS";"F7";"FOSPEC";"Formation";"0167F7";"DPS:C1";"";"2027-11-22";"Lundi";"18:00";"22:00";"Caserne G1";"Réf sanitaire";"Aucune session distincte";"1";"A_POSITIONNER";"classeur ligne 808";"HUMAN_REVIEW";"";"OK_CALENDRIER_LOCAL";"OUI";"Aucune correspondance 2026 exacte prouvée"
"2027";"QV26-RECYCLAGE-BLS-3A2ED7C4:O6:S1";"0167F7.003";"Recyclage BLS";"F7";"FOSPEC";"Formation";"0167F7";"DPS:B1";"";"2027-11-22";"Lundi";"18:00";"22:00";"Caserne G1";"Réf sanitaire";"Aucune session distincte";"1";"A_POSITIONNER";"classeur ligne 808";"HUMAN_REVIEW";"";"OK_CALENDRIER_LOCAL";"OUI";"Aucune correspondance 2026 exacte prouvée"
"2027";"QV26-RECYCLAGE-BLS-3A2ED7C4:O6:S1";"0167F7.003";"Recyclage BLS";"F7";"FOSPEC";"Formation";"0167F7";"DPS:B2";"";"2027-11-22";"Lundi";"18:00";"22:00";"Caserne G1";"Réf sanitaire";"Aucune session distincte";"1";"A_POSITIONNER";"classeur ligne 808";"HUMAN_REVIEW";"";"OK_CALENDRIER_LOCAL";"OUI";"Aucune correspondance 2026 exacte prouvée"
"2027";"QV26-RECYCLAGE-BLS-3A2ED7C4:O6:S1";"0167F7.003";"Recyclage BLS";"F7";"FOSPEC";"Formation";"0167F7";"DAP:Y1";"";"2027-11-22";"Lundi";"18:00";"22:00";"Caserne G1";"Réf sanitaire";"Aucune session distincte";"1";"A_POSITIONNER";"classeur ligne 808";"HUMAN_REVIEW";"";"OK_CALENDRIER_LOCAL";"OUI";"Aucune correspondance 2026 exacte prouvée"
"2027";"QV26-CONDUITE-TP9000-FORMATION-CONTINUE-1-0-E4E9FC21:O1:S1";"01521F7.001";"Conduite TP9000, formation continue 1.0";"F7";"AUTO";"Formation";"01521F7";"DPS:G1";"AUTO:2";"2027-03-01";"Lundi";"14:00";"16:00";"Caserne G1";"Of auto";"Aucune session distincte";"1";"A_POSITIONNER";"classeur ligne 64";"RECONDUIT";"";"OK_CALENDRIER_LOCAL";"NON";"Classeur 2026 ligne 64 ; date 2027 proposée, non validée par ce gate"
"2027";"QV26-CONDUITE-TP9000-FORMATION-CONTINUE-1-0-E4E9FC21:O2:S1";"01521F7.001";"Conduite TP9000, formation continue 1.0";"F7";"AUTO";"Formation";"01521F7";"DPS:G1";"AUTO:2";"2027-03-05";"Vendredi";"14:00";"16:00";"Caserne G1";"Of auto";"Aucune session distincte";"1";"A_POSITIONNER";"classeur ligne 94";"RECONDUIT";"";"OK_CALENDRIER_LOCAL";"NON";"Classeur 2026 ligne 94 ; date 2027 proposée, non validée par ce gate"
"2027";"QV26-CONDUITE-TP9000-FORMATION-CONTINUE-1-0-E4E9FC21:O3:S1";"01521F7.001";"Conduite TP9000, formation continue 1.0";"F7";"AUTO";"Formation";"01521F7";"DPS:G1";"AUTO:2";"2027-03-08";"Lundi";"14:00";"16:00";"Caserne G1";"Of auto";"Aucune session distincte";"1";"A_POSITIONNER";"classeur ligne 105";"RECONDUIT";"";"OK_CALENDRIER_LOCAL";"NON";"Classeur 2026 ligne 105 ; date 2027 proposée, non validée par ce gate"
"2027";"QV26-CONDUITE-TP9000-FORMATION-CONTINUE-1-0-E4E9FC21:O4:S1";"01521F7.001";"Conduite TP9000, formation continue 1.0";"F7";"AUTO";"Formation";"01521F7";"DPS:G1";"AUTO:2";"2027-03-10";"Mercredi";"10:00";"12:00";"Caserne G1";"Of auto";"Aucune session distincte";"1";"A_POSITIONNER";"classeur ligne 120";"RECONDUIT";"";"OK_CALENDRIER_LOCAL";"NON";"Classeur 2026 ligne 120 ; date 2027 proposée, non validée par ce gate"
"2027";"QV26-CONDUITE-TP9000-FORMATION-CONTINUE-1-1-47FCC17A:O1:S1";"01521F7.002";"Conduite TP9000, formation continue 1.1";"F7";"AUTO";"Formation";"01521F7";"DPS:G1";"AUTO:2";"2027-03-02";"Mardi";"14:00";"16:00";"Caserne G1";"Of auto";"Aucune session distincte";"1";"A_POSITIONNER";"classeur ligne 69";"RECONDUIT";"";"OK_CALENDRIER_LOCAL";"NON";"Classeur 2026 ligne 69 ; date 2027 proposée, non validée par ce gate"
"2027";"QV26-CONDUITE-TP9000-FORMATION-CONTINUE-1-1-47FCC17A:O2:S1";"01521F7.002";"Conduite TP9000, formation continue 1.1";"F7";"AUTO";"Formation";"01521F7";"DPS:G1";"AUTO:2";"2027-03-04";"Jeudi";"10:00";"12:00";"Caserne G1";"Of auto";"Aucune session distincte";"1";"A_POSITIONNER";"classeur ligne 84";"RECONDUIT";"";"OK_CALENDRIER_LOCAL";"NON";"Classeur 2026 ligne 84 ; date 2027 proposée, non validée par ce gate"
"2027";"QV26-CONDUITE-TP9000-FORMATION-CONTINUE-1-1-47FCC17A:O3:S1";"01521F7.002";"Conduite TP9000, formation continue 1.1";"F7";"AUTO";"Formation";"01521F7";"DPS:G1";"AUTO:2";"2027-03-09";"Mardi";"14:00";"16:00";"Caserne G1";"Of auto";"Aucune session distincte";"1";"A_POSITIONNER";"classeur ligne 109";"RECONDUIT";"";"OK_CALENDRIER_LOCAL";"NON";"Classeur 2026 ligne 109 ; date 2027 proposée, non validée par ce gate"
"2027";"QV26-CONDUITE-TP9000-FORMATION-CONTINUE-1-2-5D809A90:O1:S1";"01521F7.003";"Conduite TP9000, formation continue 1.2";"F7";"AUTO";"Formation";"01521F7";"DPS:G1";"AUTO:2";"2027-03-04";"Jeudi";"18:00";"20:00";"Caserne G1";"Of auto";"Aucune session distincte";"1";"A_POSITIONNER";"classeur ligne 87";"RECONDUIT";"";"OK_CALENDRIER_LOCAL";"NON";"Classeur 2026 ligne 87 ; date 2027 proposée, non validée par ce gate"
"2027";"QV26-CONDUITE-TP9000-FORMATION-CONTINUE-1-2-5D809A90:O2:S1";"01521F7.003";"Conduite TP9000, formation continue 1.2";"F7";"AUTO";"Formation";"01521F7";"DPS:G1";"AUTO:2";"2027-03-09";"Mardi";"18:00";"20:00";"Caserne G1";"Of auto";"Aucune session distincte";"1";"A_POSITIONNER";"classeur ligne 112";"RECONDUIT";"";"OK_CALENDRIER_LOCAL";"NON";"Classeur 2026 ligne 112 ; date 2027 proposée, non validée par ce gate"
"2027";"QV26-CONDUITE-TP9000-FORMATION-CONTINUE-1-2-5D809A90:O3:S1";"01521F7.003";"Conduite TP9000, formation continue 1.2";"F7";"AUTO";"Formation";"01521F7";"DPS:G1";"AUTO:2";"2027-03-11";"Jeudi";"18:00";"20:00";"Caserne G1";"Of auto";"Aucune session distincte";"1";"A_POSITIONNER";"classeur ligne 128";"RECONDUIT";"";"OK_CALENDRIER_LOCAL";"NON";"Classeur 2026 ligne 128 ; date 2027 proposée, non validée par ce gate"
"2027";"QV26-CONDUITE-TP9000-FORMATION-CONTINUE-1-2-5D809A90:O4:S1";"01521F7.003";"Conduite TP9000, formation continue 1.2";"F7";"AUTO";"Formation";"01521F7";"DPS:G1";"AUTO:2";"2027-03-17";"Mercredi";"18:00";"20:00";"Caserne G1";"Of auto";"Aucune session distincte";"1";"A_POSITIONNER";"classeur ligne 157";"RECONDUIT";"";"OK_CALENDRIER_LOCAL";"NON";"Classeur 2026 ligne 157 ; date 2027 proposée, non validée par ce gate"
"2027";"QV26-CONDUITE-TP9000-FORMATION-CONTINUE-1-2-5D809A90:O5:S1";"01521F7.003";"Conduite TP9000, formation continue 1.2";"F7";"AUTO";"Formation";"01521F7";"DPS:G1";"AUTO:2";"2027-03-23";"Mardi";"18:00";"20:00";"Caserne G1";"Of auto";"Aucune session distincte";"1";"A_POSITIONNER";"classeur ligne 184";"RECONDUIT";"";"OK_CALENDRIER_LOCAL";"NON";"Classeur 2026 ligne 184 ; date 2027 proposée, non validée par ce gate"
"2027";"QV26-CONDUITE-TP9000-FORMATION-CONTINUE-1-2-5D809A90:O6:S1";"01521F7.003";"Conduite TP9000, formation continue 1.2";"F7";"AUTO";"Formation";"01521F7";"DPS:G1";"AUTO:2";"2027-03-31";"Mercredi";"18:00";"20:00";"Caserne G1";"Of auto";"Aucune session distincte";"1";"A_POSITIONNER";"classeur ligne 211";"RECONDUIT";"VACANCES_SCOLAIRES";"HUMAN_REVIEW_CALENDAR:VACANCES_SCOLAIRES";"OUI";"Classeur 2026 ligne 211 ; date 2027 proposée, non validée par ce gate"
"2027";"QV26-CONDUITE-TP9000-FORMATION-CONTINUE-1-2-5D809A90:O7:S1";"01521F7.003";"Conduite TP9000, formation continue 1.2";"F7";"AUTO";"Formation";"01521F7";"DPS:G1";"AUTO:2";"2027-04-01";"Jeudi";"18:00";"20:00";"Caserne G1";"Of auto";"Aucune session distincte";"1";"A_POSITIONNER";"classeur ligne 216";"RECONDUIT";"VACANCES_SCOLAIRES";"HUMAN_REVIEW_CALENDAR:VACANCES_SCOLAIRES";"OUI";"Classeur 2026 ligne 216 ; date 2027 proposée, non validée par ce gate"
"2027";"QV26-CONDUITE-TP9000-FORMATION-CONTINUE-2-0-E3E851DD:O1:S1";"01521F7.004";"Conduite TP9000, formation continue 2.0";"F7";"AUTO";"Formation";"01521F7";"DPS:G1";"AUTO:2";"2027-09-28";"Mardi";"10:00";"12:00";"Caserne G1";"Of auto";"Aucune session distincte";"1";"A_POSITIONNER";"classeur ligne 679";"RECONDUIT";"";"OK_CALENDRIER_LOCAL";"NON";"Classeur 2026 ligne 679 ; date 2027 proposée, non validée par ce gate"
"2027";"QV26-CONDUITE-TP9000-FORMATION-CONTINUE-2-0-E3E851DD:O2:S1";"01521F7.004";"Conduite TP9000, formation continue 2.0";"F7";"AUTO";"Formation";"01521F7";"DPS:G1";"AUTO:2";"2027-10-01";"Vendredi";"10:00";"12:00";"Caserne G1";"Of auto";"Aucune session distincte";"1";"A_POSITIONNER";"classeur ligne 696";"RECONDUIT";"";"OK_CALENDRIER_LOCAL";"NON";"Classeur 2026 ligne 696 ; date 2027 proposée, non validée par ce gate"
"2027";"QV26-CONDUITE-TP9000-FORMATION-CONTINUE-2-0-E3E851DD:O3:S1";"01521F7.004";"Conduite TP9000, formation continue 2.0";"F7";"AUTO";"Formation";"01521F7";"DPS:G1";"AUTO:2";"2027-10-04";"Lundi";"14:00";"16:00";"Caserne G1";"Of auto";"Aucune session distincte";"1";"A_POSITIONNER";"classeur ligne 703";"RECONDUIT";"";"OK_CALENDRIER_LOCAL";"NON";"Classeur 2026 ligne 703 ; date 2027 proposée, non validée par ce gate"
"2027";"QV26-CONDUITE-TP9000-FORMATION-CONTINUE-2-0-E3E851DD:O4:S1";"01521F7.004";"Conduite TP9000, formation continue 2.0";"F7";"AUTO";"Formation";"01521F7";"DPS:G1";"AUTO:2";"2027-10-07";"Jeudi";"14:00";"16:00";"Caserne G1";"Of auto";"Aucune session distincte";"1";"A_POSITIONNER";"classeur ligne 717";"RECONDUIT";"";"OK_CALENDRIER_LOCAL";"NON";"Classeur 2026 ligne 717 ; date 2027 proposée, non validée par ce gate"
"2027";"QV26-CONDUITE-TP9000-FORMATION-CONTINUE-2-1-695292DE:O1:S1";"01521F7.005";"Conduite TP9000, formation continue 2.1";"F7";"AUTO";"Formation";"01521F7";"DPS:G1";"AUTO:2";"2027-09-23";"Jeudi";"10:00";"12:00";"Caserne G1";"Of auto";"Aucune session distincte";"1";"A_POSITIONNER";"classeur ligne 662";"RECONDUIT";"";"OK_CALENDRIER_LOCAL";"NON";"Classeur 2026 ligne 662 ; date 2027 proposée, non validée par ce gate"
"2027";"QV26-CONDUITE-TP9000-FORMATION-CONTINUE-2-1-695292DE:O2:S1";"01521F7.005";"Conduite TP9000, formation continue 2.1";"F7";"AUTO";"Formation";"01521F7";"DPS:G1";"AUTO:2";"2027-10-01";"Vendredi";"14:00";"16:00";"Caserne G1";"Of auto";"Aucune session distincte";"1";"A_POSITIONNER";"classeur ligne 697";"RECONDUIT";"";"OK_CALENDRIER_LOCAL";"NON";"Classeur 2026 ligne 697 ; date 2027 proposée, non validée par ce gate"
"2027";"QV26-CONDUITE-TP9000-FORMATION-CONTINUE-2-1-695292DE:O3:S1";"01521F7.005";"Conduite TP9000, formation continue 2.1";"F7";"AUTO";"Formation";"01521F7";"DPS:G1";"AUTO:2";"2027-10-05";"Mardi";"14:00";"16:00";"Caserne G1";"Of auto";"Aucune session distincte";"1";"A_POSITIONNER";"classeur ligne 709";"RECONDUIT";"";"OK_CALENDRIER_LOCAL";"NON";"Classeur 2026 ligne 709 ; date 2027 proposée, non validée par ce gate"
"2027";"QV26-CONDUITE-TP9000-FORMATION-CONTINUE-2-1-695292DE:O4:S1";"01521F7.005";"Conduite TP9000, formation continue 2.1";"F7";"AUTO";"Formation";"01521F7";"DPS:G1";"AUTO:2";"2027-10-27";"Mercredi";"16:00";"18:00";"Caserne G1";"Of auto";"Aucune session distincte";"1";"A_POSITIONNER";"classeur ligne 740";"RECONDUIT";"";"OK_CALENDRIER_LOCAL";"NON";"Classeur 2026 ligne 740 ; date 2027 proposée, non validée par ce gate"
"2027";"QV26-CONDUITE-TP9000-FORMATION-CONTINUE-2-2-CC09656E:O1:S1";"01521F7.006";"Conduite TP9000, formation continue 2.2";"F7";"AUTO";"Formation";"01521F7";"DPS:G1";"AUTO:2";"2027-09-30";"Jeudi";"18:00";"20:00";"Caserne G1";"Of auto";"Aucune session distincte";"1";"A_POSITIONNER";"classeur ligne 693";"RECONDUIT";"";"OK_CALENDRIER_LOCAL";"NON";"Classeur 2026 ligne 693 ; date 2027 proposée, non validée par ce gate"
"2027";"QV26-CONDUITE-TP9000-FORMATION-CONTINUE-2-2-CC09656E:O2:S1";"01521F7.006";"Conduite TP9000, formation continue 2.2";"F7";"AUTO";"Formation";"01521F7";"DPS:G1";"AUTO:2";"2027-10-13";"Mercredi";"18:00";"20:00";"Caserne G1";"Of auto";"Aucune session distincte";"1";"A_POSITIONNER";"classeur ligne 726";"RECONDUIT";"VACANCES_SCOLAIRES";"HUMAN_REVIEW_CALENDAR:VACANCES_SCOLAIRES";"OUI";"Classeur 2026 ligne 726 ; date 2027 proposée, non validée par ce gate"
"2027";"QV26-CONDUITE-TP9000-FORMATION-CONTINUE-2-2-CC09656E:O3:S1";"01521F7.006";"Conduite TP9000, formation continue 2.2";"F7";"AUTO";"Formation";"01521F7";"DPS:G1";"AUTO:2";"2027-10-20";"Mercredi";"18:00";"20:00";"Caserne G1";"Of auto";"Aucune session distincte";"1";"A_POSITIONNER";"classeur ligne 731";"RECONDUIT";"VACANCES_SCOLAIRES";"HUMAN_REVIEW_CALENDAR:VACANCES_SCOLAIRES";"OUI";"Classeur 2026 ligne 731 ; date 2027 proposée, non validée par ce gate"
"2027";"QV26-CONDUITE-TP9000-FORMATION-CONTINUE-2-2-CC09656E:O4:S1";"01521F7.006";"Conduite TP9000, formation continue 2.2";"F7";"AUTO";"Formation";"01521F7";"DPS:G1";"AUTO:2";"2027-10-27";"Mercredi";"18:00";"20:00";"Caserne G1";"Of auto";"Aucune session distincte";"1";"A_POSITIONNER";"classeur ligne 742";"RECONDUIT";"";"OK_CALENDRIER_LOCAL";"NON";"Classeur 2026 ligne 742 ; date 2027 proposée, non validée par ce gate"
"2027";"QV26-CONDUITE-TP9000-FORMATION-CONTINUE-2-2-CC09656E:O5:S1";"01521F7.006";"Conduite TP9000, formation continue 2.2";"F7";"AUTO";"Formation";"01521F7";"DPS:G1";"AUTO:2";"2027-10-28";"Jeudi";"18:00";"20:00";"Caserne G1";"Of auto";"Aucune session distincte";"1";"A_POSITIONNER";"classeur ligne 745";"RECONDUIT";"";"OK_CALENDRIER_LOCAL";"NON";"Classeur 2026 ligne 745 ; date 2027 proposée, non validée par ce gate"
"2027";"QV26-CONDUITE-TP9000-FORMATION-CONTINUE-2-2-CC09656E:O6:S1";"01521F7.006";"Conduite TP9000, formation continue 2.2";"F7";"AUTO";"Formation";"01521F7";"DPS:G1";"AUTO:2";"2027-11-03";"Mercredi";"18:00";"20:00";"Caserne G1";"Of auto";"Aucune session distincte";"1";"A_POSITIONNER";"classeur ligne 765";"RECONDUIT";"";"OK_CALENDRIER_LOCAL";"NON";"Classeur 2026 ligne 765 ; date 2027 proposée, non validée par ce gate"
"2027";"QV26-CONDUITE-TP9000-FORMATION-CONTINUE-2-2-CC09656E:O7:S1";"01521F7.006";"Conduite TP9000, formation continue 2.2";"F7";"AUTO";"Formation";"01521F7";"DPS:G1";"AUTO:2";"2027-11-09";"Mardi";"18:00";"20:00";"Caserne G1";"Of auto";"Aucune session distincte";"1";"A_POSITIONNER";"classeur ligne 788";"RECONDUIT";"";"OK_CALENDRIER_LOCAL";"NON";"Classeur 2026 ligne 788 ; date 2027 proposée, non validée par ce gate"
"2027";"QV26-CONDUITE-TP9000-FORMATION-CONTINUE-2-2-CC09656E:O8:S1";"01521F7.006";"Conduite TP9000, formation continue 2.2";"F7";"AUTO";"Formation";"01521F7";"DPS:G1";"AUTO:2";"2027-11-11";"Jeudi";"18:00";"20:00";"Caserne G1";"Of auto";"Aucune session distincte";"1";"A_POSITIONNER";"classeur ligne 793";"RECONDUIT";"";"OK_CALENDRIER_LOCAL";"NON";"Classeur 2026 ligne 793 ; date 2027 proposée, non validée par ce gate"
"2027";"QV26-COURS-DE-CADRES-EXERCICE-CAR-FB6A81CD:O1:S1";"01522F7.002";"Cours de cadres exercice CAR";"F7";"AUTO";"Exercice";"01522F7";"OI_NON_DOCUMENTE_2027";"AUTO:3";"2027-08-19";"Jeudi";"18:30";"21:00";"Caserne G1";"Of auto";"Aucune session distincte";"1";"A_POSITIONNER";"classeur ligne 512";"RECONDUIT";"VACANCES_SCOLAIRES";"HUMAN_REVIEW_CALENDAR:VACANCES_SCOLAIRES";"OUI";"Classeur 2026 ligne 512 ; date 2027 proposée, non validée par ce gate"
"2027";"QV26-COURS-DE-CADRES-EXERCICE-TRUCK-220DF695:O1:S1";"01521F7.007";"Cours de cadres exercice TRUCK";"F7";"AUTO";"Exercice";"01521F7";"DPS:G1";"AUTO:1";"2027-03-08";"Lundi";"18:30";"21:00";"Caserne G1";"Of auto";"Aucune session distincte";"1";"A_POSITIONNER";"classeur ligne 106";"RECONDUIT";"";"OK_CALENDRIER_LOCAL";"NON";"Classeur 2026 ligne 106 ; date 2027 proposée, non validée par ce gate"
"2027";"QV26-COURS-DE-CADRES-EXERCICE-TRUCK-220DF695:O1:S1";"01521F7.007";"Cours de cadres exercice TRUCK";"F7";"AUTO";"Exercice";"01521F7";"DPS:C1";"AUTO:1";"2027-03-08";"Lundi";"18:30";"21:00";"Caserne G1";"Of auto";"Aucune session distincte";"1";"A_POSITIONNER";"classeur ligne 106";"RECONDUIT";"";"OK_CALENDRIER_LOCAL";"NON";"Classeur 2026 ligne 106 ; date 2027 proposée, non validée par ce gate"
"2027";"QV26-COURS-DE-CADRES-EXERCICE-TRUCK-220DF695:O1:S1";"01521F7.007";"Cours de cadres exercice TRUCK";"F7";"AUTO";"Exercice";"01521F7";"DPS:B1";"AUTO:1";"2027-03-08";"Lundi";"18:30";"21:00";"Caserne G1";"Of auto";"Aucune session distincte";"1";"A_POSITIONNER";"classeur ligne 106";"RECONDUIT";"";"OK_CALENDRIER_LOCAL";"NON";"Classeur 2026 ligne 106 ; date 2027 proposée, non validée par ce gate"
"2027";"QV26-COURS-DE-CADRES-EXERCICE-TRUCK-220DF695:O1:S1";"01521F7.007";"Cours de cadres exercice TRUCK";"F7";"AUTO";"Exercice";"01521F7";"DPS:B2";"AUTO:1";"2027-03-08";"Lundi";"18:30";"21:00";"Caserne G1";"Of auto";"Aucune session distincte";"1";"A_POSITIONNER";"classeur ligne 106";"RECONDUIT";"";"OK_CALENDRIER_LOCAL";"NON";"Classeur 2026 ligne 106 ; date 2027 proposée, non validée par ce gate"
"2027";"QV26-COURS-DE-CADRES-FORMATEURS-MEA-2-40EAD3D2:O1:S1";"0151F7.003";"Cours de cadres Formateurs MEA 2";"F7";"AUTO";"Formation";"0151F7";"OI_NON_DOCUMENTE_2027";"AUTO:1, AUTO:5";"2027-08-18";"Mercredi";"17:30";"20:00";"Caserne G1";"Of auto";"Aucune session distincte";"1";"A_POSITIONNER";"classeur ligne 506";"RECONDUIT";"VACANCES_SCOLAIRES";"HUMAN_REVIEW_CALENDAR:VACANCES_SCOLAIRES";"OUI";"Classeur 2026 ligne 506 ; date 2027 proposée, non validée par ce gate"
"2027";"QV26-COURS-DE-CADRES-FORMATION-PILOTE-BAT-1-61D567E4:O1:S1";"0153F7.001";"Cours de cadres formation pilote BAT 1";"F7";"AUTO";"Formation";"0153F7";"OI_NON_DOCUMENTE_2027";"AUTO:1, AUTO:6";"2027-05-04";"Mardi";"14:00";"16:00";"Caserne G1";"Of auto";"Aucune session distincte";"1";"A_POSITIONNER";"classeur ligne 284";"RECONDUIT";"";"OK_CALENDRIER_LOCAL";"NON";"Classeur 2026 ligne 284 ; date 2027 proposée, non validée par ce gate"
"2027";"QV26-COURS-DE-CADRES-FORMATION-PILOTE-BAT-2-E52B954F:O1:S1";"0153F7.002";"Cours de cadres formation pilote BAT 2";"F7";"AUTO";"Formation";"0153F7";"OI_NON_DOCUMENTE_2027";"AUTO:1, AUTO:6";"2027-08-24";"Mardi";"14:00";"16:00";"Caserne G1";"Of auto";"Aucune session distincte";"1";"A_POSITIONNER";"classeur ligne 527";"RECONDUIT";"";"OK_CALENDRIER_LOCAL";"NON";"Classeur 2026 ligne 527 ; date 2027 proposée, non validée par ce gate"
"2027";"QV26-EXERCICE-CAR-1-1-B757E011:O1:S1";"01522F7.009";"Exercice CAR 1.1";"F7";"AUTO";"Exercice";"01522F7";"OI_NON_DOCUMENTE_2027";"AUTO:3";"2027-09-07";"Mardi";"19:00";"21:30";"Caserne militaire";"Of auto";"Aucune session distincte";"1";"A_POSITIONNER";"classeur ligne 595";"RECONDUIT";"";"OK_CALENDRIER_LOCAL";"NON";"Classeur 2026 ligne 595 ; date 2027 proposée, non validée par ce gate"
"2027";"QV26-EXERCICE-CAR-1-2-0B60C469:O1:S1";"01522F7.010";"Exercice CAR 1.2";"F7";"AUTO";"Exercice";"01522F7";"OI_NON_DOCUMENTE_2027";"AUTO:3";"2027-09-21";"Mardi";"19:00";"21:30";"Caserne militaire";"Of auto";"Aucune session distincte";"1";"A_POSITIONNER";"classeur ligne 652";"RECONDUIT";"";"OK_CALENDRIER_LOCAL";"NON";"Classeur 2026 ligne 652 ; date 2027 proposée, non validée par ce gate"
"2027";"QV26-EXERCICE-CAR-1-3-27A2CDBA:O1:S1";"01522F7.011";"Exercice CAR 1.3";"F7";"AUTO";"Exercice";"01522F7";"OI_NON_DOCUMENTE_2027";"AUTO:3";"2027-09-28";"Mardi";"19:00";"21:30";"Caserne militaire";"Of auto";"Aucune session distincte";"1";"A_POSITIONNER";"classeur ligne 682";"RECONDUIT";"";"OK_CALENDRIER_LOCAL";"NON";"Classeur 2026 ligne 682 ; date 2027 proposée, non validée par ce gate"
"2027";"QV26-EXERCICE-CAR-1-4-7289BE09:O1:S1";"01522F7.012";"Exercice CAR 1.4";"F7";"AUTO";"Exercice";"01522F7";"OI_NON_DOCUMENTE_2027";"AUTO:3";"2027-10-05";"Mardi";"19:00";"21:30";"Caserne militaire";"Of auto";"Aucune session distincte";"1";"A_POSITIONNER";"classeur ligne 712";"RECONDUIT";"";"OK_CALENDRIER_LOCAL";"NON";"Classeur 2026 ligne 712 ; date 2027 proposée, non validée par ce gate"
"2027";"QV26-EXERCICE-CAR-1-5-5D540753:O1:S1";"01522F7.013";"Exercice CAR 1.5";"F7";"AUTO";"Exercice";"01522F7";"OI_NON_DOCUMENTE_2027";"AUTO:3";"2027-10-07";"Jeudi";"19:00";"21:30";"Caserne militaire";"Of auto";"Aucune session distincte";"1";"A_POSITIONNER";"classeur ligne 723";"RECONDUIT";"";"OK_CALENDRIER_LOCAL";"NON";"Classeur 2026 ligne 723 ; date 2027 proposée, non validée par ce gate"
"2027";"QV26-EXERCICE-TRUCK-1-1-202AC9BA:O1:S1";"01521F7.013";"Exercice TRUCK 1.1";"F7";"AUTO";"Exercice";"01521F7";"DPS:G1";"AUTO:1";"2027-04-20";"Mardi";"19:00";"21:30";"Caserne G1";"Of auto";"Aucune session distincte";"1";"A_POSITIONNER";"classeur ligne 243";"RECONDUIT";"";"OK_CALENDRIER_LOCAL";"NON";"Classeur 2026 ligne 243 ; date 2027 proposée, non validée par ce gate"
"2027";"QV26-EXERCICE-TRUCK-1-2-B2637E39:O1:S1";"01521F7.014";"Exercice TRUCK 1.2";"F7";"AUTO";"Exercice";"01521F7";"DPS:G1";"AUTO:1";"2027-04-29";"Jeudi";"19:00";"21:30";"Caserne G1";"Of auto";"Aucune session distincte";"1";"A_POSITIONNER";"classeur ligne 269";"RECONDUIT";"";"OK_CALENDRIER_LOCAL";"NON";"Classeur 2026 ligne 269 ; date 2027 proposée, non validée par ce gate"
"2027";"QV26-EXERCICE-TRUCK-1-3-94F967E5:O1:S1";"01521F7.015";"Exercice TRUCK 1.3";"F7";"AUTO";"Exercice";"01521F7";"DPS:G1";"AUTO:1";"2027-05-20";"Jeudi";"19:00";"21:30";"Caserne G1";"Of auto";"Aucune session distincte";"1";"A_POSITIONNER";"classeur ligne 331";"RECONDUIT";"";"OK_CALENDRIER_LOCAL";"NON";"Classeur 2026 ligne 331 ; date 2027 proposée, non validée par ce gate"
"2027";"QV26-EXERCICE-TRUCK-1-4-6B104BDE:O1:S1";"01521F7.016";"Exercice TRUCK 1.4";"F7";"AUTO";"Exercice";"01521F7";"OI_NON_DOCUMENTE_2027";"AUTO:1";"2027-05-25";"Mardi";"19:00";"21:30";"Caserne G1";"Of auto";"Aucune session distincte";"1";"A_POSITIONNER";"classeur ligne 344";"RECONDUIT";"";"OK_CALENDRIER_LOCAL";"NON";"Classeur 2026 ligne 344 ; date 2027 proposée, non validée par ce gate"
"2027";"QV26-FORMATION-GRUTIER-1-0-035858B9:O1:S1";"0154F7.002";"Formation grutier 1.0";"F7";"AUTO";"Formation";"0154F7";"OI_NON_DOCUMENTE_2027";"AUTO:1, AUTO:4";"2027-06-07";"Lundi";"13:30";"15:30";"Caserne G1";"Of auto";"Aucune session distincte";"1";"A_POSITIONNER";"classeur ligne 384";"RECONDUIT";"";"OK_CALENDRIER_LOCAL";"NON";"Classeur 2026 ligne 384 ; date 2027 proposée, non validée par ce gate"
"2027";"QV26-FORMATION-GRUTIER-1-0-035858B9:O2:S1";"0154F7.002";"Formation grutier 1.0";"F7";"AUTO";"Formation";"0154F7";"OI_NON_DOCUMENTE_2027";"AUTO:1, AUTO:4";"2027-06-10";"Jeudi";"09:30";"11:30";"Caserne G1";"Of auto";"Aucune session distincte";"1";"A_POSITIONNER";"classeur ligne 395";"RECONDUIT";"";"OK_CALENDRIER_LOCAL";"NON";"Classeur 2026 ligne 395 ; date 2027 proposée, non validée par ce gate"
"2027";"QV26-FORMATION-GRUTIER-1-2-DA4AD8FE:O1:S1";"0154F7.003";"Formation grutier 1.2";"F7";"AUTO";"Formation";"0154F7";"OI_NON_DOCUMENTE_2027";"AUTO:1, AUTO:4";"2027-06-02";"Mercredi";"18:00";"20:00";"Caserne G1";"Of auto";"Aucune session distincte";"1";"A_POSITIONNER";"classeur ligne 370";"RECONDUIT";"";"OK_CALENDRIER_LOCAL";"NON";"Classeur 2026 ligne 370 ; date 2027 proposée, non validée par ce gate"
"2027";"QV26-FORMATION-GRUTIER-1-2-DA4AD8FE:O2:S1";"0154F7.003";"Formation grutier 1.2";"F7";"AUTO";"Formation";"0154F7";"OI_NON_DOCUMENTE_2027";"AUTO:1, AUTO:4";"2027-06-09";"Mercredi";"18:00";"20:00";"Caserne G1";"Of auto";"Aucune session distincte";"1";"A_POSITIONNER";"classeur ligne 392";"RECONDUIT";"";"OK_CALENDRIER_LOCAL";"NON";"Classeur 2026 ligne 392 ; date 2027 proposée, non validée par ce gate"
"2027";"QV26-FORMATION-GRUTIER-1-2-DA4AD8FE:O3:S1";"0154F7.003";"Formation grutier 1.2";"F7";"AUTO";"Formation";"0154F7";"OI_NON_DOCUMENTE_2027";"AUTO:1, AUTO:4";"2027-06-17";"Jeudi";"18:00";"20:00";"Caserne G1";"Of auto";"Aucune session distincte";"1";"A_POSITIONNER";"classeur ligne 431";"RECONDUIT";"";"OK_CALENDRIER_LOCAL";"NON";"Classeur 2026 ligne 431 ; date 2027 proposée, non validée par ce gate"
"2027";"QV26-FORMATION-GRUTIER-2-0-1FD0227E:O1:S1";"0154F7.004";"Formation grutier 2.0";"F7";"AUTO";"Formation";"0154F7";"OI_NON_DOCUMENTE_2027";"AUTO:1, AUTO:4";"2027-08-27";"Vendredi";"09:30";"11:30";"Caserne G1";"Of auto";"Aucune session distincte";"1";"A_POSITIONNER";"classeur ligne 546";"RECONDUIT";"";"OK_CALENDRIER_LOCAL";"NON";"Classeur 2026 ligne 546 ; date 2027 proposée, non validée par ce gate"
"2027";"QV26-FORMATION-GRUTIER-2-0-1FD0227E:O2:S1";"0154F7.004";"Formation grutier 2.0";"F7";"AUTO";"Formation";"0154F7";"OI_NON_DOCUMENTE_2027";"AUTO:1, AUTO:4";"2027-08-27";"Vendredi";"13:30";"15:30";"Caserne G1";"Of auto";"Aucune session distincte";"1";"A_POSITIONNER";"classeur ligne 547";"RECONDUIT";"";"OK_CALENDRIER_LOCAL";"NON";"Classeur 2026 ligne 547 ; date 2027 proposée, non validée par ce gate"
"2027";"QV26-FORMATION-GRUTIER-2-2-9B0CC0FE:O1:S1";"0154F7.005";"Formation grutier 2.2";"F7";"AUTO";"Formation";"0154F7";"OI_NON_DOCUMENTE_2027";"AUTO:1, AUTO:4";"2027-09-09";"Jeudi";"18:00";"20:00";"Caserne G1";"Of auto";"Aucune session distincte";"1";"A_POSITIONNER";"classeur ligne 604";"RECONDUIT";"";"OK_CALENDRIER_LOCAL";"NON";"Classeur 2026 ligne 604 ; date 2027 proposée, non validée par ce gate"
"2027";"QV26-FORMATION-GRUTIER-2-2-9B0CC0FE:O2:S1";"0154F7.005";"Formation grutier 2.2";"F7";"AUTO";"Formation";"0154F7";"OI_NON_DOCUMENTE_2027";"AUTO:1, AUTO:4";"2027-09-16";"Jeudi";"18:00";"20:00";"Caserne G1";"Of auto";"Aucune session distincte";"1";"A_POSITIONNER";"classeur ligne 629";"RECONDUIT";"";"OK_CALENDRIER_LOCAL";"NON";"Classeur 2026 ligne 629 ; date 2027 proposée, non validée par ce gate"
"2027";"QV26-FORMATION-GRUTIER-2-2-9B0CC0FE:O3:S1";"0154F7.005";"Formation grutier 2.2";"F7";"AUTO";"Formation";"0154F7";"OI_NON_DOCUMENTE_2027";"AUTO:1, AUTO:4";"2027-10-06";"Mercredi";"18:00";"20:00";"Caserne G1";"Of auto";"Aucune session distincte";"1";"A_POSITIONNER";"classeur ligne 716";"RECONDUIT";"";"OK_CALENDRIER_LOCAL";"NON";"Classeur 2026 ligne 716 ; date 2027 proposée, non validée par ce gate"
"2027";"QV26-FORMATION-MEA-1-0-7408CDDA:O1:S1";"0151F7.021";"Formation MEA 1.0";"F7";"AUTO";"Formation";"0151F7";"OI_NON_DOCUMENTE_2027";"AUTO:1, AUTO:5";"2027-03-05";"Vendredi";"09:30";"12:00";"Caserne G1";"Of auto";"Aucune session distincte";"1";"A_POSITIONNER";"classeur ligne 93";"RECONDUIT";"";"OK_CALENDRIER_LOCAL";"NON";"Classeur 2026 ligne 93 ; date 2027 proposée, non validée par ce gate"
"2027";"QV26-FORMATION-MEA-1-0-7408CDDA:O2:S1";"0151F7.021";"Formation MEA 1.0";"F7";"AUTO";"Formation";"0151F7";"OI_NON_DOCUMENTE_2027";"AUTO:1, AUTO:5";"2027-03-17";"Mercredi";"09:30";"12:00";"Caserne G1";"Of auto";"Aucune session distincte";"1";"A_POSITIONNER";"classeur ligne 155";"RECONDUIT";"";"OK_CALENDRIER_LOCAL";"NON";"Classeur 2026 ligne 155 ; date 2027 proposée, non validée par ce gate"
"2027";"QV26-FORMATION-MEA-1-0-7408CDDA:O3:S1";"0151F7.021";"Formation MEA 1.0";"F7";"AUTO";"Formation";"0151F7";"OI_NON_DOCUMENTE_2027";"AUTO:1, AUTO:5";"2027-03-22";"Lundi";"13:30";"16:00";"Caserne G1";"Of auto";"Aucune session distincte";"1";"A_POSITIONNER";"classeur ligne 177";"RECONDUIT";"";"OK_CALENDRIER_LOCAL";"NON";"Classeur 2026 ligne 177 ; date 2027 proposée, non validée par ce gate"
"2027";"QV26-FORMATION-MEA-1-0-7408CDDA:O4:S1";"0151F7.021";"Formation MEA 1.0";"F7";"AUTO";"Formation";"0151F7";"OI_NON_DOCUMENTE_2027";"AUTO:1, AUTO:5";"2027-03-31";"Mercredi";"09:30";"12:00";"Caserne G1";"Of auto";"Aucune session distincte";"1";"A_POSITIONNER";"classeur ligne 210";"RECONDUIT";"VACANCES_SCOLAIRES";"HUMAN_REVIEW_CALENDAR:VACANCES_SCOLAIRES";"OUI";"Classeur 2026 ligne 210 ; date 2027 proposée, non validée par ce gate"
"2027";"QV26-FORMATION-MEA-1-1-5CB7E5CE:O1:S1";"0151F7.022";"Formation MEA 1.1";"F7";"AUTO";"Formation";"0151F7";"OI_NON_DOCUMENTE_2027";"AUTO:1, AUTO:5";"2027-03-02";"Mardi";"09:30";"12:00";"Caserne G1";"Of auto";"Aucune session distincte";"1";"A_POSITIONNER";"classeur ligne 68";"RECONDUIT";"";"OK_CALENDRIER_LOCAL";"NON";"Classeur 2026 ligne 68 ; date 2027 proposée, non validée par ce gate"
"2027";"QV26-FORMATION-MEA-1-1-5CB7E5CE:O2:S1";"0151F7.022";"Formation MEA 1.1";"F7";"AUTO";"Formation";"0151F7";"OI_NON_DOCUMENTE_2027";"AUTO:1, AUTO:5";"2027-03-19";"Vendredi";"09:30";"12:00";"Caserne G1";"Of auto";"Aucune session distincte";"1";"A_POSITIONNER";"classeur ligne 170";"RECONDUIT";"";"OK_CALENDRIER_LOCAL";"NON";"Classeur 2026 ligne 170 ; date 2027 proposée, non validée par ce gate"
"2027";"QV26-FORMATION-MEA-1-2-7A5BA540:O1:S1";"0151F7.023";"Formation MEA 1.2";"F7";"AUTO";"Formation";"0151F7";"OI_NON_DOCUMENTE_2027";"AUTO:1, AUTO:5";"2027-02-23";"Mardi";"18:00";"20:30";"Caserne G1";"Of auto";"Aucune session distincte";"1";"A_POSITIONNER";"classeur ligne 35";"RECONDUIT";"";"OK_CALENDRIER_LOCAL";"NON";"Classeur 2026 ligne 35 ; date 2027 proposée, non validée par ce gate"
"2027";"QV26-FORMATION-MEA-1-2-7A5BA540:O2:S1";"0151F7.023";"Formation MEA 1.2";"F7";"AUTO";"Formation";"0151F7";"OI_NON_DOCUMENTE_2027";"AUTO:1, AUTO:5";"2027-02-25";"Jeudi";"18:00";"20:30";"Caserne G1";"Of auto";"Aucune session distincte";"1";"A_POSITIONNER";"classeur ligne 50";"RECONDUIT";"";"OK_CALENDRIER_LOCAL";"NON";"Classeur 2026 ligne 50 ; date 2027 proposée, non validée par ce gate"
"2027";"QV26-FORMATION-MEA-1-2-7A5BA540:O3:S1";"0151F7.023";"Formation MEA 1.2";"F7";"AUTO";"Formation";"0151F7";"OI_NON_DOCUMENTE_2027";"AUTO:1, AUTO:5";"2027-03-01";"Lundi";"18:00";"20:30";"Caserne G1";"Of auto";"Aucune session distincte";"1";"A_POSITIONNER";"classeur ligne 65";"RECONDUIT";"";"OK_CALENDRIER_LOCAL";"NON";"Classeur 2026 ligne 65 ; date 2027 proposée, non validée par ce gate"
"2027";"QV26-FORMATION-MEA-1-2-7A5BA540:O4:S1";"0151F7.023";"Formation MEA 1.2";"F7";"AUTO";"Formation";"0151F7";"OI_NON_DOCUMENTE_2027";"AUTO:1, AUTO:5";"2027-03-03";"Mercredi";"18:00";"20:30";"Caserne G1";"Of auto";"Aucune session distincte";"1";"A_POSITIONNER";"classeur ligne 78";"RECONDUIT";"";"OK_CALENDRIER_LOCAL";"NON";"Classeur 2026 ligne 78 ; date 2027 proposée, non validée par ce gate"
"2027";"QV26-FORMATION-MEA-1-2-7A5BA540:O5:S1";"0151F7.023";"Formation MEA 1.2";"F7";"AUTO";"Formation";"0151F7";"OI_NON_DOCUMENTE_2027";"AUTO:1, AUTO:5";"2027-03-10";"Mercredi";"18:00";"20:30";"Caserne G1";"Of auto";"Aucune session distincte";"1";"A_POSITIONNER";"classeur ligne 123";"RECONDUIT";"";"OK_CALENDRIER_LOCAL";"NON";"Classeur 2026 ligne 123 ; date 2027 proposée, non validée par ce gate"
"2027";"QV26-FORMATION-MEA-1-2-7A5BA540:O6:S1";"0151F7.023";"Formation MEA 1.2";"F7";"AUTO";"Formation";"0151F7";"OI_NON_DOCUMENTE_2027";"AUTO:1, AUTO:5";"2027-03-15";"Lundi";"18:00";"20:30";"Caserne G1";"Of auto";"Aucune session distincte";"1";"A_POSITIONNER";"classeur ligne 147";"RECONDUIT";"";"OK_CALENDRIER_LOCAL";"NON";"Classeur 2026 ligne 147 ; date 2027 proposée, non validée par ce gate"
"2027";"QV26-FORMATION-MEA-1-2-7A5BA540:O7:S1";"0151F7.023";"Formation MEA 1.2";"F7";"AUTO";"Formation";"0151F7";"OI_NON_DOCUMENTE_2027";"AUTO:1, AUTO:5";"2027-04-13";"Mardi";"18:00";"20:30";"Caserne G1";"Of auto";"Aucune session distincte";"1";"A_POSITIONNER";"classeur ligne 234";"RECONDUIT";"";"OK_CALENDRIER_LOCAL";"NON";"Classeur 2026 ligne 234 ; date 2027 proposée, non validée par ce gate"
"2027";"QV26-FORMATION-MEA-1-2-7A5BA540:O8:S1";"0151F7.023";"Formation MEA 1.2";"F7";"AUTO";"Formation";"0151F7";"OI_NON_DOCUMENTE_2027";"AUTO:1, AUTO:5";"2027-04-27";"Mardi";"18:00";"20:30";"Caserne G1";"Of auto";"Aucune session distincte";"1";"A_POSITIONNER";"classeur ligne 262";"RECONDUIT";"";"OK_CALENDRIER_LOCAL";"NON";"Classeur 2026 ligne 262 ; date 2027 proposée, non validée par ce gate"
"2027";"QV26-FORMATION-MEA-1-2-7A5BA540:O9:S1";"0151F7.023";"Formation MEA 1.2";"F7";"AUTO";"Formation";"0151F7";"OI_NON_DOCUMENTE_2027";"AUTO:1, AUTO:5";"2027-04-28";"Mercredi";"18:00";"20:30";"Caserne G1";"Of auto";"Aucune session distincte";"1";"A_POSITIONNER";"classeur ligne 267";"RECONDUIT";"";"OK_CALENDRIER_LOCAL";"NON";"Classeur 2026 ligne 267 ; date 2027 proposée, non validée par ce gate"
"2027";"QV26-FORMATION-MEA-2-0-E0CF962E:O1:S1";"0151F7.024";"Formation MEA 2.0";"F7";"AUTO";"Formation";"0151F7";"OI_NON_DOCUMENTE_2027";"AUTO:1, AUTO:5";"2027-09-01";"Mercredi";"09:30";"12:00";"Caserne G1";"Of auto";"Aucune session distincte";"1";"A_POSITIONNER";"classeur ligne 562";"RECONDUIT";"";"OK_CALENDRIER_LOCAL";"NON";"Classeur 2026 ligne 562 ; date 2027 proposée, non validée par ce gate"
"2027";"QV26-FORMATION-MEA-2-0-E0CF962E:O2:S1";"0151F7.024";"Formation MEA 2.0";"F7";"AUTO";"Formation";"0151F7";"OI_NON_DOCUMENTE_2027";"AUTO:1, AUTO:5";"2027-09-08";"Mercredi";"09:30";"12:00";"Caserne G1";"Of auto";"Aucune session distincte";"1";"A_POSITIONNER";"classeur ligne 596";"RECONDUIT";"";"OK_CALENDRIER_LOCAL";"NON";"Classeur 2026 ligne 596 ; date 2027 proposée, non validée par ce gate"
"2027";"QV26-FORMATION-MEA-2-0-E0CF962E:O3:S1";"0151F7.024";"Formation MEA 2.0";"F7";"AUTO";"Formation";"0151F7";"OI_NON_DOCUMENTE_2027";"AUTO:1, AUTO:5";"2027-09-13";"Lundi";"13:30";"16:00";"Caserne G1";"Of auto";"Aucune session distincte";"1";"A_POSITIONNER";"classeur ligne 616";"RECONDUIT";"";"OK_CALENDRIER_LOCAL";"NON";"Classeur 2026 ligne 616 ; date 2027 proposée, non validée par ce gate"
"2027";"QV26-FORMATION-MEA-2-0-E0CF962E:O4:S1";"0151F7.024";"Formation MEA 2.0";"F7";"AUTO";"Formation";"0151F7";"OI_NON_DOCUMENTE_2027";"AUTO:1, AUTO:5";"2027-09-17";"Vendredi";"09:30";"12:00";"Caserne G1";"Of auto";"Aucune session distincte";"1";"A_POSITIONNER";"classeur ligne 639";"RECONDUIT";"";"OK_CALENDRIER_LOCAL";"NON";"Classeur 2026 ligne 639 ; date 2027 proposée, non validée par ce gate"
"2027";"QV26-FORMATION-MEA-2-1-AEA25DC7:O1:S1";"0151F7.025";"Formation MEA 2.1";"F7";"AUTO";"Formation";"0151F7";"OI_NON_DOCUMENTE_2027";"AUTO:1, AUTO:5";"2027-08-31";"Mardi";"09:30";"12:00";"Caserne G1";"Of auto";"Aucune session distincte";"1";"A_POSITIONNER";"classeur ligne 558";"RECONDUIT";"";"OK_CALENDRIER_LOCAL";"NON";"Classeur 2026 ligne 558 ; date 2027 proposée, non validée par ce gate"
"2027";"QV26-FORMATION-MEA-2-1-AEA25DC7:O2:S1";"0151F7.025";"Formation MEA 2.1";"F7";"AUTO";"Formation";"0151F7";"OI_NON_DOCUMENTE_2027";"AUTO:1, AUTO:5";"2027-09-10";"Vendredi";"09:30";"12:00";"Caserne G1";"Of auto";"Aucune session distincte";"1";"A_POSITIONNER";"classeur ligne 606";"RECONDUIT";"";"OK_CALENDRIER_LOCAL";"NON";"Classeur 2026 ligne 606 ; date 2027 proposée, non validée par ce gate"
"2027";"QV26-FORMATION-MEA-2-2-83EDC4A8:O1:S1";"0151F7.026";"Formation MEA 2.2";"F7";"AUTO";"Formation";"0151F7";"OI_NON_DOCUMENTE_2027";"AUTO:1, AUTO:5";"2027-08-24";"Mardi";"18:00";"20:30";"Caserne G1";"Of auto";"Aucune session distincte";"1";"A_POSITIONNER";"classeur ligne 530";"RECONDUIT";"";"OK_CALENDRIER_LOCAL";"NON";"Classeur 2026 ligne 530 ; date 2027 proposée, non validée par ce gate"
"2027";"QV26-FORMATION-MEA-2-2-83EDC4A8:O2:S1";"0151F7.026";"Formation MEA 2.2";"F7";"AUTO";"Formation";"0151F7";"OI_NON_DOCUMENTE_2027";"AUTO:1, AUTO:5";"2027-09-02";"Jeudi";"18:00";"20:30";"Caserne G1";"Of auto";"Aucune session distincte";"1";"A_POSITIONNER";"classeur ligne 564";"RECONDUIT";"";"OK_CALENDRIER_LOCAL";"NON";"Classeur 2026 ligne 564 ; date 2027 proposée, non validée par ce gate"
"2027";"QV26-FORMATION-MEA-2-2-83EDC4A8:O3:S1";"0151F7.026";"Formation MEA 2.2";"F7";"AUTO";"Formation";"0151F7";"OI_NON_DOCUMENTE_2027";"AUTO:1, AUTO:5";"2027-09-07";"Mardi";"18:00";"20:30";"Caserne G1";"Of auto";"Aucune session distincte";"1";"A_POSITIONNER";"classeur ligne 590";"RECONDUIT";"";"OK_CALENDRIER_LOCAL";"NON";"Classeur 2026 ligne 590 ; date 2027 proposée, non validée par ce gate"
"2027";"QV26-FORMATION-MEA-2-2-83EDC4A8:O4:S1";"0151F7.026";"Formation MEA 2.2";"F7";"AUTO";"Formation";"0151F7";"OI_NON_DOCUMENTE_2027";"AUTO:1, AUTO:5";"2027-09-14";"Mardi";"18:00";"20:30";"Caserne G1";"Of auto";"Aucune session distincte";"1";"A_POSITIONNER";"classeur ligne 621";"RECONDUIT";"";"OK_CALENDRIER_LOCAL";"NON";"Classeur 2026 ligne 621 ; date 2027 proposée, non validée par ce gate"
"2027";"QV26-FORMATION-MEA-2-2-83EDC4A8:O5:S1";"0151F7.026";"Formation MEA 2.2";"F7";"AUTO";"Formation";"0151F7";"OI_NON_DOCUMENTE_2027";"AUTO:1, AUTO:5";"2027-09-16";"Jeudi";"18:00";"20:30";"Caserne G1";"Of auto";"Aucune session distincte";"1";"A_POSITIONNER";"classeur ligne 630";"RECONDUIT";"";"OK_CALENDRIER_LOCAL";"NON";"Classeur 2026 ligne 630 ; date 2027 proposée, non validée par ce gate"
"2027";"QV26-FORMATION-MEA-2-2-83EDC4A8:O6:S1";"0151F7.026";"Formation MEA 2.2";"F7";"AUTO";"Formation";"0151F7";"OI_NON_DOCUMENTE_2027";"AUTO:1, AUTO:5";"2027-09-22";"Mercredi";"18:00";"20:30";"Caserne G1";"Of auto";"Aucune session distincte";"1";"A_POSITIONNER";"classeur ligne 659";"RECONDUIT";"";"OK_CALENDRIER_LOCAL";"NON";"Classeur 2026 ligne 659 ; date 2027 proposée, non validée par ce gate"
"2027";"QV26-FORMATION-MEA-2-2-83EDC4A8:O7:S1";"0151F7.026";"Formation MEA 2.2";"F7";"AUTO";"Formation";"0151F7";"OI_NON_DOCUMENTE_2027";"AUTO:1, AUTO:5";"2027-09-27";"Lundi";"18:00";"20:30";"Caserne G1";"Of auto";"Aucune session distincte";"1";"A_POSITIONNER";"classeur ligne 678";"RECONDUIT";"";"OK_CALENDRIER_LOCAL";"NON";"Classeur 2026 ligne 678 ; date 2027 proposée, non validée par ce gate"
"2027";"QV26-FORMATION-MEA-2-2-83EDC4A8:O8:S1";"0151F7.026";"Formation MEA 2.2";"F7";"AUTO";"Formation";"0151F7";"OI_NON_DOCUMENTE_2027";"AUTO:1, AUTO:5";"2027-10-04";"Lundi";"18:00";"20:30";"Caserne G1";"Of auto";"Aucune session distincte";"1";"A_POSITIONNER";"classeur ligne 705";"RECONDUIT";"";"OK_CALENDRIER_LOCAL";"NON";"Classeur 2026 ligne 705 ; date 2027 proposée, non validée par ce gate"
"2027";"QV26-FORMATION-MEA-2-2-83EDC4A8:O9:S1";"0151F7.026";"Formation MEA 2.2";"F7";"AUTO";"Formation";"0151F7";"OI_NON_DOCUMENTE_2027";"AUTO:1, AUTO:5";"2027-10-26";"Mardi";"18:00";"20:30";"Caserne G1";"Of auto";"Aucune session distincte";"1";"A_POSITIONNER";"classeur ligne 735";"RECONDUIT";"";"OK_CALENDRIER_LOCAL";"NON";"Classeur 2026 ligne 735 ; date 2027 proposée, non validée par ce gate"
"2027";"QV26-FORMATION-PILOTE-BAT-1-27197BC2:O1:S1";"0153F7.003";"Formation pilote BAT 1";"F7";"AUTO";"Formation";"0153F7";"OI_NON_DOCUMENTE_2027";"AUTO:1, AUTO:6";"2027-06-11";"Vendredi";"08:00";"10:00";"Caserne G1";"Of auto";"Aucune session distincte";"1";"A_POSITIONNER";"classeur ligne 407";"RECONDUIT";"";"OK_CALENDRIER_LOCAL";"NON";"Classeur 2026 ligne 407 ; date 2027 proposée, non validée par ce gate"
"2027";"QV26-FORMATION-PILOTE-BAT-1-27197BC2:O2:S1";"0153F7.003";"Formation pilote BAT 1";"F7";"AUTO";"Formation";"0153F7";"OI_NON_DOCUMENTE_2027";"AUTO:1, AUTO:6";"2027-06-11";"Vendredi";"10:00";"12:00";"Caserne G1";"Of auto";"Aucune session distincte";"1";"A_POSITIONNER";"classeur ligne 408";"RECONDUIT";"";"OK_CALENDRIER_LOCAL";"NON";"Classeur 2026 ligne 408 ; date 2027 proposée, non validée par ce gate"
"2027";"QV26-FORMATION-PILOTE-BAT-1-27197BC2:O3:S1";"0153F7.003";"Formation pilote BAT 1";"F7";"AUTO";"Formation";"0153F7";"OI_NON_DOCUMENTE_2027";"AUTO:1, AUTO:6";"2027-06-11";"Vendredi";"14:00";"16:00";"Caserne G1";"Of auto";"Aucune session distincte";"1";"A_POSITIONNER";"classeur ligne 409";"RECONDUIT";"";"OK_CALENDRIER_LOCAL";"NON";"Classeur 2026 ligne 409 ; date 2027 proposée, non validée par ce gate"
"2027";"QV26-FORMATION-PILOTE-BAT-1-27197BC2:O4:S1";"0153F7.003";"Formation pilote BAT 1";"F7";"AUTO";"Formation";"0153F7";"OI_NON_DOCUMENTE_2027";"AUTO:1, AUTO:6";"2027-06-16";"Mercredi";"08:00";"10:00";"Caserne G1";"Of auto";"Aucune session distincte";"1";"A_POSITIONNER";"classeur ligne 422";"HUMAN_REVIEW";"";"OK_CALENDRIER_LOCAL";"OUI";"3 ligne(s) de même titre en 2026, sans lien source exact"
"2027";"QV26-FORMATION-PILOTE-BAT-1-27197BC2:O5:S1";"0153F7.003";"Formation pilote BAT 1";"F7";"AUTO";"Formation";"0153F7";"OI_NON_DOCUMENTE_2027";"AUTO:1, AUTO:6";"2027-06-16";"Mercredi";"10:00";"12:00";"Caserne G1";"Of auto";"Aucune session distincte";"1";"A_POSITIONNER";"classeur ligne 423";"HUMAN_REVIEW";"";"OK_CALENDRIER_LOCAL";"OUI";"3 ligne(s) de même titre en 2026, sans lien source exact"
"2027";"QV26-FORMATION-PILOTE-BAT-1-27197BC2:O6:S1";"0153F7.003";"Formation pilote BAT 1";"F7";"AUTO";"Formation";"0153F7";"OI_NON_DOCUMENTE_2027";"AUTO:1, AUTO:6";"2027-06-16";"Mercredi";"14:00";"16:00";"Caserne G1";"Of auto";"Aucune session distincte";"1";"A_POSITIONNER";"classeur ligne 424";"HUMAN_REVIEW";"";"OK_CALENDRIER_LOCAL";"OUI";"3 ligne(s) de même titre en 2026, sans lien source exact"
"2027";"QV26-FORMATION-PILOTE-BAT-2-F69F375C:O1:S1";"0153F7.004";"Formation pilote BAT 2";"F7";"AUTO";"Formation";"0153F7";"OI_NON_DOCUMENTE_2027";"AUTO:1, AUTO:6";"2027-09-29";"Mercredi";"08:00";"10:00";"Caserne G1";"Of auto";"Aucune session distincte";"1";"A_POSITIONNER";"classeur ligne 683";"RECONDUIT";"";"OK_CALENDRIER_LOCAL";"NON";"Classeur 2026 ligne 683 ; date 2027 proposée, non validée par ce gate"
"2027";"QV26-FORMATION-PILOTE-BAT-2-F69F375C:O2:S1";"0153F7.004";"Formation pilote BAT 2";"F7";"AUTO";"Formation";"0153F7";"OI_NON_DOCUMENTE_2027";"AUTO:1, AUTO:6";"2027-09-29";"Mercredi";"10:00";"12:00";"Caserne G1";"Of auto";"Aucune session distincte";"1";"A_POSITIONNER";"classeur ligne 684";"RECONDUIT";"";"OK_CALENDRIER_LOCAL";"NON";"Classeur 2026 ligne 684 ; date 2027 proposée, non validée par ce gate"
"2027";"QV26-FORMATION-PILOTE-BAT-2-F69F375C:O3:S1";"0153F7.004";"Formation pilote BAT 2";"F7";"AUTO";"Formation";"0153F7";"OI_NON_DOCUMENTE_2027";"AUTO:1, AUTO:6";"2027-09-29";"Mercredi";"14:00";"16:00";"Caserne G1";"Of auto";"Aucune session distincte";"1";"A_POSITIONNER";"classeur ligne 685";"RECONDUIT";"";"OK_CALENDRIER_LOCAL";"NON";"Classeur 2026 ligne 685 ; date 2027 proposée, non validée par ce gate"
"2027";"QV26-FORMATION-PILOTE-BAT-2-F69F375C:O4:S1";"0153F7.004";"Formation pilote BAT 2";"F7";"AUTO";"Formation";"0153F7";"OI_NON_DOCUMENTE_2027";"AUTO:1, AUTO:6";"2027-10-06";"Mercredi";"08:00";"10:00";"Caserne G1";"Of auto";"Aucune session distincte";"1";"A_POSITIONNER";"classeur ligne 713";"HUMAN_REVIEW";"";"OK_CALENDRIER_LOCAL";"OUI";"3 ligne(s) de même titre en 2026, sans lien source exact"
"2027";"QV26-FORMATION-PILOTE-BAT-2-F69F375C:O5:S1";"0153F7.004";"Formation pilote BAT 2";"F7";"AUTO";"Formation";"0153F7";"OI_NON_DOCUMENTE_2027";"AUTO:1, AUTO:6";"2027-10-06";"Mercredi";"10:00";"12:00";"Caserne G1";"Of auto";"Aucune session distincte";"1";"A_POSITIONNER";"classeur ligne 714";"HUMAN_REVIEW";"";"OK_CALENDRIER_LOCAL";"OUI";"3 ligne(s) de même titre en 2026, sans lien source exact"
"2027";"QV26-FORMATION-PILOTE-BAT-2-F69F375C:O6:S1";"0153F7.004";"Formation pilote BAT 2";"F7";"AUTO";"Formation";"0153F7";"OI_NON_DOCUMENTE_2027";"AUTO:1, AUTO:6";"2027-10-06";"Mercredi";"14:00";"16:00";"Caserne G1";"Of auto";"Aucune session distincte";"1";"A_POSITIONNER";"classeur ligne 715";"HUMAN_REVIEW";"";"OK_CALENDRIER_LOCAL";"OUI";"3 ligne(s) de même titre en 2026, sans lien source exact"
"2027";"QV26-FORMATION-VEHICULE-D-URGENCE-867B1995:O1:S1";"01521F7.017";"Formation véhicule d'urgence";"F7";"AUTO";"Formation";"01521F7";"OI_NON_DOCUMENTE_2027";"AUTO:1";"2027-03-06";"Samedi";"07:00";"17:30";"Centre TCS";"Of auto";"Aucune session distincte";"1";"A_POSITIONNER";"classeur ligne 95";"HUMAN_REVIEW";"";"OK_CALENDRIER_LOCAL";"OUI";"Aucune correspondance 2026 exacte prouvée"
"2027";"QV26-FORMATION-VEHICULE-D-URGENCE-867B1995:O2:S1";"01521F7.017";"Formation véhicule d'urgence";"F7";"AUTO";"Formation";"01521F7";"OI_NON_DOCUMENTE_2027";"AUTO:1";"2027-05-01";"Samedi";"07:00";"13:00";"Centre TCS";"Of auto";"Aucune session distincte";"1";"A_POSITIONNER";"classeur ligne 273";"HUMAN_REVIEW";"";"OK_CALENDRIER_LOCAL";"OUI";"Aucune correspondance 2026 exacte prouvée"
"2027";"QV26-FORMATION-VEHICULE-D-URGENCE-867B1995:O3:S1";"01521F7.017";"Formation véhicule d'urgence";"F7";"AUTO";"Formation";"01521F7";"OI_NON_DOCUMENTE_2027";"AUTO:1";"2027-06-19";"Samedi";"07:00";"13:00";"Centre TCS";"Of auto";"Aucune session distincte";"1";"A_POSITIONNER";"classeur ligne 438";"HUMAN_REVIEW";"";"OK_CALENDRIER_LOCAL";"OUI";"Aucune correspondance 2026 exacte prouvée"
"2027";"QV26-FORMATION-VEHICULE-D-URGENCE-867B1995:O4:S1";"01521F7.017";"Formation véhicule d'urgence";"F7";"AUTO";"Formation";"01521F7";"OI_NON_DOCUMENTE_2027";"AUTO:1";"2027-10-30";"Samedi";"07:00";"17:30";"Centre TCS";"Of auto";"Aucune session distincte";"1";"A_POSITIONNER";"classeur ligne 749";"HUMAN_REVIEW";"";"OK_CALENDRIER_LOCAL";"OUI";"Aucune correspondance 2026 exacte prouvée"
"2027";"QV26-TEST-DE-SELECTION-COND-PL-N-26-EE280D9B:O1:S1";"01521F7.018";"Test de sélection cond PL N'26";"F7";"AUTO";"Formation";"01521F7";"OI_NON_DOCUMENTE_2027";"AUTO:1";"2027-09-13";"Lundi";"18:00";"22:00";"Caserne G1";"Of auto";"Aucune session distincte";"1";"A_POSITIONNER";"classeur ligne 618";"RECONDUIT";"";"OK_CALENDRIER_LOCAL";"NON";"Classeur 2026 ligne 618 ; date 2027 proposée, non validée par ce gate"
"2027";"QV26-EXERCICE-PR-1-1-30B1E01A:O1:S1";"011PR.009";"Exercice PR 1.1";"F7";"PR";"Exercice";"011PR";"OI_NON_DOCUMENTE_2027";"PR:2";"2027-03-02";"Mardi";"19:00";"21:30";"Caserne G1";"C PR";"Aucune session distincte";"1";"A_POSITIONNER";"classeur ligne 71";"HUMAN_REVIEW";"";"OK_CALENDRIER_LOCAL";"OUI";"Aucune correspondance 2026 exacte prouvée"
"2027";"QV26-EXERCICE-PR-1-1-30B1E01A:O1:S2";"011PR.009";"Exercice PR 1.1";"F7";"PR";"Exercice";"011PR";"OI_NON_DOCUMENTE_2027";"PR:2";"2027-03-03";"Mercredi";"08:00";"11:00";"L-G1";"À affecter";"Aucune session distincte";"1";"A_POSITIONNER";"classeur ligne 76";"HUMAN_REVIEW";"";"OK_CALENDRIER_LOCAL";"OUI";"Aucune correspondance 2026 exacte prouvée"
"2027";"QV26-EXERCICE-PR-1-1-30B1E01A:O1:S3";"011PR.009";"Exercice PR 1.1";"F7";"PR";"Exercice";"011PR";"OI_NON_DOCUMENTE_2027";"PR:2";"2027-03-09";"Mardi";"19:00";"21:30";"L-G1";"À affecter";"Aucune session distincte";"1";"A_POSITIONNER";"classeur ligne 117";"HUMAN_REVIEW";"";"OK_CALENDRIER_LOCAL";"OUI";"Aucune correspondance 2026 exacte prouvée"
"2027";"QV26-EXERCICE-PR-1-1-30B1E01A:O1:S4";"011PR.009";"Exercice PR 1.1";"F7";"PR";"Exercice";"011PR";"OI_NON_DOCUMENTE_2027";"PR:2";"2027-03-11";"Jeudi";"19:00";"21:30";"L-G1";"À affecter";"Aucune session distincte";"1";"A_POSITIONNER";"classeur ligne 130";"HUMAN_REVIEW";"";"OK_CALENDRIER_LOCAL";"OUI";"Aucune correspondance 2026 exacte prouvée"
"2027";"QV26-EXERCICE-PR-1-1-30B1E01A:O1:S5";"011PR.009";"Exercice PR 1.1";"F7";"PR";"Exercice";"011PR";"OI_NON_DOCUMENTE_2027";"PR:2";"2027-03-16";"Mardi";"19:00";"21:30";"L-G1";"À affecter";"Aucune session distincte";"1";"A_POSITIONNER";"classeur ligne 151";"HUMAN_REVIEW";"";"OK_CALENDRIER_LOCAL";"OUI";"Aucune correspondance 2026 exacte prouvée"
"2027";"QV26-EXERCICE-PR-1-1-30B1E01A:O1:S6";"011PR.009";"Exercice PR 1.1";"F7";"PR";"Exercice";"011PR";"OI_NON_DOCUMENTE_2027";"PR:2";"2027-03-18";"Jeudi";"19:00";"21:30";"L-G1";"À affecter";"Aucune session distincte";"1";"A_POSITIONNER";"classeur ligne 166";"HUMAN_REVIEW";"";"OK_CALENDRIER_LOCAL";"OUI";"Aucune correspondance 2026 exacte prouvée"
"2027";"QV26-EXERCICE-PR-2-1-45588F47:O1:S1";"011PR.015";"Exercice PR 2.1";"F7";"PR";"Exercice";"011PR";"OI_NON_DOCUMENTE_2027";"PR:2";"2027-05-18";"Mardi";"19:00";"21:30";"Caserne G1";"C PR";"Aucune session distincte";"1";"A_POSITIONNER";"classeur ligne 321";"HUMAN_REVIEW";"";"OK_CALENDRIER_LOCAL";"OUI";"Aucune correspondance 2026 exacte prouvée"
"2027";"QV26-EXERCICE-PR-2-2-4CAB2E94:O1:S1";"011PR.016";"Exercice PR 2.2";"F7";"PR";"Exercice";"011PR";"OI_NON_DOCUMENTE_2027";"PR:2";"2027-05-19";"Mercredi";"08:00";"11:00";"Caserne G1";"C PR";"Aucune session distincte";"1";"A_POSITIONNER";"classeur ligne 322";"HUMAN_REVIEW";"";"OK_CALENDRIER_LOCAL";"OUI";"Aucune correspondance 2026 exacte prouvée"
"2027";"QV26-EXERCICE-PR-2-3-5B63EA54:O1:S1";"011PR.017";"Exercice PR 2.3";"F7";"PR";"Exercice";"011PR";"OI_NON_DOCUMENTE_2027";"PR:2";"2027-05-20";"Jeudi";"19:00";"21:30";"Caserne G1";"C PR";"Aucune session distincte";"1";"A_POSITIONNER";"classeur ligne 330";"HUMAN_REVIEW";"";"OK_CALENDRIER_LOCAL";"OUI";"Aucune correspondance 2026 exacte prouvée"
"2027";"QV26-EXERCICE-PR-2-4-68D0B0F1:O1:S1";"011PR.018";"Exercice PR 2.4";"F7";"PR";"Exercice";"011PR";"OI_NON_DOCUMENTE_2027";"PR:2";"2027-05-25";"Mardi";"19:00";"21:30";"Caserne G1";"C PR";"Aucune session distincte";"1";"A_POSITIONNER";"classeur ligne 343";"HUMAN_REVIEW";"";"OK_CALENDRIER_LOCAL";"OUI";"Aucune correspondance 2026 exacte prouvée"
"2027";"QV26-EXERCICE-PR-2-5-10E2D2B9:O1:S1";"011PR.019";"Exercice PR 2.5";"F7";"PR";"Exercice";"011PR";"OI_NON_DOCUMENTE_2027";"PR:2";"2027-05-27";"Jeudi";"19:00";"21:30";"Caserne G1";"C PR";"Aucune session distincte";"1";"A_POSITIONNER";"classeur ligne 351";"HUMAN_REVIEW";"";"OK_CALENDRIER_LOCAL";"OUI";"Aucune correspondance 2026 exacte prouvée"
"2027";"QV26-EXERCICE-PR-2-6-38AAE638:O1:S1";"011PR.020";"Exercice PR 2.6";"F7";"PR";"Exercice";"011PR";"OI_NON_DOCUMENTE_2027";"PR:2";"2027-06-01";"Mardi";"19:00";"21:30";"Caserne G1";"C PR";"Aucune session distincte";"1";"A_POSITIONNER";"classeur ligne 368";"HUMAN_REVIEW";"";"OK_CALENDRIER_LOCAL";"OUI";"Aucune correspondance 2026 exacte prouvée"
"2027";"QV26-EXERCICE-PR-3-1-D96B09DB:O1:S1";"011PR.021";"Exercice PR 3.1";"F7";"PR";"Exercice";"011PR";"OI_NON_DOCUMENTE_2027";"PR:2";"2027-08-19";"Jeudi";"18:30";"21:30";"Caserne G1";"C PR";"Aucune session distincte";"1";"A_POSITIONNER";"classeur ligne 513";"HUMAN_REVIEW";"VACANCES_SCOLAIRES";"HUMAN_REVIEW_CALENDAR:VACANCES_SCOLAIRES";"OUI";"Aucune correspondance 2026 exacte prouvée"
"2027";"QV26-EXERCICE-PR-3-2-9759EEEC:O1:S1";"011PR.022";"Exercice PR 3.2";"F7";"PR";"Exercice";"011PR";"OI_NON_DOCUMENTE_2027";"PR:2";"2027-08-24";"Mardi";"18:30";"21:30";"Caserne G1";"C PR";"Aucune session distincte";"1";"A_POSITIONNER";"classeur ligne 531";"HUMAN_REVIEW";"";"OK_CALENDRIER_LOCAL";"OUI";"Aucune correspondance 2026 exacte prouvée"
"2027";"QV26-EXERCICE-PR-3-3-9A2F199A:O1:S1";"011PR.023";"Exercice PR 3.3";"F7";"PR";"Exercice";"011PR";"OI_NON_DOCUMENTE_2027";"PR:2";"2027-08-26";"Jeudi";"18:30";"21:30";"Caserne G1";"C PR";"Aucune session distincte";"1";"A_POSITIONNER";"classeur ligne 537";"HUMAN_REVIEW";"";"OK_CALENDRIER_LOCAL";"OUI";"Aucune correspondance 2026 exacte prouvée"
"2027";"QV26-EXERCICE-PR-3-4-E1C6C663:O1:S1";"011PR.024";"Exercice PR 3.4";"F7";"PR";"Exercice";"011PR";"OI_NON_DOCUMENTE_2027";"PR:2";"2027-08-31";"Mardi";"18:30";"21:30";"Caserne G1";"C PR";"Aucune session distincte";"1";"A_POSITIONNER";"classeur ligne 560";"HUMAN_REVIEW";"";"OK_CALENDRIER_LOCAL";"OUI";"Aucune correspondance 2026 exacte prouvée"
"2027";"QV26-EXERCICE-PR-3-5-DB2C8980:O1:S1";"011PR.025";"Exercice PR 3.5";"F7";"PR";"Exercice";"011PR";"OI_NON_DOCUMENTE_2027";"PR:2";"2027-09-02";"Jeudi";"18:30";"21:30";"Caserne G1";"C PR";"Aucune session distincte";"1";"A_POSITIONNER";"classeur ligne 565";"HUMAN_REVIEW";"";"OK_CALENDRIER_LOCAL";"OUI";"Aucune correspondance 2026 exacte prouvée"
"2027";"QV26-EXERCICE-PR-3-6-ECD69510:O1:S1";"011PR.026";"Exercice PR 3.6";"F7";"PR";"Exercice";"011PR";"OI_NON_DOCUMENTE_2027";"PR:2";"2027-09-09";"Jeudi";"18:30";"21:30";"Caserne G1";"C PR";"Aucune session distincte";"1";"A_POSITIONNER";"classeur ligne 605";"HUMAN_REVIEW";"";"OK_CALENDRIER_LOCAL";"OUI";"Aucune correspondance 2026 exacte prouvée"
"2027";"QV26-EXERCICE-PR-4-1-C882C1EA:O1:S1";"011PR.027";"Exercice PR 4.1";"F7";"PR";"Exercice";"011PR";"OI_NON_DOCUMENTE_2027";"PR:2";"2027-11-02";"Mardi";"19:00";"21:30";"Caserne G1";"C PR";"Aucune session distincte";"1";"A_POSITIONNER";"classeur ligne 763";"HUMAN_REVIEW";"";"OK_CALENDRIER_LOCAL";"OUI";"Aucune correspondance 2026 exacte prouvée"
"2027";"QV26-EXERCICE-PR-4-2-3E5EE567:O1:S1";"011PR.028";"Exercice PR 4.2";"F7";"PR";"Exercice";"011PR";"OI_NON_DOCUMENTE_2027";"PR:2";"2027-11-09";"Mardi";"19:00";"21:30";"Caserne G1";"C PR";"Aucune session distincte";"1";"A_POSITIONNER";"classeur ligne 790";"HUMAN_REVIEW";"";"OK_CALENDRIER_LOCAL";"OUI";"Aucune correspondance 2026 exacte prouvée"
"2027";"QV26-EXERCICE-PR-4-3-E71C19DA:O1:S1";"011PR.029";"Exercice PR 4.3";"F7";"PR";"Exercice";"011PR";"OI_NON_DOCUMENTE_2027";"PR:2";"2027-11-11";"Jeudi";"19:00";"21:30";"Caserne G1";"C PR";"Aucune session distincte";"1";"A_POSITIONNER";"classeur ligne 794";"HUMAN_REVIEW";"";"OK_CALENDRIER_LOCAL";"OUI";"Aucune correspondance 2026 exacte prouvée"
"2027";"QV26-EXERCICE-PR-4-4-C4008BC3:O1:S1";"011PR.030";"Exercice PR 4.4";"F7";"PR";"Exercice";"011PR";"OI_NON_DOCUMENTE_2027";"PR:2";"2027-11-18";"Jeudi";"19:00";"21:30";"Caserne G1";"C PR";"Aucune session distincte";"1";"A_POSITIONNER";"classeur ligne 805";"HUMAN_REVIEW";"";"OK_CALENDRIER_LOCAL";"OUI";"Aucune correspondance 2026 exacte prouvée"
"2027";"QV26-EXERCICE-PR-4-5-7CF12C15:O1:S1";"011PR.031";"Exercice PR 4.5";"F7";"PR";"Exercice";"011PR";"OI_NON_DOCUMENTE_2027";"PR:2";"2027-11-23";"Mardi";"19:00";"21:30";"Caserne G1";"C PR";"Aucune session distincte";"1";"A_POSITIONNER";"classeur ligne 813";"HUMAN_REVIEW";"";"OK_CALENDRIER_LOCAL";"OUI";"Aucune correspondance 2026 exacte prouvée"
"2027";"QV26-EXERCICE-PR-4-6-BBE76EDB:O1:S1";"011PR.032";"Exercice PR 4.6";"F7";"PR";"Exercice";"011PR";"OI_NON_DOCUMENTE_2027";"PR:2";"2027-11-25";"Jeudi";"19:00";"21:30";"Caserne G1";"C PR";"Aucune session distincte";"1";"A_POSITIONNER";"classeur ligne 820";"HUMAN_REVIEW";"";"OK_CALENDRIER_LOCAL";"OUI";"Aucune correspondance 2026 exacte prouvée"
"2027";"QV26-EXERCICE-PR-ABC-75229C6D:O1:S1";"0164F7.008";"Exercice PR-ABC";"F7";"PR";"Exercice";"0164F7";"DPS:G1";"PR:3";"2027-04-20";"Mardi";"18:30";"21:30";"Caserne G1";"C PR";"Aucune session distincte";"1";"A_POSITIONNER";"";"HUMAN_REVIEW";"";"OK_CALENDRIER_LOCAL";"OUI";"Aucune correspondance 2026 exacte prouvée"
"2027";"QV26-EXERCICE-PR-ABC-75229C6D:O2:S1";"0164F7.008";"Exercice PR-ABC";"F7";"PR";"Exercice";"0164F7";"DPS:G1";"PR:3";"2027-06-09";"Mercredi";"08:00";"11:00";"Caserne G1";"C PR";"Aucune session distincte";"1";"A_POSITIONNER";"";"HUMAN_REVIEW";"";"OK_CALENDRIER_LOCAL";"OUI";"Aucune correspondance 2026 exacte prouvée"
"2027";"QV26-EXERCICE-PR-ABC-75229C6D:O3:S1";"0164F7.008";"Exercice PR-ABC";"F7";"PR";"Exercice";"0164F7";"DPS:G1";"PR:3";"2027-10-05";"Mardi";"18:30";"21:30";"Caserne G1";"C PR";"Aucune session distincte";"1";"A_POSITIONNER";"";"HUMAN_REVIEW";"";"OK_CALENDRIER_LOCAL";"OUI";"Aucune correspondance 2026 exacte prouvée"
"2027";"QV26-FORMATION-ENGAGEMENT-PRATIQUE-PR-98965239:O1:S1";"011PR.033";"Formation engagement pratique PR";"F7";"PR";"Formation";"011PR";"OI_NON_DOCUMENTE_2027";"PR:2";"2027-11-06";"Samedi";"07:00";"13:00";"Centre ECAP";"C PR";"Aucune session distincte";"1";"A_POSITIONNER";"classeur ligne 778";"RECONDUIT";"";"OK_CALENDRIER_LOCAL";"NON";"Classeur 2026 ligne 778 ; date 2027 proposée, non validée par ce gate"
"2027";"QV26-FORMATION-ENGAGEMENT-PRATIQUE-PR-98965239:O2:S1";"011PR.033";"Formation engagement pratique PR";"F7";"PR";"Formation";"011PR";"OI_NON_DOCUMENTE_2027";"PR:2";"2027-11-06";"Samedi";"12:00";"18:00";"Centre ECAP";"C PR";"Aucune session distincte";"1";"A_POSITIONNER";"classeur ligne 784";"RECONDUIT";"";"OK_CALENDRIER_LOCAL";"NON";"Classeur 2026 ligne 784 ; date 2027 proposée, non validée par ce gate"
"2027";"QV26-PISTE-ENTRAINEMENT-PAPR-1-F7485257:O1:S1";"011PR.034";"Piste entraînement PAPR 1";"F7";"PR";"Événement";"011PR";"OI_NON_DOCUMENTE_2027";"PR:2";"2027-03-10";"Mercredi";"17:00";"23:00";"La Rama";"C PR";"Aucune session distincte";"1";"A_POSITIONNER";"classeur ligne 121";"RECONDUIT";"";"OK_CALENDRIER_LOCAL";"NON";"Classeur 2026 ligne 121 ; date 2027 proposée, non validée par ce gate"
"2027";"QV26-PISTE-ENTRAINEMENT-PAPR-2-694EA573:O1:S1";"011PR.035";"Piste entraînement PAPR 2";"F7";"PR";"Événement";"011PR";"OI_NON_DOCUMENTE_2027";"PR:2";"2027-06-16";"Mercredi";"17:00";"23:00";"La Rama";"C PR";"Aucune session distincte";"1";"A_POSITIONNER";"classeur ligne 425";"RECONDUIT";"";"OK_CALENDRIER_LOCAL";"NON";"Classeur 2026 ligne 425 ; date 2027 proposée, non validée par ce gate"
"2027";"QV26-PISTE-ENTRAINEMENT-PAPR-3-20D2082F:O1:S1";"011PR.036";"Piste entraînement PAPR 3";"F7";"PR";"Événement";"011PR";"OI_NON_DOCUMENTE_2027";"PR:2";"2027-10-27";"Mercredi";"17:00";"23:00";"La Rama";"C PR";"Aucune session distincte";"1";"A_POSITIONNER";"classeur ligne 741";"RECONDUIT";"";"OK_CALENDRIER_LOCAL";"NON";"Classeur 2026 ligne 741 ; date 2027 proposée, non validée par ce gate"
"2027";"QV26-PISTE-ENTRAINEMENT-PAPR-4-CB7628F6:O1:S1";"011PR.037";"Piste entraînement PAPR 4";"F7";"PR";"Événement";"011PR";"OI_NON_DOCUMENTE_2027";"PR:2";"2027-12-01";"Mercredi";"17:00";"23:00";"La Rama";"C PR";"Aucune session distincte";"1";"A_POSITIONNER";"classeur ligne 829";"RECONDUIT";"";"OK_CALENDRIER_LOCAL";"NON";"Classeur 2026 ligne 829 ; date 2027 proposée, non validée par ce gate"
"2027";"QV26-SEANCE-PREPOSES-APR-1BD9CB6F:O1:S1";"070F4.006";"Séance préposés APR";"F4";"PR";"Événement";"070F4";"OI_NON_DOCUMENTE_2027";"PR:2";"2027-02-25";"Jeudi";"18:00";"20:30";"Caserne G1";"Resp APR";"Aucune session distincte";"1";"A_POSITIONNER";"classeur ligne 52";"RECONDUIT";"";"OK_CALENDRIER_LOCAL";"NON";"Classeur 2026 ligne 52 ; date 2027 proposée, non validée par ce gate"
"2027";"QV26-SEANCE-PREPOSES-APR-1BD9CB6F:O2:S1";"070F4.006";"Séance préposés APR";"F4";"PR";"Événement";"070F4";"OI_NON_DOCUMENTE_2027";"PR:2";"2027-06-14";"Lundi";"18:00";"20:30";"Caserne G1";"Resp APR";"Aucune session distincte";"1";"A_POSITIONNER";"classeur ligne 417";"RECONDUIT";"";"OK_CALENDRIER_LOCAL";"NON";"Classeur 2026 ligne 417 ; date 2027 proposée, non validée par ce gate"
"2027";"QV26-SEANCE-PREPOSES-APR-1BD9CB6F:O3:S1";"070F4.006";"Séance préposés APR";"F4";"PR";"Événement";"070F4";"OI_NON_DOCUMENTE_2027";"PR:2";"2027-09-06";"Lundi";"18:00";"20:30";"Caserne G1";"Resp APR";"Aucune session distincte";"1";"A_POSITIONNER";"classeur ligne 586";"RECONDUIT";"";"OK_CALENDRIER_LOCAL";"NON";"Classeur 2026 ligne 586 ; date 2027 proposée, non validée par ce gate"
"2027";"QV26-SORTIE-DES-FORMATEURS-PR-5C9DE16E:O1:S1";"011PR.038";"Sortie des formateurs PR";"F7";"PR";"Événement";"011PR";"OI_NON_DOCUMENTE_2027";"PR:2";"2027-07-02";"Vendredi";"18:00";"23:00";"À définir";"C PR";"Aucune session distincte";"1";"A_POSITIONNER";"classeur ligne 474";"RECONDUIT";"";"OK_CALENDRIER_LOCAL";"NON";"Classeur 2026 ligne 474 ; date 2027 proposée, non validée par ce gate"
"2027";"QV26-TEST-DE-SELECTION-PAPR-N-27-A9E7D22D:O1:S1";"011PR.039";"Test de sélection PAPR N'27";"F7";"PR";"Formation";"011PR";"OI_NON_DOCUMENTE_2027";"PR:2";"2027-09-14";"Mardi";"18:00";"22:00";"Caserne G1";"C PR";"Aucune session distincte";"1";"A_POSITIONNER";"classeur ligne 622";"HUMAN_REVIEW";"";"OK_CALENDRIER_LOCAL";"OUI";"Aucune correspondance 2026 exacte prouvée"
"2027";"QV26-TEST-DE-SELECTION-PAPR-N-27-A9E7D22D:O2:S1";"011PR.039";"Test de sélection PAPR N'27";"F7";"PR";"Formation";"011PR";"OI_NON_DOCUMENTE_2027";"PR:2";"2027-10-25";"Lundi";"19:00";"21:00";"Caserne G1";"C PR";"Aucune session distincte";"1";"A_POSITIONNER";"classeur ligne 734";"HUMAN_REVIEW";"";"OK_CALENDRIER_LOCAL";"OUI";"Aucune correspondance 2026 exacte prouvée"
"2027";"qv-source-852";"070F1.004";"Intégration personnel DPS, phase I";"F1";"";"Événement";"070F1";"DPS:G1";"FOBA:2";"2027-01-05";"Mardi";"18:00";"22:00";"L-G1";"C FOBA";"Aucune session distincte";"1";"VALIDATED";"";"NOUVEAU_2027";"VACANCES_SCOLAIRES";"HUMAN_REVIEW_CALENDAR:VACANCES_SCOLAIRES";"OUI";"Ligne explicite datée 2027 du classeur, sans titre homologue 2026"
"2027";"qv-source-852";"070F1.004";"Intégration personnel DPS, phase I";"F1";"";"Événement";"070F1";"DPS:C1";"FOBA:2";"2027-01-05";"Mardi";"18:00";"22:00";"L-G1";"C FOBA";"Aucune session distincte";"1";"VALIDATED";"";"NOUVEAU_2027";"VACANCES_SCOLAIRES";"HUMAN_REVIEW_CALENDAR:VACANCES_SCOLAIRES";"OUI";"Ligne explicite datée 2027 du classeur, sans titre homologue 2026"
"2027";"qv-source-852";"070F1.004";"Intégration personnel DPS, phase I";"F1";"";"Événement";"070F1";"DPS:B1";"FOBA:2";"2027-01-05";"Mardi";"18:00";"22:00";"L-G1";"C FOBA";"Aucune session distincte";"1";"VALIDATED";"";"NOUVEAU_2027";"VACANCES_SCOLAIRES";"HUMAN_REVIEW_CALENDAR:VACANCES_SCOLAIRES";"OUI";"Ligne explicite datée 2027 du classeur, sans titre homologue 2026"
"2027";"qv-source-852";"070F1.004";"Intégration personnel DPS, phase I";"F1";"";"Événement";"070F1";"DPS:B2";"FOBA:2";"2027-01-05";"Mardi";"18:00";"22:00";"L-G1";"C FOBA";"Aucune session distincte";"1";"VALIDATED";"";"NOUVEAU_2027";"VACANCES_SCOLAIRES";"HUMAN_REVIEW_CALENDAR:VACANCES_SCOLAIRES";"OUI";"Ligne explicite datée 2027 du classeur, sans titre homologue 2026"
"2027";"qv-source-853";"010JSP.010";"Échange tenue";"JSP";"JSP";"Événement";"010JSP";"JSP:G1";"JSP:1";"2027-01-06";"Mercredi";"17:00";"19:00";"L-G1";"Resp mat JSP";"Aucune session distincte";"1";"VALIDATED";"";"NOUVEAU_2027";"VACANCES_SCOLAIRES";"HUMAN_REVIEW_CALENDAR:VACANCES_SCOLAIRES";"OUI";"Ligne explicite datée 2027 du classeur, sans titre homologue 2026"
"2027";"qv-source-853";"010JSP.010";"Échange tenue";"JSP";"JSP";"Événement";"010JSP";"JSP:C1";"JSP:1";"2027-01-06";"Mercredi";"17:00";"19:00";"L-G1";"Resp mat JSP";"Aucune session distincte";"1";"VALIDATED";"";"NOUVEAU_2027";"VACANCES_SCOLAIRES";"HUMAN_REVIEW_CALENDAR:VACANCES_SCOLAIRES";"OUI";"Ligne explicite datée 2027 du classeur, sans titre homologue 2026"
"2027";"qv-source-853";"010JSP.010";"Échange tenue";"JSP";"JSP";"Événement";"010JSP";"JSP:B1";"JSP:1";"2027-01-06";"Mercredi";"17:00";"19:00";"L-G1";"Resp mat JSP";"Aucune session distincte";"1";"VALIDATED";"";"NOUVEAU_2027";"VACANCES_SCOLAIRES";"HUMAN_REVIEW_CALENDAR:VACANCES_SCOLAIRES";"OUI";"Ligne explicite datée 2027 du classeur, sans titre homologue 2026"
"2027";"qv-source-854";"070F1.005";"Intégration personnel DPS, phase II";"F1";"";"Événement";"070F1";"DPS:G1";"FOBA:2";"2027-01-06";"Mercredi";"18:00";"20:00";"L-G1";"C site";"Aucune session distincte";"1";"VALIDATED";"";"NOUVEAU_2027";"VACANCES_SCOLAIRES";"HUMAN_REVIEW_CALENDAR:VACANCES_SCOLAIRES";"OUI";"Ligne explicite datée 2027 du classeur, sans titre homologue 2026"
"2027";"qv-source-855";"070F1.005";"Intégration personnel DPS, phase II";"F1";"";"Événement";"070F1";"DPS:C1";"FOBA:2";"2027-01-06";"Mercredi";"18:00";"20:00";"L-C1";"C site";"Aucune session distincte";"1";"VALIDATED";"";"NOUVEAU_2027";"VACANCES_SCOLAIRES";"HUMAN_REVIEW_CALENDAR:VACANCES_SCOLAIRES";"OUI";"Ligne explicite datée 2027 du classeur, sans titre homologue 2026"
"2027";"qv-source-856";"070F1.005";"Intégration personnel DPS, phase II";"F1";"";"Événement";"070F1";"DPS:B1";"FOBA:2";"2027-01-06";"Mercredi";"18:00";"20:00";"L-B1";"C site";"Aucune session distincte";"1";"VALIDATED";"";"NOUVEAU_2027";"VACANCES_SCOLAIRES";"HUMAN_REVIEW_CALENDAR:VACANCES_SCOLAIRES";"OUI";"Ligne explicite datée 2027 du classeur, sans titre homologue 2026"
"2027";"qv-source-857";"070F1.005";"Intégration personnel DPS, phase II";"F1";"";"Événement";"070F1";"DPS:B2";"FOBA:2";"2027-01-06";"Mercredi";"18:00";"20:00";"L-B2";"C site";"Aucune session distincte";"1";"VALIDATED";"";"NOUVEAU_2027";"VACANCES_SCOLAIRES";"HUMAN_REVIEW_CALENDAR:VACANCES_SCOLAIRES";"OUI";"Ligne explicite datée 2027 du classeur, sans titre homologue 2026"
"2027";"qv-source-858";"010JSP.010";"Échange tenue";"JSP";"JSP";"Événement";"010JSP";"JSP:G1";"JSP:1";"2027-01-07";"Jeudi";"17:00";"19:00";"L-G1";"Resp mat JSP";"Aucune session distincte";"1";"VALIDATED";"";"NOUVEAU_2027";"VACANCES_SCOLAIRES";"HUMAN_REVIEW_CALENDAR:VACANCES_SCOLAIRES";"OUI";"Ligne explicite datée 2027 du classeur, sans titre homologue 2026"
"2027";"qv-source-858";"010JSP.010";"Échange tenue";"JSP";"JSP";"Événement";"010JSP";"JSP:C1";"JSP:1";"2027-01-07";"Jeudi";"17:00";"19:00";"L-G1";"Resp mat JSP";"Aucune session distincte";"1";"VALIDATED";"";"NOUVEAU_2027";"VACANCES_SCOLAIRES";"HUMAN_REVIEW_CALENDAR:VACANCES_SCOLAIRES";"OUI";"Ligne explicite datée 2027 du classeur, sans titre homologue 2026"
"2027";"qv-source-858";"010JSP.010";"Échange tenue";"JSP";"JSP";"Événement";"010JSP";"JSP:B1";"JSP:1";"2027-01-07";"Jeudi";"17:00";"19:00";"L-G1";"Resp mat JSP";"Aucune session distincte";"1";"VALIDATED";"";"NOUVEAU_2027";"VACANCES_SCOLAIRES";"HUMAN_REVIEW_CALENDAR:VACANCES_SCOLAIRES";"OUI";"Ligne explicite datée 2027 du classeur, sans titre homologue 2026"
"2027";"qv-source-859";"071F3.002";"Répétition garde drapeau RA'25";"F3";"DPS";"Événement";"071F3";"DPS:G1";"";"2027-01-07";"Jeudi";"18:30";"20:00";"";"C op";"Aucune session distincte";"1";"VALIDATED";"";"NOUVEAU_2027";"VACANCES_SCOLAIRES";"HUMAN_REVIEW_CALENDAR:VACANCES_SCOLAIRES";"OUI";"Ligne explicite datée 2027 du classeur, sans titre homologue 2026"
"2027";"qv-source-859";"071F3.002";"Répétition garde drapeau RA'25";"F3";"DPS";"Événement";"071F3";"DPS:C1";"";"2027-01-07";"Jeudi";"18:30";"20:00";"";"C op";"Aucune session distincte";"1";"VALIDATED";"";"NOUVEAU_2027";"VACANCES_SCOLAIRES";"HUMAN_REVIEW_CALENDAR:VACANCES_SCOLAIRES";"OUI";"Ligne explicite datée 2027 du classeur, sans titre homologue 2026"
"2027";"qv-source-859";"071F3.002";"Répétition garde drapeau RA'25";"F3";"DPS";"Événement";"071F3";"DAP:Y3";"";"2027-01-07";"Jeudi";"18:30";"20:00";"";"C op";"Aucune session distincte";"1";"VALIDATED";"";"NOUVEAU_2027";"VACANCES_SCOLAIRES";"HUMAN_REVIEW_CALENDAR:VACANCES_SCOLAIRES";"OUI";"Ligne explicite datée 2027 du classeur, sans titre homologue 2026"
"2027";"qv-source-860";"010JC1.001";"Exercice JSP 1";"JSP";"JSP";"Exercice";"010JC1";"JSP:C1";"JSP:1";"2027-01-11";"Lundi";"18:00";"20:00";"L-C1";"Resp for JSP";"Aucune session distincte";"1";"VALIDATED";"";"NOUVEAU_2027";"";"OK_CALENDRIER_LOCAL";"NON";"Ligne explicite datée 2027 du classeur, sans titre homologue 2026"
"2027";"qv-source-861";"070F1.011";"Intégration personnel DAP";"F1";"";"Événement";"070F1";"DAP:Y1";"";"2027-01-11";"Lundi";"19:00";"21:30";"L-G1";"C DAP";"Aucune session distincte";"1";"VALIDATED";"";"NOUVEAU_2027";"";"OK_CALENDRIER_LOCAL";"NON";"Ligne explicite datée 2027 du classeur, sans titre homologue 2026"
"2027";"qv-source-861";"070F1.011";"Intégration personnel DAP";"F1";"";"Événement";"070F1";"DAP:Y2";"";"2027-01-11";"Lundi";"19:00";"21:30";"L-G1";"C DAP";"Aucune session distincte";"1";"VALIDATED";"";"NOUVEAU_2027";"";"OK_CALENDRIER_LOCAL";"NON";"Ligne explicite datée 2027 du classeur, sans titre homologue 2026"
"2027";"qv-source-861";"070F1.011";"Intégration personnel DAP";"F1";"";"Événement";"070F1";"DAP:Y3";"";"2027-01-11";"Lundi";"19:00";"21:30";"L-G1";"C DAP";"Aucune session distincte";"1";"VALIDATED";"";"NOUVEAU_2027";"";"OK_CALENDRIER_LOCAL";"NON";"Ligne explicite datée 2027 du classeur, sans titre homologue 2026"
"2027";"qv-source-861";"070F1.011";"Intégration personnel DAP";"F1";"";"Événement";"070F1";"DAP:Y4";"";"2027-01-11";"Lundi";"19:00";"21:30";"L-G1";"C DAP";"Aucune session distincte";"1";"VALIDATED";"";"NOUVEAU_2027";"";"OK_CALENDRIER_LOCAL";"NON";"Ligne explicite datée 2027 du classeur, sans titre homologue 2026"
"2027";"qv-source-862";"";"Séance État-major";"F0";"";"Séance";"EMSEA";"SDIS";"";"2027-01-12";"Mardi";"18:00";"21:00";"L-G1";"Cdt";"Aucune session distincte";"1";"VALIDATED";"";"NOUVEAU_2027";"";"OK_CALENDRIER_LOCAL";"NON";"Ligne explicite datée 2027 du classeur, sans titre homologue 2026"
"2027";"qv-source-863";"070F56.003";"Séance cadres F5/6";"F6";"";"Événement";"070F56";"DPS:G1";"";"2027-01-13";"Mercredi";"18:00";"20:00";"L-G1";"Of spéc";"Aucune session distincte";"1";"VALIDATED";"";"HUMAN_REVIEW";"";"OK_CALENDRIER_LOCAL";"OUI";"2 ligne(s) de même titre en 2026, sans lien source exact"
"2027";"qv-source-863";"070F56.003";"Séance cadres F5/6";"F6";"";"Événement";"070F56";"DPS:B1";"";"2027-01-13";"Mercredi";"18:00";"20:00";"L-G1";"Of spéc";"Aucune session distincte";"1";"VALIDATED";"";"HUMAN_REVIEW";"";"OK_CALENDRIER_LOCAL";"OUI";"2 ligne(s) de même titre en 2026, sans lien source exact"
"2027";"qv-source-864";"010JSP.021";"Séance Direction JSP";"JSP";"JSP";"Événement";"010JSP";"JSP:G1";"JSP:1";"2027-01-13";"Mercredi";"18:30";"20:30";"L-G1";"C JSP";"Aucune session distincte";"1";"VALIDATED";"";"HUMAN_REVIEW";"";"OK_CALENDRIER_LOCAL";"OUI";"9 ligne(s) de même titre en 2026, sans lien source exact"
"2027";"qv-source-864";"010JSP.021";"Séance Direction JSP";"JSP";"JSP";"Événement";"010JSP";"JSP:C1";"JSP:1";"2027-01-13";"Mercredi";"18:30";"20:30";"L-G1";"C JSP";"Aucune session distincte";"1";"VALIDATED";"";"HUMAN_REVIEW";"";"OK_CALENDRIER_LOCAL";"OUI";"9 ligne(s) de même titre en 2026, sans lien source exact"
"2027";"qv-source-864";"010JSP.021";"Séance Direction JSP";"JSP";"JSP";"Événement";"010JSP";"JSP:B1";"JSP:1";"2027-01-13";"Mercredi";"18:30";"20:30";"L-G1";"C JSP";"Aucune session distincte";"1";"VALIDATED";"";"HUMAN_REVIEW";"";"OK_CALENDRIER_LOCAL";"OUI";"9 ligne(s) de même titre en 2026, sans lien source exact"
"2027";"qv-source-865";"070F1.007";"Séance échelons II, III et IV";"F1/8";"";"Événement";"070F1";"DPS:G1";"ECH:II, ECH:III, ECH:IV";"2027-01-14";"Jeudi";"18:30";"21:00";"L-G1";"Cdt";"Aucune session distincte";"1";"VALIDATED";"";"HUMAN_REVIEW";"";"OK_CALENDRIER_LOCAL";"OUI";"1 ligne(s) de même titre en 2026, sans lien source exact"
"2027";"qv-source-865";"070F1.007";"Séance échelons II, III et IV";"F1/8";"";"Événement";"070F1";"DPS:C1";"ECH:II, ECH:III, ECH:IV";"2027-01-14";"Jeudi";"18:30";"21:00";"L-G1";"Cdt";"Aucune session distincte";"1";"VALIDATED";"";"HUMAN_REVIEW";"";"OK_CALENDRIER_LOCAL";"OUI";"1 ligne(s) de même titre en 2026, sans lien source exact"
"2027";"qv-source-865";"070F1.007";"Séance échelons II, III et IV";"F1/8";"";"Événement";"070F1";"DPS:B1";"ECH:II, ECH:III, ECH:IV";"2027-01-14";"Jeudi";"18:30";"21:00";"L-G1";"Cdt";"Aucune session distincte";"1";"VALIDATED";"";"HUMAN_REVIEW";"";"OK_CALENDRIER_LOCAL";"OUI";"1 ligne(s) de même titre en 2026, sans lien source exact"
"2027";"qv-source-865";"070F1.007";"Séance échelons II, III et IV";"F1/8";"";"Événement";"070F1";"DPS:B2";"ECH:II, ECH:III, ECH:IV";"2027-01-14";"Jeudi";"18:30";"21:00";"L-G1";"Cdt";"Aucune session distincte";"1";"VALIDATED";"";"HUMAN_REVIEW";"";"OK_CALENDRIER_LOCAL";"OUI";"1 ligne(s) de même titre en 2026, sans lien source exact"
"2027";"qv-source-865";"070F1.007";"Séance échelons II, III et IV";"F1/8";"";"Événement";"070F1";"DAP:Y1";"ECH:II, ECH:III, ECH:IV";"2027-01-14";"Jeudi";"18:30";"21:00";"L-G1";"Cdt";"Aucune session distincte";"1";"VALIDATED";"";"HUMAN_REVIEW";"";"OK_CALENDRIER_LOCAL";"OUI";"1 ligne(s) de même titre en 2026, sans lien source exact"
"2027";"qv-source-865";"070F1.007";"Séance échelons II, III et IV";"F1/8";"";"Événement";"070F1";"DAP:Y2";"ECH:II, ECH:III, ECH:IV";"2027-01-14";"Jeudi";"18:30";"21:00";"L-G1";"Cdt";"Aucune session distincte";"1";"VALIDATED";"";"HUMAN_REVIEW";"";"OK_CALENDRIER_LOCAL";"OUI";"1 ligne(s) de même titre en 2026, sans lien source exact"
"2027";"qv-source-865";"070F1.007";"Séance échelons II, III et IV";"F1/8";"";"Événement";"070F1";"DAP:Y3";"ECH:II, ECH:III, ECH:IV";"2027-01-14";"Jeudi";"18:30";"21:00";"L-G1";"Cdt";"Aucune session distincte";"1";"VALIDATED";"";"HUMAN_REVIEW";"";"OK_CALENDRIER_LOCAL";"OUI";"1 ligne(s) de même titre en 2026, sans lien source exact"
"2027";"qv-source-865";"070F1.007";"Séance échelons II, III et IV";"F1/8";"";"Événement";"070F1";"DAP:Y4";"ECH:II, ECH:III, ECH:IV";"2027-01-14";"Jeudi";"18:30";"21:00";"L-G1";"Cdt";"Aucune session distincte";"1";"VALIDATED";"";"HUMAN_REVIEW";"";"OK_CALENDRIER_LOCAL";"OUI";"1 ligne(s) de même titre en 2026, sans lien source exact"
"2027";"qv-source-866";"CONCOUR.003";"Séance de préparation concours de la FVSP";"F3";"";"Événement";"CONCOUR";"DPS:G1";"FOBA:2, JSP:1";"2027-01-18";"Lundi";"18:00";"19:00";"L-G1";"C op";"Aucune session distincte";"1";"VALIDATED";"";"NOUVEAU_2027";"";"OK_CALENDRIER_LOCAL";"NON";"Ligne explicite datée 2027 du classeur, sans titre homologue 2026"
"2027";"qv-source-866";"CONCOUR.003";"Séance de préparation concours de la FVSP";"F3";"";"Événement";"CONCOUR";"DPS:C1";"FOBA:2, JSP:1";"2027-01-18";"Lundi";"18:00";"19:00";"L-G1";"C op";"Aucune session distincte";"1";"VALIDATED";"";"NOUVEAU_2027";"";"OK_CALENDRIER_LOCAL";"NON";"Ligne explicite datée 2027 du classeur, sans titre homologue 2026"
"2027";"qv-source-866";"CONCOUR.003";"Séance de préparation concours de la FVSP";"F3";"";"Événement";"CONCOUR";"DPS:B1";"FOBA:2, JSP:1";"2027-01-18";"Lundi";"18:00";"19:00";"L-G1";"C op";"Aucune session distincte";"1";"VALIDATED";"";"NOUVEAU_2027";"";"OK_CALENDRIER_LOCAL";"NON";"Ligne explicite datée 2027 du classeur, sans titre homologue 2026"
"2027";"qv-source-866";"CONCOUR.003";"Séance de préparation concours de la FVSP";"F3";"";"Événement";"CONCOUR";"DPS:B2";"FOBA:2, JSP:1";"2027-01-18";"Lundi";"18:00";"19:00";"L-G1";"C op";"Aucune session distincte";"1";"VALIDATED";"";"NOUVEAU_2027";"";"OK_CALENDRIER_LOCAL";"NON";"Ligne explicite datée 2027 du classeur, sans titre homologue 2026"
"2027";"qv-source-866";"CONCOUR.003";"Séance de préparation concours de la FVSP";"F3";"";"Événement";"CONCOUR";"DAP:Y1";"FOBA:2, JSP:1";"2027-01-18";"Lundi";"18:00";"19:00";"L-G1";"C op";"Aucune session distincte";"1";"VALIDATED";"";"NOUVEAU_2027";"";"OK_CALENDRIER_LOCAL";"NON";"Ligne explicite datée 2027 du classeur, sans titre homologue 2026"
"2027";"qv-source-866";"CONCOUR.003";"Séance de préparation concours de la FVSP";"F3";"";"Événement";"CONCOUR";"DAP:Y2";"FOBA:2, JSP:1";"2027-01-18";"Lundi";"18:00";"19:00";"L-G1";"C op";"Aucune session distincte";"1";"VALIDATED";"";"NOUVEAU_2027";"";"OK_CALENDRIER_LOCAL";"NON";"Ligne explicite datée 2027 du classeur, sans titre homologue 2026"
"2027";"qv-source-866";"CONCOUR.003";"Séance de préparation concours de la FVSP";"F3";"";"Événement";"CONCOUR";"DAP:Y3";"FOBA:2, JSP:1";"2027-01-18";"Lundi";"18:00";"19:00";"L-G1";"C op";"Aucune session distincte";"1";"VALIDATED";"";"NOUVEAU_2027";"";"OK_CALENDRIER_LOCAL";"NON";"Ligne explicite datée 2027 du classeur, sans titre homologue 2026"
"2027";"qv-source-866";"CONCOUR.003";"Séance de préparation concours de la FVSP";"F3";"";"Événement";"CONCOUR";"DAP:Y4";"FOBA:2, JSP:1";"2027-01-18";"Lundi";"18:00";"19:00";"L-G1";"C op";"Aucune session distincte";"1";"VALIDATED";"";"NOUVEAU_2027";"";"OK_CALENDRIER_LOCAL";"NON";"Ligne explicite datée 2027 du classeur, sans titre homologue 2026"
"2027";"qv-source-867";"0152F7.001";"Cours de cadres moniteurs AUTO";"F7";"AUTO";"Formation";"0152F7";"DAP:Y1";"AUTO:1";"2027-01-18";"Lundi";"18:30";"20:00";"L-G1";"Of auto";"Aucune session distincte";"1";"VALIDATED";"";"NOUVEAU_2027";"";"OK_CALENDRIER_LOCAL";"NON";"Ligne explicite datée 2027 du classeur, sans titre homologue 2026"
"2027";"qv-source-867";"0152F7.001";"Cours de cadres moniteurs AUTO";"F7";"AUTO";"Formation";"0152F7";"DAP:Y2";"AUTO:1";"2027-01-18";"Lundi";"18:30";"20:00";"L-G1";"Of auto";"Aucune session distincte";"1";"VALIDATED";"";"NOUVEAU_2027";"";"OK_CALENDRIER_LOCAL";"NON";"Ligne explicite datée 2027 du classeur, sans titre homologue 2026"
"2027";"qv-source-867";"0152F7.001";"Cours de cadres moniteurs AUTO";"F7";"AUTO";"Formation";"0152F7";"DAP:Y3";"AUTO:1";"2027-01-18";"Lundi";"18:30";"20:00";"L-G1";"Of auto";"Aucune session distincte";"1";"VALIDATED";"";"NOUVEAU_2027";"";"OK_CALENDRIER_LOCAL";"NON";"Ligne explicite datée 2027 du classeur, sans titre homologue 2026"
"2027";"qv-source-867";"0152F7.001";"Cours de cadres moniteurs AUTO";"F7";"AUTO";"Formation";"0152F7";"DAP:Y4";"AUTO:1";"2027-01-18";"Lundi";"18:30";"20:00";"L-G1";"Of auto";"Aucune session distincte";"1";"VALIDATED";"";"NOUVEAU_2027";"";"OK_CALENDRIER_LOCAL";"NON";"Ligne explicite datée 2027 du classeur, sans titre homologue 2026"
"2027";"qv-source-868";"0152F7.001";"Cours de cadres moniteurs AUTO";"F7";"AUTO";"Formation";"0152F7";"DAP:Y1";"AUTO:1";"2027-01-18";"Lundi";"19:00";"21:30";"L-G1";"Of auto";"Aucune session distincte";"1";"VALIDATED";"";"NOUVEAU_2027";"";"OK_CALENDRIER_LOCAL";"NON";"Ligne explicite datée 2027 du classeur, sans titre homologue 2026"
"2027";"qv-source-868";"0152F7.001";"Cours de cadres moniteurs AUTO";"F7";"AUTO";"Formation";"0152F7";"DAP:Y2";"AUTO:1";"2027-01-18";"Lundi";"19:00";"21:30";"L-G1";"Of auto";"Aucune session distincte";"1";"VALIDATED";"";"NOUVEAU_2027";"";"OK_CALENDRIER_LOCAL";"NON";"Ligne explicite datée 2027 du classeur, sans titre homologue 2026"
"2027";"qv-source-868";"0152F7.001";"Cours de cadres moniteurs AUTO";"F7";"AUTO";"Formation";"0152F7";"DAP:Y3";"AUTO:1";"2027-01-18";"Lundi";"19:00";"21:30";"L-G1";"Of auto";"Aucune session distincte";"1";"VALIDATED";"";"NOUVEAU_2027";"";"OK_CALENDRIER_LOCAL";"NON";"Ligne explicite datée 2027 du classeur, sans titre homologue 2026"
"2027";"qv-source-868";"0152F7.001";"Cours de cadres moniteurs AUTO";"F7";"AUTO";"Formation";"0152F7";"DAP:Y4";"AUTO:1";"2027-01-18";"Lundi";"19:00";"21:30";"L-G1";"Of auto";"Aucune session distincte";"1";"VALIDATED";"";"NOUVEAU_2027";"";"OK_CALENDRIER_LOCAL";"NON";"Ligne explicite datée 2027 du classeur, sans titre homologue 2026"
"2027";"qv-source-869";"070F56.002";"Séance audiovisuel et communication F5/6";"F6";"";"Événement";"070F56";"DPS:G1";"";"2027-01-19";"Mardi";"18:00";"20:00";"L-G1";"Of spéc";"Aucune session distincte";"1";"VALIDATED";"";"NOUVEAU_2027";"";"OK_CALENDRIER_LOCAL";"NON";"Ligne explicite datée 2027 du classeur, sans titre homologue 2026"
"2027";"qv-source-869";"070F56.002";"Séance audiovisuel et communication F5/6";"F6";"";"Événement";"070F56";"DPS:C1";"";"2027-01-19";"Mardi";"18:00";"20:00";"L-G1";"Of spéc";"Aucune session distincte";"1";"VALIDATED";"";"NOUVEAU_2027";"";"OK_CALENDRIER_LOCAL";"NON";"Ligne explicite datée 2027 du classeur, sans titre homologue 2026"
"2027";"qv-source-869";"070F56.002";"Séance audiovisuel et communication F5/6";"F6";"";"Événement";"070F56";"DPS:B1";"";"2027-01-19";"Mardi";"18:00";"20:00";"L-G1";"Of spéc";"Aucune session distincte";"1";"VALIDATED";"";"NOUVEAU_2027";"";"OK_CALENDRIER_LOCAL";"NON";"Ligne explicite datée 2027 du classeur, sans titre homologue 2026"
"2027";"qv-source-869";"070F56.002";"Séance audiovisuel et communication F5/6";"F6";"";"Événement";"070F56";"DAP:Y1";"";"2027-01-19";"Mardi";"18:00";"20:00";"L-G1";"Of spéc";"Aucune session distincte";"1";"VALIDATED";"";"NOUVEAU_2027";"";"OK_CALENDRIER_LOCAL";"NON";"Ligne explicite datée 2027 du classeur, sans titre homologue 2026"
"2027";"qv-source-869";"070F56.002";"Séance audiovisuel et communication F5/6";"F6";"";"Événement";"070F56";"DAP:Y4";"";"2027-01-19";"Mardi";"18:00";"20:00";"L-G1";"Of spéc";"Aucune session distincte";"1";"VALIDATED";"";"NOUVEAU_2027";"";"OK_CALENDRIER_LOCAL";"NON";"Ligne explicite datée 2027 du classeur, sans titre homologue 2026"
"2027";"qv-source-870";"013Y2.001";"Séance instruction DAP";"DAP";"DAP";"Instruction";"013Y2";"DAP:Y2";"";"2027-01-19";"Mardi";"19:00";"21:00";"L-Y2";"C sct";"Aucune session distincte";"1";"VALIDATED";"";"NOUVEAU_2027";"";"OK_CALENDRIER_LOCAL";"NON";"Ligne explicite datée 2027 du classeur, sans titre homologue 2026"
"2027";"qv-source-871";"070F1.008";"Séance personnel DPS";"F1";"DPS";"Événement";"070F1";"DPS:G1";"";"2027-01-20";"Mercredi";"18:30";"21:00";"L-G1";"C site";"Aucune session distincte";"1";"VALIDATED";"";"NOUVEAU_2027";"";"OK_CALENDRIER_LOCAL";"NON";"Ligne explicite datée 2027 du classeur, sans titre homologue 2026"
"2027";"qv-source-872";"070F1.008";"Séance personnel DPS";"F1";"DPS";"Événement";"070F1";"DPS:C1";"";"2027-01-20";"Mercredi";"19:00";"21:30";"L-C1";"C site";"Aucune session distincte";"1";"VALIDATED";"";"NOUVEAU_2027";"";"OK_CALENDRIER_LOCAL";"NON";"Ligne explicite datée 2027 du classeur, sans titre homologue 2026"
"2027";"qv-source-873";"070F1.008";"Séance personnel DPS";"F1";"DPS";"Événement";"070F1";"DPS:B1";"";"2027-01-20";"Mercredi";"19:00";"21:30";"L-B1";"C site";"Aucune session distincte";"1";"VALIDATED";"";"NOUVEAU_2027";"";"OK_CALENDRIER_LOCAL";"NON";"Ligne explicite datée 2027 du classeur, sans titre homologue 2026"
"2027";"qv-source-874";"070F1.008";"Séance personnel DPS";"F1";"DPS";"Événement";"070F1";"DPS:B2";"";"2027-01-20";"Mercredi";"19:00";"21:30";"L-B2";"C site";"Aucune session distincte";"1";"VALIDATED";"";"NOUVEAU_2027";"";"OK_CALENDRIER_LOCAL";"NON";"Ligne explicite datée 2027 du classeur, sans titre homologue 2026"
"2027";"qv-source-875";"013Y4.001";"Séance instruction DAP";"DAP";"DAP";"Instruction";"013Y4";"DAP:Y4";"";"2027-01-20";"Mercredi";"19:00";"21:00";"L-Y4";"C sct";"Aucune session distincte";"1";"VALIDATED";"";"NOUVEAU_2027";"";"OK_CALENDRIER_LOCAL";"NON";"Ligne explicite datée 2027 du classeur, sans titre homologue 2026"
"2027";"qv-source-876";"010JG1.001";"Séance cadres JSP";"JSP";"JSP";"Événement";"010JG1";"JSP:G1";"JSP:1";"2027-01-21";"Jeudi";"18:00";"20:00";"L-G1";"C JSP";"Aucune session distincte";"1";"VALIDATED";"";"NOUVEAU_2027";"";"OK_CALENDRIER_LOCAL";"NON";"Ligne explicite datée 2027 du classeur, sans titre homologue 2026"
"2027";"qv-source-876";"010JG1.001";"Séance cadres JSP";"JSP";"JSP";"Événement";"010JG1";"JSP:C1";"JSP:1";"2027-01-21";"Jeudi";"18:00";"20:00";"L-G1";"C JSP";"Aucune session distincte";"1";"VALIDATED";"";"NOUVEAU_2027";"";"OK_CALENDRIER_LOCAL";"NON";"Ligne explicite datée 2027 du classeur, sans titre homologue 2026"
"2027";"qv-source-876";"010JG1.001";"Séance cadres JSP";"JSP";"JSP";"Événement";"010JG1";"JSP:B1";"JSP:1";"2027-01-21";"Jeudi";"18:00";"20:00";"L-G1";"C JSP";"Aucune session distincte";"1";"VALIDATED";"";"NOUVEAU_2027";"";"OK_CALENDRIER_LOCAL";"NON";"Ligne explicite datée 2027 du classeur, sans titre homologue 2026"
"2027";"qv-source-877";"0151F7.001";"Cours de cadres Formateurs cursus MEA";"F7";"AUTO";"Formation";"0151F7";"OI_NON_DOCUMENTE_2027";"AUTO:1, AUTO:5";"2027-01-25";"Lundi";"17:00";"19:00";"L-G1";"Of auto";"Aucune session distincte";"1";"VALIDATED";"";"NOUVEAU_2027";"";"OK_CALENDRIER_LOCAL";"NON";"Ligne explicite datée 2027 du classeur, sans titre homologue 2026"
"2027";"qv-source-878";"070F8.001";"Séance Fourriers DPS";"F1/8";"";"Événement";"070F8";"DPS:G1";"";"2027-01-25";"Lundi";"17:00";"19:00";"L-G1";"QM";"Aucune session distincte";"1";"VALIDATED";"";"NOUVEAU_2027";"";"OK_CALENDRIER_LOCAL";"NON";"Ligne explicite datée 2027 du classeur, sans titre homologue 2026"
"2027";"qv-source-878";"070F8.001";"Séance Fourriers DPS";"F1/8";"";"Événement";"070F8";"DPS:C1";"";"2027-01-25";"Lundi";"17:00";"19:00";"L-G1";"QM";"Aucune session distincte";"1";"VALIDATED";"";"NOUVEAU_2027";"";"OK_CALENDRIER_LOCAL";"NON";"Ligne explicite datée 2027 du classeur, sans titre homologue 2026"
"2027";"qv-source-878";"070F8.001";"Séance Fourriers DPS";"F1/8";"";"Événement";"070F8";"DPS:B1";"";"2027-01-25";"Lundi";"17:00";"19:00";"L-G1";"QM";"Aucune session distincte";"1";"VALIDATED";"";"NOUVEAU_2027";"";"OK_CALENDRIER_LOCAL";"NON";"Ligne explicite datée 2027 du classeur, sans titre homologue 2026"
"2027";"qv-source-878";"070F8.001";"Séance Fourriers DPS";"F1/8";"";"Événement";"070F8";"DPS:B2";"";"2027-01-25";"Lundi";"17:00";"19:00";"L-G1";"QM";"Aucune session distincte";"1";"VALIDATED";"";"NOUVEAU_2027";"";"OK_CALENDRIER_LOCAL";"NON";"Ligne explicite datée 2027 du classeur, sans titre homologue 2026"
"2027";"qv-source-879";"070F4.002";"Séance responsables MAT SDIS";"F4";"";"Événement";"070F4";"DPS:G1";"";"2027-01-25";"Lundi";"18:30";"21:00";"L-G1";"C log";"Aucune session distincte";"1";"VALIDATED";"";"NOUVEAU_2027";"";"OK_CALENDRIER_LOCAL";"NON";"Ligne explicite datée 2027 du classeur, sans titre homologue 2026"
"2027";"qv-source-879";"070F4.002";"Séance responsables MAT SDIS";"F4";"";"Événement";"070F4";"DPS:C1";"";"2027-01-25";"Lundi";"18:30";"21:00";"L-G1";"C log";"Aucune session distincte";"1";"VALIDATED";"";"NOUVEAU_2027";"";"OK_CALENDRIER_LOCAL";"NON";"Ligne explicite datée 2027 du classeur, sans titre homologue 2026"
"2027";"qv-source-879";"070F4.002";"Séance responsables MAT SDIS";"F4";"";"Événement";"070F4";"DPS:B1";"";"2027-01-25";"Lundi";"18:30";"21:00";"L-G1";"C log";"Aucune session distincte";"1";"VALIDATED";"";"NOUVEAU_2027";"";"OK_CALENDRIER_LOCAL";"NON";"Ligne explicite datée 2027 du classeur, sans titre homologue 2026"
"2027";"qv-source-879";"070F4.002";"Séance responsables MAT SDIS";"F4";"";"Événement";"070F4";"DPS:B2";"";"2027-01-25";"Lundi";"18:30";"21:00";"L-G1";"C log";"Aucune session distincte";"1";"VALIDATED";"";"NOUVEAU_2027";"";"OK_CALENDRIER_LOCAL";"NON";"Ligne explicite datée 2027 du classeur, sans titre homologue 2026"
"2027";"qv-source-879";"070F4.002";"Séance responsables MAT SDIS";"F4";"";"Événement";"070F4";"DAP:Y1";"";"2027-01-25";"Lundi";"18:30";"21:00";"L-G1";"C log";"Aucune session distincte";"1";"VALIDATED";"";"NOUVEAU_2027";"";"OK_CALENDRIER_LOCAL";"NON";"Ligne explicite datée 2027 du classeur, sans titre homologue 2026"
"2027";"qv-source-879";"070F4.002";"Séance responsables MAT SDIS";"F4";"";"Événement";"070F4";"DAP:Y2";"";"2027-01-25";"Lundi";"18:30";"21:00";"L-G1";"C log";"Aucune session distincte";"1";"VALIDATED";"";"NOUVEAU_2027";"";"OK_CALENDRIER_LOCAL";"NON";"Ligne explicite datée 2027 du classeur, sans titre homologue 2026"
"2027";"qv-source-879";"070F4.002";"Séance responsables MAT SDIS";"F4";"";"Événement";"070F4";"DAP:Y3";"";"2027-01-25";"Lundi";"18:30";"21:00";"L-G1";"C log";"Aucune session distincte";"1";"VALIDATED";"";"NOUVEAU_2027";"";"OK_CALENDRIER_LOCAL";"NON";"Ligne explicite datée 2027 du classeur, sans titre homologue 2026"
"2027";"qv-source-879";"070F4.002";"Séance responsables MAT SDIS";"F4";"";"Événement";"070F4";"DAP:Y4";"";"2027-01-25";"Lundi";"18:30";"21:00";"L-G1";"C log";"Aucune session distincte";"1";"VALIDATED";"";"NOUVEAU_2027";"";"OK_CALENDRIER_LOCAL";"NON";"Ligne explicite datée 2027 du classeur, sans titre homologue 2026"
"2027";"qv-source-880";"070F8.002";"Séance Fourriers DAP";"F1/8";"";"Événement";"070F8";"DPS:G1";"";"2027-01-25";"Lundi";"19:00";"21:00";"L-G1";"QM";"Aucune session distincte";"1";"VALIDATED";"";"NOUVEAU_2027";"";"OK_CALENDRIER_LOCAL";"NON";"Ligne explicite datée 2027 du classeur, sans titre homologue 2026"
"2027";"qv-source-880";"070F8.002";"Séance Fourriers DAP";"F1/8";"";"Événement";"070F8";"DAP:Y1";"";"2027-01-25";"Lundi";"19:00";"21:00";"L-G1";"QM";"Aucune session distincte";"1";"VALIDATED";"";"NOUVEAU_2027";"";"OK_CALENDRIER_LOCAL";"NON";"Ligne explicite datée 2027 du classeur, sans titre homologue 2026"
"2027";"qv-source-880";"070F8.002";"Séance Fourriers DAP";"F1/8";"";"Événement";"070F8";"DAP:Y2";"";"2027-01-25";"Lundi";"19:00";"21:00";"L-G1";"QM";"Aucune session distincte";"1";"VALIDATED";"";"NOUVEAU_2027";"";"OK_CALENDRIER_LOCAL";"NON";"Ligne explicite datée 2027 du classeur, sans titre homologue 2026"
"2027";"qv-source-880";"070F8.002";"Séance Fourriers DAP";"F1/8";"";"Événement";"070F8";"DAP:Y3";"";"2027-01-25";"Lundi";"19:00";"21:00";"L-G1";"QM";"Aucune session distincte";"1";"VALIDATED";"";"NOUVEAU_2027";"";"OK_CALENDRIER_LOCAL";"NON";"Ligne explicite datée 2027 du classeur, sans titre homologue 2026"
"2027";"qv-source-880";"070F8.002";"Séance Fourriers DAP";"F1/8";"";"Événement";"070F8";"DAP:Y4";"";"2027-01-25";"Lundi";"19:00";"21:00";"L-G1";"QM";"Aucune session distincte";"1";"VALIDATED";"";"NOUVEAU_2027";"";"OK_CALENDRIER_LOCAL";"NON";"Ligne explicite datée 2027 du classeur, sans titre homologue 2026"
"2027";"qv-source-881";"070F23.001";"Séance chefs de section DPS";"F1";"";"Événement";"070F23";"DPS:G1";"";"2027-01-26";"Mardi";"18:00";"20:30";"L-G1";"C site";"Aucune session distincte";"1";"VALIDATED";"";"HUMAN_REVIEW";"";"OK_CALENDRIER_LOCAL";"OUI";"4 ligne(s) de même titre en 2026, sans lien source exact"
"2027";"qv-source-882";"010JB1.001";"Exercice JSP 1";"JSP";"JSP";"Exercice";"010JB1";"JSP:B1";"JSP:1";"2027-01-26";"Mardi";"18:00";"20:00";"L-B1";"Resp for JSP";"Aucune session distincte";"1";"VALIDATED";"";"NOUVEAU_2027";"";"OK_CALENDRIER_LOCAL";"NON";"Ligne explicite datée 2027 du classeur, sans titre homologue 2026"
"2027";"qv-source-883";"070F23.002";"Séance chefs de section DPS C1";"F1";"";"Événement";"070F23";"DPS:C1";"";"2027-01-26";"Mardi";"19:00";"21:30";"L-C1";"C site";"Aucune session distincte";"1";"VALIDATED";"";"NOUVEAU_2027";"";"OK_CALENDRIER_LOCAL";"NON";"Ligne explicite datée 2027 du classeur, sans titre homologue 2026"
"2027";"qv-source-884";"070F23.001";"Séance chefs de section DPS";"F1";"";"Événement";"070F23";"DPS:B1";"";"2027-01-26";"Mardi";"19:00";"21:30";"L-B1";"C site";"Aucune session distincte";"1";"VALIDATED";"";"HUMAN_REVIEW";"";"OK_CALENDRIER_LOCAL";"OUI";"4 ligne(s) de même titre en 2026, sans lien source exact"
"2027";"qv-source-885";"070F23.002";"Séance chefs de section DPS C1";"F1";"";"Événement";"070F23";"DPS:B2";"";"2027-01-26";"Mardi";"19:00";"21:30";"L-B2";"C site";"Aucune session distincte";"1";"VALIDATED";"";"NOUVEAU_2027";"";"OK_CALENDRIER_LOCAL";"NON";"Ligne explicite datée 2027 du classeur, sans titre homologue 2026"
"2027";"qv-source-886";"010JSP.008";"Cursus JSP - module 1";"JSP";"JSP";"Formation";"010JSP";"JSP:G1";"JSP:1";"2027-01-27";"Mercredi";"18:00";"20:00";"L-G1";"Resp for JSP";"Aucune session distincte";"1";"VALIDATED";"";"NOUVEAU_2027";"";"OK_CALENDRIER_LOCAL";"NON";"Ligne explicite datée 2027 du classeur, sans titre homologue 2026"
"2027";"qv-source-886";"010JSP.008";"Cursus JSP - module 1";"JSP";"JSP";"Formation";"010JSP";"JSP:C1";"JSP:1";"2027-01-27";"Mercredi";"18:00";"20:00";"L-G1";"Resp for JSP";"Aucune session distincte";"1";"VALIDATED";"";"NOUVEAU_2027";"";"OK_CALENDRIER_LOCAL";"NON";"Ligne explicite datée 2027 du classeur, sans titre homologue 2026"
"2027";"qv-source-886";"010JSP.008";"Cursus JSP - module 1";"JSP";"JSP";"Formation";"010JSP";"JSP:B1";"JSP:1";"2027-01-27";"Mercredi";"18:00";"20:00";"L-G1";"Resp for JSP";"Aucune session distincte";"1";"VALIDATED";"";"NOUVEAU_2027";"";"OK_CALENDRIER_LOCAL";"NON";"Ligne explicite datée 2027 du classeur, sans titre homologue 2026"
"2027";"qv-source-887";"070F7.002";"Séance instruction DPS";"F7";"DPS";"Instruction";"070F7";"DPS:G1";"";"2027-01-27";"Mercredi";"18:30";"21:00";"L-G1";"C site";"Aucune session distincte";"1";"VALIDATED";"";"NOUVEAU_2027";"";"OK_CALENDRIER_LOCAL";"NON";"Ligne explicite datée 2027 du classeur, sans titre homologue 2026"
"2027";"qv-source-888";"070F1.013";"Séance personnel DAP";"F1";"DAP";"Événement";"070F1";"DAP:Y1";"";"2027-01-27";"Mercredi";"19:00";"21:30";"L-G1";"C DAP";"Aucune session distincte";"1";"VALIDATED";"";"NOUVEAU_2027";"";"OK_CALENDRIER_LOCAL";"NON";"Ligne explicite datée 2027 du classeur, sans titre homologue 2026"
"2027";"qv-source-888";"070F1.013";"Séance personnel DAP";"F1";"DAP";"Événement";"070F1";"DAP:Y2";"";"2027-01-27";"Mercredi";"19:00";"21:30";"L-G1";"C DAP";"Aucune session distincte";"1";"VALIDATED";"";"NOUVEAU_2027";"";"OK_CALENDRIER_LOCAL";"NON";"Ligne explicite datée 2027 du classeur, sans titre homologue 2026"
"2027";"qv-source-888";"070F1.013";"Séance personnel DAP";"F1";"DAP";"Événement";"070F1";"DAP:Y3";"";"2027-01-27";"Mercredi";"19:00";"21:30";"L-G1";"C DAP";"Aucune session distincte";"1";"VALIDATED";"";"NOUVEAU_2027";"";"OK_CALENDRIER_LOCAL";"NON";"Ligne explicite datée 2027 du classeur, sans titre homologue 2026"
"2027";"qv-source-888";"070F1.013";"Séance personnel DAP";"F1";"DAP";"Événement";"070F1";"DAP:Y4";"";"2027-01-27";"Mercredi";"19:00";"21:30";"L-G1";"C DAP";"Aucune session distincte";"1";"VALIDATED";"";"NOUVEAU_2027";"";"OK_CALENDRIER_LOCAL";"NON";"Ligne explicite datée 2027 du classeur, sans titre homologue 2026"
"2027";"qv-source-889";"070F7.002";"Séance instruction DPS";"F7";"DPS";"Instruction";"070F7";"DPS:C1";"";"2027-01-27";"Mercredi";"19:00";"21:30";"L-C1";"C site";"Aucune session distincte";"1";"VALIDATED";"";"NOUVEAU_2027";"";"OK_CALENDRIER_LOCAL";"NON";"Ligne explicite datée 2027 du classeur, sans titre homologue 2026"
"2027";"qv-source-890";"0151F7.004";"Cursus MEA - module 1.0";"F7";"AUTO";"Formation";"0151F7";"OI_NON_DOCUMENTE_2027";"AUTO:1, AUTO:5";"2027-01-28";"Jeudi";"18:00";"21:00";"L-G1";"Of auto";"Aucune session distincte";"1";"VALIDATED";"";"NOUVEAU_2027";"";"OK_CALENDRIER_LOCAL";"NON";"Ligne explicite datée 2027 du classeur, sans titre homologue 2026"
"2027";"qv-source-891";"013Y1.010";"Séance instruction DAP";"DAP";"DAP";"Instruction";"013Y1";"DAP:Y1";"";"2027-01-28";"Jeudi";"19:00";"21:00";"L-Y1";"C sct";"Aucune session distincte";"1";"VALIDATED";"";"NOUVEAU_2027";"";"OK_CALENDRIER_LOCAL";"NON";"Ligne explicite datée 2027 du classeur, sans titre homologue 2026"
"2027";"qv-source-892";"013Y3.001";"Séance instruction DAP";"DAP";"DAP";"Instruction";"013Y3";"DAP:Y3";"";"2027-01-28";"Jeudi";"19:00";"21:00";"L-Y3";"C sct";"Aucune session distincte";"1";"VALIDATED";"";"NOUVEAU_2027";"";"OK_CALENDRIER_LOCAL";"NON";"Ligne explicite datée 2027 du classeur, sans titre homologue 2026"
"2027";"qv-source-893";"070F0.003";"Séance Codir";"F0";"";"Séance";"070F0";"SDIS";"";"2027-01-29";"Vendredi";"08:00";"09:30";"L-G1";"PrésidentE Codir";"Aucune session distincte";"1";"VALIDATED";"";"HUMAN_REVIEW";"";"OK_CALENDRIER_LOCAL";"OUI";"7 ligne(s) de même titre en 2026, sans lien source exact"
"2027";"qv-source-894";"010FOBA.002";"Équipement des recrues FOBA 1";"FOBA";"FOBA";"Événement";"010FOBA";"DPS:G1";"FOBA:1";"2027-01-30";"Samedi";"07:00";"15:00";"L-G1";"C log";"Aucune session distincte";"1";"VALIDATED";"";"NOUVEAU_2027";"";"OK_CALENDRIER_LOCAL";"NON";"Ligne explicite datée 2027 du classeur, sans titre homologue 2026"
"2027";"qv-source-895";"010FOBC.001";"Cours de cadres FOBA";"FOBA";"FOBA";"Formation";"010FOBC";"OI_NON_DOCUMENTE_2027";"FOBA:1, FOBA:2, FOBA:3";"2027-01-30";"Samedi";"07:30";"12:00";"L-G1";"C FOBA";"Aucune session distincte";"1";"VALIDATED";"";"NOUVEAU_2027";"";"OK_CALENDRIER_LOCAL";"NON";"Ligne explicite datée 2027 du classeur, sans titre homologue 2026"
"2027";"qv-source-896";"0151F7.002";"Cours de cadres Formateurs MEA 1";"F7";"AUTO";"Formation";"0151F7";"OI_NON_DOCUMENTE_2027";"AUTO:1, AUTO:5";"2027-02-01";"Lundi";"17:30";"20:00";"L-G1";"Of auto";"Aucune session distincte";"1";"VALIDATED";"";"NOUVEAU_2027";"";"OK_CALENDRIER_LOCAL";"NON";"Ligne explicite datée 2027 du classeur, sans titre homologue 2026"
"2027";"qv-source-897";"010JC1.002";"Exercice JSP 2";"JSP";"JSP";"Exercice";"010JC1";"JSP:C1";"JSP:1";"2027-02-01";"Lundi";"18:00";"20:00";"L-C1";"Resp for JSP";"Aucune session distincte";"1";"VALIDATED";"";"HUMAN_REVIEW";"";"OK_CALENDRIER_LOCAL";"OUI";"1 ligne(s) de même titre en 2026, sans lien source exact"
"2027";"qv-source-898";"070F23.004";"Séance des chefs de section DAP";"F1";"";"Événement";"070F23";"DPS:G1";"";"2027-02-01";"Lundi";"19:00";"22:00";"L-G1";"C DAP";"Aucune session distincte";"1";"VALIDATED";"";"HUMAN_REVIEW";"";"OK_CALENDRIER_LOCAL";"OUI";"2 ligne(s) de même titre en 2026, sans lien source exact"
"2027";"qv-source-898";"070F23.004";"Séance des chefs de section DAP";"F1";"";"Événement";"070F23";"DAP:Y1";"";"2027-02-01";"Lundi";"19:00";"22:00";"L-G1";"C DAP";"Aucune session distincte";"1";"VALIDATED";"";"HUMAN_REVIEW";"";"OK_CALENDRIER_LOCAL";"OUI";"2 ligne(s) de même titre en 2026, sans lien source exact"
"2027";"qv-source-898";"070F23.004";"Séance des chefs de section DAP";"F1";"";"Événement";"070F23";"DAP:Y2";"";"2027-02-01";"Lundi";"19:00";"22:00";"L-G1";"C DAP";"Aucune session distincte";"1";"VALIDATED";"";"HUMAN_REVIEW";"";"OK_CALENDRIER_LOCAL";"OUI";"2 ligne(s) de même titre en 2026, sans lien source exact"
"2027";"qv-source-898";"070F23.004";"Séance des chefs de section DAP";"F1";"";"Événement";"070F23";"DAP:Y3";"";"2027-02-01";"Lundi";"19:00";"22:00";"L-G1";"C DAP";"Aucune session distincte";"1";"VALIDATED";"";"HUMAN_REVIEW";"";"OK_CALENDRIER_LOCAL";"OUI";"2 ligne(s) de même titre en 2026, sans lien source exact"
"2027";"qv-source-898";"070F23.004";"Séance des chefs de section DAP";"F1";"";"Événement";"070F23";"DAP:Y4";"";"2027-02-01";"Lundi";"19:00";"22:00";"L-G1";"C DAP";"Aucune session distincte";"1";"VALIDATED";"";"HUMAN_REVIEW";"";"OK_CALENDRIER_LOCAL";"OUI";"2 ligne(s) de même titre en 2026, sans lien source exact"
"2027";"qv-source-899";"011PR.002";"Cursus PAPR - module 1";"PR";"PR";"Formation";"011PR";"OI_NON_DOCUMENTE_2027";"PR:2";"2027-02-02";"Mardi";"18:00";"21:00";"L-G1";"C PR";"Aucune session distincte";"1";"VALIDATED";"";"NOUVEAU_2027";"";"OK_CALENDRIER_LOCAL";"NON";"Ligne explicite datée 2027 du classeur, sans titre homologue 2026"
"2027";"qv-source-900";"070F7.002";"Séance instruction DPS";"F7";"DPS";"Instruction";"070F7";"DPS:B1";"";"2027-02-02";"Mardi";"19:00";"21:30";"L-B1";"C site";"Aucune session distincte";"1";"VALIDATED";"";"NOUVEAU_2027";"";"OK_CALENDRIER_LOCAL";"NON";"Ligne explicite datée 2027 du classeur, sans titre homologue 2026"
"2027";"qv-source-901";"070F7.002";"Séance instruction DPS";"F7";"DPS";"Instruction";"070F7";"DPS:B2";"";"2027-02-02";"Mardi";"19:00";"21:30";"L-B2";"C site";"Aucune session distincte";"1";"VALIDATED";"";"NOUVEAU_2027";"";"OK_CALENDRIER_LOCAL";"NON";"Ligne explicite datée 2027 du classeur, sans titre homologue 2026"
"2027";"qv-source-902";"01522F7.003";"Cursus cond VL - module 1.0";"F7";"AUTO";"Formation";"01522F7";"OI_NON_DOCUMENTE_2027";"AUTO:3";"2027-02-03";"Mercredi";"18:00";"20:00";"L-G1";"Of auto";"Aucune session distincte";"1";"VALIDATED";"";"NOUVEAU_2027";"";"OK_CALENDRIER_LOCAL";"NON";"Ligne explicite datée 2027 du classeur, sans titre homologue 2026"
"2027";"qv-source-903";"010JSP.009";"Cursus JSP - module 2";"JSP";"JSP";"Formation";"010JSP";"JSP:G1";"JSP:1";"2027-02-03";"Mercredi";"18:00";"20:00";"L-G1";"Resp for JSP";"Aucune session distincte";"1";"VALIDATED";"";"NOUVEAU_2027";"";"OK_CALENDRIER_LOCAL";"NON";"Ligne explicite datée 2027 du classeur, sans titre homologue 2026"
"2027";"qv-source-903";"010JSP.009";"Cursus JSP - module 2";"JSP";"JSP";"Formation";"010JSP";"JSP:C1";"JSP:1";"2027-02-03";"Mercredi";"18:00";"20:00";"L-G1";"Resp for JSP";"Aucune session distincte";"1";"VALIDATED";"";"NOUVEAU_2027";"";"OK_CALENDRIER_LOCAL";"NON";"Ligne explicite datée 2027 du classeur, sans titre homologue 2026"
"2027";"qv-source-903";"010JSP.009";"Cursus JSP - module 2";"JSP";"JSP";"Formation";"010JSP";"JSP:B1";"JSP:1";"2027-02-03";"Mercredi";"18:00";"20:00";"L-G1";"Resp for JSP";"Aucune session distincte";"1";"VALIDATED";"";"NOUVEAU_2027";"";"OK_CALENDRIER_LOCAL";"NON";"Ligne explicite datée 2027 du classeur, sans titre homologue 2026"
"2027";"qv-source-904";"070F56.004";"Séance communication F5/6";"F6";"";"Événement";"070F56";"DPS:G1";"";"2027-02-03";"Mercredi";"18:00";"20:00";"L-G1";"Of spéc";"Aucune session distincte";"1";"VALIDATED";"";"HUMAN_REVIEW";"";"OK_CALENDRIER_LOCAL";"OUI";"8 ligne(s) de même titre en 2026, sans lien source exact"
"2027";"qv-source-904";"070F56.004";"Séance communication F5/6";"F6";"";"Événement";"070F56";"DAP:Y1";"";"2027-02-03";"Mercredi";"18:00";"20:00";"L-G1";"Of spéc";"Aucune session distincte";"1";"VALIDATED";"";"HUMAN_REVIEW";"";"OK_CALENDRIER_LOCAL";"OUI";"8 ligne(s) de même titre en 2026, sans lien source exact"
"2027";"qv-source-905";"011PR.001";"Cours de cadres PR";"PR";"PR";"Formation";"011PR";"OI_NON_DOCUMENTE_2027";"PR:2";"2027-02-03";"Mercredi";"18:30";"21:00";"L-G1";"C PR";"Aucune session distincte";"1";"VALIDATED";"";"NOUVEAU_2027";"";"OK_CALENDRIER_LOCAL";"NON";"Ligne explicite datée 2027 du classeur, sans titre homologue 2026"
"2027";"qv-source-906";"070F4.001";"Séance Préposés mat DPS";"F4";"";"Événement";"070F4";"DPS:G1";"";"2027-02-04";"Jeudi";"19:00";"21:30";"L-G1";"C log";"Aucune session distincte";"1";"VALIDATED";"";"NOUVEAU_2027";"";"OK_CALENDRIER_LOCAL";"NON";"Ligne explicite datée 2027 du classeur, sans titre homologue 2026"
"2027";"qv-source-907";"070F4.001";"Séance Préposés mat DPS";"F4";"";"Événement";"070F4";"DPS:C1";"";"2027-02-04";"Jeudi";"19:00";"21:30";"L-C1";"Resp mat";"Aucune session distincte";"1";"VALIDATED";"";"NOUVEAU_2027";"";"OK_CALENDRIER_LOCAL";"NON";"Ligne explicite datée 2027 du classeur, sans titre homologue 2026"
"2027";"qv-source-908";"070F4.001";"Séance Préposés mat DPS";"F4";"";"Événement";"070F4";"DPS:B1";"";"2027-02-04";"Jeudi";"19:00";"21:30";"L-B1";"Resp mat";"Aucune session distincte";"1";"VALIDATED";"";"NOUVEAU_2027";"";"OK_CALENDRIER_LOCAL";"NON";"Ligne explicite datée 2027 du classeur, sans titre homologue 2026"
"2027";"qv-source-909";"070F4.001";"Séance Préposés mat DPS";"F4";"";"Événement";"070F4";"DPS:B2";"";"2027-02-04";"Jeudi";"19:00";"21:30";"L-B2";"Resp mat";"Aucune session distincte";"1";"VALIDATED";"";"NOUVEAU_2027";"";"OK_CALENDRIER_LOCAL";"NON";"Ligne explicite datée 2027 du classeur, sans titre homologue 2026"
"2027";"qv-source-910";"012G1.002";"Instr demi-sct - KICK-OFF";"DPS";"DPS";"Instruction";"012G1";"DPS:G1";"N04a";"2027-02-06";"Samedi";"07:30";"10:30";"L-G1";"Chef section DPS";"Aucune session distincte";"1";"VALIDATED";"";"HUMAN_REVIEW";"VACANCES_SCOLAIRES";"AUTORISABLE_VACANCES_INSTRUCTION";"OUI";"25 ligne(s) de même titre en 2026, sans lien source exact"
"2027";"qv-source-911";"012C1.001";"Instr demi-sct - KICK-OFF";"DPS";"DPS";"Instruction";"012C1";"DPS:C1";"N01b";"2027-02-06";"Samedi";"07:30";"10:30";"L-C1";"Chef section DPS";"Aucune session distincte";"1";"VALIDATED";"";"HUMAN_REVIEW";"VACANCES_SCOLAIRES";"AUTORISABLE_VACANCES_INSTRUCTION";"OUI";"25 ligne(s) de même titre en 2026, sans lien source exact"
"2027";"qv-source-912";"012B2.001";"Instr demi-sct - KICK-OFF";"DPS";"DPS";"Instruction";"012B2";"DPS:B2";"N01b";"2027-02-06";"Samedi";"07:30";"10:30";"L-C1";"Chef section DPS";"Aucune session distincte";"1";"VALIDATED";"";"HUMAN_REVIEW";"VACANCES_SCOLAIRES";"AUTORISABLE_VACANCES_INSTRUCTION";"OUI";"25 ligne(s) de même titre en 2026, sans lien source exact"
"2027";"qv-source-913";"012B1.010";"Instr demi-sct - KICK-OFF";"DPS";"DPS";"Instruction";"012B1";"DPS:B1";"N01b";"2027-02-06";"Samedi";"07:30";"10:30";"L-B1";"Chef section DPS";"Aucune session distincte";"1";"VALIDATED";"";"HUMAN_REVIEW";"VACANCES_SCOLAIRES";"AUTORISABLE_VACANCES_INSTRUCTION";"OUI";"25 ligne(s) de même titre en 2026, sans lien source exact"
"2027";"qv-source-914";"0152F7.002";"Conduite, formation continue";"F7";"AUTO";"Conduite";"0152F7";"DPS:G1";"N04a, AUTO:1, AUTO:3";"2027-02-06";"Samedi";"10:30";"11:30";"L-G1";"C sct";"Aucune session distincte";"1";"VALIDATED";"";"MODIFIÉ_VOLONTAIREMENT";"VACANCES_SCOLAIRES";"HUMAN_REVIEW_CALENDAR:CONDUITE_APRES_INSTRUCTION_VACANCES";"OUI";"Règle MOA : deux conduites par demi-section DPS"
"2027";"qv-source-915";"0152F7.002";"Conduite, formation continue";"F7";"AUTO";"Conduite";"0152F7";"DPS:C1";"N01b, AUTO:1, AUTO:3";"2027-02-06";"Samedi";"10:30";"11:30";"L-C1";"C sct";"Aucune session distincte";"1";"VALIDATED";"";"MODIFIÉ_VOLONTAIREMENT";"VACANCES_SCOLAIRES";"HUMAN_REVIEW_CALENDAR:CONDUITE_APRES_INSTRUCTION_VACANCES";"OUI";"Règle MOA : deux conduites par demi-section DPS"
"2027";"qv-source-916";"0152F7.002";"Conduite, formation continue";"F7";"AUTO";"Conduite";"0152F7";"DPS:B1";"N01b, AUTO:1, AUTO:3";"2027-02-06";"Samedi";"10:30";"11:30";"L-B1";"C sct";"Aucune session distincte";"1";"VALIDATED";"";"MODIFIÉ_VOLONTAIREMENT";"VACANCES_SCOLAIRES";"HUMAN_REVIEW_CALENDAR:CONDUITE_APRES_INSTRUCTION_VACANCES";"OUI";"Règle MOA : deux conduites par demi-section DPS"
"2027";"qv-source-917";"0152F7.002";"Conduite, formation continue";"F7";"AUTO";"Conduite";"0152F7";"DPS:B2";"N01b, AUTO:1, AUTO:3";"2027-02-06";"Samedi";"10:30";"11:30";"L-C1";"C sct";"Aucune session distincte";"1";"VALIDATED";"";"MODIFIÉ_VOLONTAIREMENT";"VACANCES_SCOLAIRES";"HUMAN_REVIEW_CALENDAR:CONDUITE_APRES_INSTRUCTION_VACANCES";"OUI";"Règle MOA : deux conduites par demi-section DPS"
"2027";"qv-source-918";"010JSP.021";"Séance Direction JSP";"JSP";"JSP";"Événement";"010JSP";"JSP:G1";"JSP:1";"2027-02-16";"Mardi";"18:30";"20:30";"L-G1";"C JSP";"Aucune session distincte";"1";"VALIDATED";"";"HUMAN_REVIEW";"";"OK_CALENDRIER_LOCAL";"OUI";"9 ligne(s) de même titre en 2026, sans lien source exact"
"2027";"qv-source-918";"010JSP.021";"Séance Direction JSP";"JSP";"JSP";"Événement";"010JSP";"JSP:C1";"JSP:1";"2027-02-16";"Mardi";"18:30";"20:30";"L-G1";"C JSP";"Aucune session distincte";"1";"VALIDATED";"";"HUMAN_REVIEW";"";"OK_CALENDRIER_LOCAL";"OUI";"9 ligne(s) de même titre en 2026, sans lien source exact"
"2027";"qv-source-918";"010JSP.021";"Séance Direction JSP";"JSP";"JSP";"Événement";"010JSP";"JSP:B1";"JSP:1";"2027-02-16";"Mardi";"18:30";"20:30";"L-G1";"C JSP";"Aucune session distincte";"1";"VALIDATED";"";"HUMAN_REVIEW";"";"OK_CALENDRIER_LOCAL";"OUI";"9 ligne(s) de même titre en 2026, sans lien source exact"
"2027";"qv-source-919";"0154F7.001";"Cours de cadres formation annuelle Grutiers";"F7";"AUTO";"Formation";"0154F7";"OI_NON_DOCUMENTE_2027";"AUTO:1";"2027-02-17";"Mercredi";"17:30";"20:00";"L-G1";"Of auto";"Aucune session distincte";"1";"VALIDATED";"";"NOUVEAU_2027";"";"OK_CALENDRIER_LOCAL";"NON";"Ligne explicite datée 2027 du classeur, sans titre homologue 2026"
"2027";"qv-source-920";"010JG1.002";"Exercice JSP 1";"JSP";"JSP";"Exercice";"010JG1";"JSP:G1";"JSP:1";"2027-02-20";"Samedi";"08:00";"11:30";"L-G1";"Resp for JSP";"Aucune session distincte";"1";"VALIDATED";"";"NOUVEAU_2027";"";"OK_CALENDRIER_LOCAL";"NON";"Ligne explicite datée 2027 du classeur, sans titre homologue 2026"
"2027";"qv-source-921";"";"Séance État-major";"F0";"";"Séance";"EMSEA";"SDIS";"";"2027-02-24";"Mercredi";"18:00";"21:00";"L-G1";"Cdt";"Aucune session distincte";"1";"VALIDATED";"";"NOUVEAU_2027";"";"OK_CALENDRIER_LOCAL";"NON";"Ligne explicite datée 2027 du classeur, sans titre homologue 2026"
"2027";"qv-source-922";"010JB1.003";"Exercice JSP 2";"JSP";"JSP";"Exercice";"010JB1";"JSP:B1";"JSP:1";"2027-02-25";"Jeudi";"18:00";"20:00";"L-B1";"Resp for JSP";"Aucune session distincte";"1";"VALIDATED";"";"HUMAN_REVIEW";"";"OK_CALENDRIER_LOCAL";"OUI";"1 ligne(s) de même titre en 2026, sans lien source exact"
"2027";"qv-source-923";"071F3.001";"Rapport annuel";"F3";"";"Événement";"071F3";"DPS:G1";"";"2027-03-04";"Jeudi";"18:45";"21:30";"";"Cdt";"Aucune session distincte";"1";"VALIDATED";"";"NOUVEAU_2027";"";"OK_CALENDRIER_LOCAL";"NON";"Ligne explicite datée 2027 du classeur, sans titre homologue 2026"
"2027";"qv-source-923";"071F3.001";"Rapport annuel";"F3";"";"Événement";"071F3";"DPS:C1";"";"2027-03-04";"Jeudi";"18:45";"21:30";"";"Cdt";"Aucune session distincte";"1";"VALIDATED";"";"NOUVEAU_2027";"";"OK_CALENDRIER_LOCAL";"NON";"Ligne explicite datée 2027 du classeur, sans titre homologue 2026"
"2027";"qv-source-923";"071F3.001";"Rapport annuel";"F3";"";"Événement";"071F3";"DPS:B1";"";"2027-03-04";"Jeudi";"18:45";"21:30";"";"Cdt";"Aucune session distincte";"1";"VALIDATED";"";"NOUVEAU_2027";"";"OK_CALENDRIER_LOCAL";"NON";"Ligne explicite datée 2027 du classeur, sans titre homologue 2026"
"2027";"qv-source-923";"071F3.001";"Rapport annuel";"F3";"";"Événement";"071F3";"DPS:B2";"";"2027-03-04";"Jeudi";"18:45";"21:30";"";"Cdt";"Aucune session distincte";"1";"VALIDATED";"";"NOUVEAU_2027";"";"OK_CALENDRIER_LOCAL";"NON";"Ligne explicite datée 2027 du classeur, sans titre homologue 2026"
"2027";"qv-source-923";"071F3.001";"Rapport annuel";"F3";"";"Événement";"071F3";"DAP:Y1";"";"2027-03-04";"Jeudi";"18:45";"21:30";"";"Cdt";"Aucune session distincte";"1";"VALIDATED";"";"NOUVEAU_2027";"";"OK_CALENDRIER_LOCAL";"NON";"Ligne explicite datée 2027 du classeur, sans titre homologue 2026"
"2027";"qv-source-923";"071F3.001";"Rapport annuel";"F3";"";"Événement";"071F3";"DAP:Y2";"";"2027-03-04";"Jeudi";"18:45";"21:30";"";"Cdt";"Aucune session distincte";"1";"VALIDATED";"";"NOUVEAU_2027";"";"OK_CALENDRIER_LOCAL";"NON";"Ligne explicite datée 2027 du classeur, sans titre homologue 2026"
"2027";"qv-source-923";"071F3.001";"Rapport annuel";"F3";"";"Événement";"071F3";"DAP:Y3";"";"2027-03-04";"Jeudi";"18:45";"21:30";"";"Cdt";"Aucune session distincte";"1";"VALIDATED";"";"NOUVEAU_2027";"";"OK_CALENDRIER_LOCAL";"NON";"Ligne explicite datée 2027 du classeur, sans titre homologue 2026"
"2027";"qv-source-923";"071F3.001";"Rapport annuel";"F3";"";"Événement";"071F3";"DAP:Y4";"";"2027-03-04";"Jeudi";"18:45";"21:30";"";"Cdt";"Aucune session distincte";"1";"VALIDATED";"";"NOUVEAU_2027";"";"OK_CALENDRIER_LOCAL";"NON";"Ligne explicite datée 2027 du classeur, sans titre homologue 2026"
"2027";"QV26-GROUPE-DE-TRAVAIL-FOCA-1E076C38:FOCA1:S1";"0175F7.001";"Groupe de travail FOCA";"F7";"FOCA";"Événement";"0175F7";"OI_NON_DOCUMENTE_2027";"";"";"";"";"";"L-G1";"À affecter";"Aucune session distincte";"1";"A_POSITIONNER";"";"HUMAN_REVIEW";"";"SANS_DATE";"OUI";"Aucune correspondance 2026 exacte prouvée"
"2027";"QV26-GROUPE-DE-TRAVAIL-FOCA-1E076C38:FOCA2:S1";"0175F7.001";"Groupe de travail FOCA";"F7";"FOCA";"Événement";"0175F7";"OI_NON_DOCUMENTE_2027";"";"";"";"";"";"L-G1";"À affecter";"Aucune session distincte";"1";"A_POSITIONNER";"";"HUMAN_REVIEW";"";"SANS_DATE";"OUI";"Aucune correspondance 2026 exacte prouvée"
"2027";"QV26-GROUPE-DE-TRAVAIL-FOCA-1E076C38:FOCA3:S1";"0175F7.001";"Groupe de travail FOCA";"F7";"FOCA";"Événement";"0175F7";"OI_NON_DOCUMENTE_2027";"";"";"";"";"";"L-G1";"À affecter";"Aucune session distincte";"1";"A_POSITIONNER";"";"HUMAN_REVIEW";"";"SANS_DATE";"OUI";"Aucune correspondance 2026 exacte prouvée"
"2027";"QV26-GROUPE-DE-TRAVAIL-FOCA-1E076C38:FOCA4:S1";"0175F7.001";"Groupe de travail FOCA";"F7";"FOCA";"Événement";"0175F7";"OI_NON_DOCUMENTE_2027";"";"";"";"";"";"L-G1";"À affecter";"Aucune session distincte";"1";"A_POSITIONNER";"";"HUMAN_REVIEW";"";"SANS_DATE";"OUI";"Aucune correspondance 2026 exacte prouvée"
"2027";"QV26-GROUPE-DE-TRAVAIL-FOCA-1E076C38:FOCA5:S1";"0175F7.001";"Groupe de travail FOCA";"F7";"FOCA";"Événement";"0175F7";"OI_NON_DOCUMENTE_2027";"";"";"";"";"";"L-G1";"À affecter";"Aucune session distincte";"1";"A_POSITIONNER";"";"HUMAN_REVIEW";"";"SANS_DATE";"OUI";"Aucune correspondance 2026 exacte prouvée"
"2027";"QV26-GROUPE-DE-TRAVAIL-FOCA-1E076C38:FOCA6:S1";"0175F7.001";"Groupe de travail FOCA";"F7";"FOCA";"Événement";"0175F7";"OI_NON_DOCUMENTE_2027";"";"";"";"";"";"L-G1";"À affecter";"Aucune session distincte";"1";"A_POSITIONNER";"";"HUMAN_REVIEW";"";"SANS_DATE";"OUI";"Aucune correspondance 2026 exacte prouvée"
"2027";"CTA-PERM-2027-01-01";"";"Permanence";"DPS";"DPS";"Permanence";"";"DPS:G1";"";"2026-12-31";"Jeudi";"18:00";"06:00";"";"Chef site";"Aucune session distincte";"1";"VALIDATED";"";"MODIFIÉ_VOLONTAIREMENT";"VEILLE_FERIE|VACANCES_SCOLAIRES";"HUMAN_REVIEW_CALENDAR:CTA_FENETRE_FERIEE";"OUI";"Cycle hebdomadaire CTA validé, distinct des événements ordinaires"
"2027";"CTA-PERM-2027-01-01";"";"Permanence";"DPS";"DPS";"Permanence";"";"DPS:C1";"";"2026-12-31";"Jeudi";"18:00";"06:00";"";"Chef site";"Aucune session distincte";"1";"VALIDATED";"";"MODIFIÉ_VOLONTAIREMENT";"VEILLE_FERIE|VACANCES_SCOLAIRES";"HUMAN_REVIEW_CALENDAR:CTA_FENETRE_FERIEE";"OUI";"Cycle hebdomadaire CTA validé, distinct des événements ordinaires"
"2027";"CTA-PERM-2027-01-01";"";"Permanence";"DPS";"DPS";"Permanence";"";"DPS:B1";"";"2026-12-31";"Jeudi";"18:00";"06:00";"";"Chef site";"Aucune session distincte";"1";"VALIDATED";"";"MODIFIÉ_VOLONTAIREMENT";"VEILLE_FERIE|VACANCES_SCOLAIRES";"HUMAN_REVIEW_CALENDAR:CTA_FENETRE_FERIEE";"OUI";"Cycle hebdomadaire CTA validé, distinct des événements ordinaires"
"2027";"CTA-PERM-2027-01-01";"";"Permanence";"DPS";"DPS";"Permanence";"";"DPS:B2";"";"2026-12-31";"Jeudi";"18:00";"06:00";"";"Chef site";"Aucune session distincte";"1";"VALIDATED";"";"MODIFIÉ_VOLONTAIREMENT";"VEILLE_FERIE|VACANCES_SCOLAIRES";"HUMAN_REVIEW_CALENDAR:CTA_FENETRE_FERIEE";"OUI";"Cycle hebdomadaire CTA validé, distinct des événements ordinaires"
"2027";"CTA-PERM-2027-01-08";"";"Permanence";"DPS";"DPS";"Permanence";"";"DPS:G1";"";"2027-01-08";"Vendredi";"18:00";"06:00";"";"Chef site";"Aucune session distincte";"1";"VALIDATED";"";"MODIFIÉ_VOLONTAIREMENT";"VACANCES_SCOLAIRES";"CTA_CYCLE_VALIDE";"NON";"Cycle hebdomadaire CTA validé, distinct des événements ordinaires"
"2027";"CTA-PERM-2027-01-08";"";"Permanence";"DPS";"DPS";"Permanence";"";"DPS:C1";"";"2027-01-08";"Vendredi";"18:00";"06:00";"";"Chef site";"Aucune session distincte";"1";"VALIDATED";"";"MODIFIÉ_VOLONTAIREMENT";"VACANCES_SCOLAIRES";"CTA_CYCLE_VALIDE";"NON";"Cycle hebdomadaire CTA validé, distinct des événements ordinaires"
"2027";"CTA-PERM-2027-01-08";"";"Permanence";"DPS";"DPS";"Permanence";"";"DPS:B1";"";"2027-01-08";"Vendredi";"18:00";"06:00";"";"Chef site";"Aucune session distincte";"1";"VALIDATED";"";"MODIFIÉ_VOLONTAIREMENT";"VACANCES_SCOLAIRES";"CTA_CYCLE_VALIDE";"NON";"Cycle hebdomadaire CTA validé, distinct des événements ordinaires"
"2027";"CTA-PERM-2027-01-08";"";"Permanence";"DPS";"DPS";"Permanence";"";"DPS:B2";"";"2027-01-08";"Vendredi";"18:00";"06:00";"";"Chef site";"Aucune session distincte";"1";"VALIDATED";"";"MODIFIÉ_VOLONTAIREMENT";"VACANCES_SCOLAIRES";"CTA_CYCLE_VALIDE";"NON";"Cycle hebdomadaire CTA validé, distinct des événements ordinaires"
"2027";"CTA-PERM-2027-01-15";"";"Permanence";"DPS";"DPS";"Permanence";"";"DPS:G1";"";"2027-01-15";"Vendredi";"18:00";"06:00";"";"Chef site";"Aucune session distincte";"1";"VALIDATED";"";"MODIFIÉ_VOLONTAIREMENT";"";"CTA_CYCLE_VALIDE";"NON";"Cycle hebdomadaire CTA validé, distinct des événements ordinaires"
"2027";"CTA-PERM-2027-01-15";"";"Permanence";"DPS";"DPS";"Permanence";"";"DPS:C1";"";"2027-01-15";"Vendredi";"18:00";"06:00";"";"Chef site";"Aucune session distincte";"1";"VALIDATED";"";"MODIFIÉ_VOLONTAIREMENT";"";"CTA_CYCLE_VALIDE";"NON";"Cycle hebdomadaire CTA validé, distinct des événements ordinaires"
"2027";"CTA-PERM-2027-01-15";"";"Permanence";"DPS";"DPS";"Permanence";"";"DPS:B1";"";"2027-01-15";"Vendredi";"18:00";"06:00";"";"Chef site";"Aucune session distincte";"1";"VALIDATED";"";"MODIFIÉ_VOLONTAIREMENT";"";"CTA_CYCLE_VALIDE";"NON";"Cycle hebdomadaire CTA validé, distinct des événements ordinaires"
"2027";"CTA-PERM-2027-01-15";"";"Permanence";"DPS";"DPS";"Permanence";"";"DPS:B2";"";"2027-01-15";"Vendredi";"18:00";"06:00";"";"Chef site";"Aucune session distincte";"1";"VALIDATED";"";"MODIFIÉ_VOLONTAIREMENT";"";"CTA_CYCLE_VALIDE";"NON";"Cycle hebdomadaire CTA validé, distinct des événements ordinaires"
"2027";"CTA-PERM-2027-01-22";"";"Permanence";"DPS";"DPS";"Permanence";"";"DPS:G1";"";"2027-01-22";"Vendredi";"18:00";"06:00";"";"Chef site";"Aucune session distincte";"1";"VALIDATED";"";"MODIFIÉ_VOLONTAIREMENT";"";"CTA_CYCLE_VALIDE";"NON";"Cycle hebdomadaire CTA validé, distinct des événements ordinaires"
"2027";"CTA-PERM-2027-01-22";"";"Permanence";"DPS";"DPS";"Permanence";"";"DPS:C1";"";"2027-01-22";"Vendredi";"18:00";"06:00";"";"Chef site";"Aucune session distincte";"1";"VALIDATED";"";"MODIFIÉ_VOLONTAIREMENT";"";"CTA_CYCLE_VALIDE";"NON";"Cycle hebdomadaire CTA validé, distinct des événements ordinaires"
"2027";"CTA-PERM-2027-01-22";"";"Permanence";"DPS";"DPS";"Permanence";"";"DPS:B1";"";"2027-01-22";"Vendredi";"18:00";"06:00";"";"Chef site";"Aucune session distincte";"1";"VALIDATED";"";"MODIFIÉ_VOLONTAIREMENT";"";"CTA_CYCLE_VALIDE";"NON";"Cycle hebdomadaire CTA validé, distinct des événements ordinaires"
"2027";"CTA-PERM-2027-01-22";"";"Permanence";"DPS";"DPS";"Permanence";"";"DPS:B2";"";"2027-01-22";"Vendredi";"18:00";"06:00";"";"Chef site";"Aucune session distincte";"1";"VALIDATED";"";"MODIFIÉ_VOLONTAIREMENT";"";"CTA_CYCLE_VALIDE";"NON";"Cycle hebdomadaire CTA validé, distinct des événements ordinaires"
"2027";"CTA-PERM-2027-01-29";"";"Permanence";"DPS";"DPS";"Permanence";"";"DPS:G1";"";"2027-01-29";"Vendredi";"18:00";"06:00";"";"Chef site";"Aucune session distincte";"1";"VALIDATED";"";"MODIFIÉ_VOLONTAIREMENT";"";"CTA_CYCLE_VALIDE";"NON";"Cycle hebdomadaire CTA validé, distinct des événements ordinaires"
"2027";"CTA-PERM-2027-01-29";"";"Permanence";"DPS";"DPS";"Permanence";"";"DPS:C1";"";"2027-01-29";"Vendredi";"18:00";"06:00";"";"Chef site";"Aucune session distincte";"1";"VALIDATED";"";"MODIFIÉ_VOLONTAIREMENT";"";"CTA_CYCLE_VALIDE";"NON";"Cycle hebdomadaire CTA validé, distinct des événements ordinaires"
"2027";"CTA-PERM-2027-01-29";"";"Permanence";"DPS";"DPS";"Permanence";"";"DPS:B1";"";"2027-01-29";"Vendredi";"18:00";"06:00";"";"Chef site";"Aucune session distincte";"1";"VALIDATED";"";"MODIFIÉ_VOLONTAIREMENT";"";"CTA_CYCLE_VALIDE";"NON";"Cycle hebdomadaire CTA validé, distinct des événements ordinaires"
"2027";"CTA-PERM-2027-01-29";"";"Permanence";"DPS";"DPS";"Permanence";"";"DPS:B2";"";"2027-01-29";"Vendredi";"18:00";"06:00";"";"Chef site";"Aucune session distincte";"1";"VALIDATED";"";"MODIFIÉ_VOLONTAIREMENT";"";"CTA_CYCLE_VALIDE";"NON";"Cycle hebdomadaire CTA validé, distinct des événements ordinaires"
"2027";"CTA-PERM-2027-02-05";"";"Permanence";"DPS";"DPS";"Permanence";"";"DPS:G1";"";"2027-02-05";"Vendredi";"18:00";"06:00";"";"Chef site";"Aucune session distincte";"1";"VALIDATED";"";"MODIFIÉ_VOLONTAIREMENT";"";"CTA_CYCLE_VALIDE";"NON";"Cycle hebdomadaire CTA validé, distinct des événements ordinaires"
"2027";"CTA-PERM-2027-02-05";"";"Permanence";"DPS";"DPS";"Permanence";"";"DPS:C1";"";"2027-02-05";"Vendredi";"18:00";"06:00";"";"Chef site";"Aucune session distincte";"1";"VALIDATED";"";"MODIFIÉ_VOLONTAIREMENT";"";"CTA_CYCLE_VALIDE";"NON";"Cycle hebdomadaire CTA validé, distinct des événements ordinaires"
"2027";"CTA-PERM-2027-02-05";"";"Permanence";"DPS";"DPS";"Permanence";"";"DPS:B1";"";"2027-02-05";"Vendredi";"18:00";"06:00";"";"Chef site";"Aucune session distincte";"1";"VALIDATED";"";"MODIFIÉ_VOLONTAIREMENT";"";"CTA_CYCLE_VALIDE";"NON";"Cycle hebdomadaire CTA validé, distinct des événements ordinaires"
"2027";"CTA-PERM-2027-02-05";"";"Permanence";"DPS";"DPS";"Permanence";"";"DPS:B2";"";"2027-02-05";"Vendredi";"18:00";"06:00";"";"Chef site";"Aucune session distincte";"1";"VALIDATED";"";"MODIFIÉ_VOLONTAIREMENT";"";"CTA_CYCLE_VALIDE";"NON";"Cycle hebdomadaire CTA validé, distinct des événements ordinaires"
"2027";"CTA-PERM-2027-02-12";"";"Permanence";"DPS";"DPS";"Permanence";"";"DPS:G1";"";"2027-02-12";"Vendredi";"18:00";"06:00";"";"Chef site";"Aucune session distincte";"1";"VALIDATED";"";"MODIFIÉ_VOLONTAIREMENT";"VACANCES_SCOLAIRES";"CTA_CYCLE_VALIDE";"NON";"Cycle hebdomadaire CTA validé, distinct des événements ordinaires"
"2027";"CTA-PERM-2027-02-12";"";"Permanence";"DPS";"DPS";"Permanence";"";"DPS:C1";"";"2027-02-12";"Vendredi";"18:00";"06:00";"";"Chef site";"Aucune session distincte";"1";"VALIDATED";"";"MODIFIÉ_VOLONTAIREMENT";"VACANCES_SCOLAIRES";"CTA_CYCLE_VALIDE";"NON";"Cycle hebdomadaire CTA validé, distinct des événements ordinaires"
"2027";"CTA-PERM-2027-02-12";"";"Permanence";"DPS";"DPS";"Permanence";"";"DPS:B1";"";"2027-02-12";"Vendredi";"18:00";"06:00";"";"Chef site";"Aucune session distincte";"1";"VALIDATED";"";"MODIFIÉ_VOLONTAIREMENT";"VACANCES_SCOLAIRES";"CTA_CYCLE_VALIDE";"NON";"Cycle hebdomadaire CTA validé, distinct des événements ordinaires"
"2027";"CTA-PERM-2027-02-12";"";"Permanence";"DPS";"DPS";"Permanence";"";"DPS:B2";"";"2027-02-12";"Vendredi";"18:00";"06:00";"";"Chef site";"Aucune session distincte";"1";"VALIDATED";"";"MODIFIÉ_VOLONTAIREMENT";"VACANCES_SCOLAIRES";"CTA_CYCLE_VALIDE";"NON";"Cycle hebdomadaire CTA validé, distinct des événements ordinaires"
"2027";"CTA-PERM-2027-02-19";"";"Permanence";"DPS";"DPS";"Permanence";"";"DPS:G1";"";"2027-02-19";"Vendredi";"18:00";"06:00";"";"Chef site";"Aucune session distincte";"1";"VALIDATED";"";"MODIFIÉ_VOLONTAIREMENT";"";"CTA_CYCLE_VALIDE";"NON";"Cycle hebdomadaire CTA validé, distinct des événements ordinaires"
"2027";"CTA-PERM-2027-02-19";"";"Permanence";"DPS";"DPS";"Permanence";"";"DPS:C1";"";"2027-02-19";"Vendredi";"18:00";"06:00";"";"Chef site";"Aucune session distincte";"1";"VALIDATED";"";"MODIFIÉ_VOLONTAIREMENT";"";"CTA_CYCLE_VALIDE";"NON";"Cycle hebdomadaire CTA validé, distinct des événements ordinaires"
"2027";"CTA-PERM-2027-02-19";"";"Permanence";"DPS";"DPS";"Permanence";"";"DPS:B1";"";"2027-02-19";"Vendredi";"18:00";"06:00";"";"Chef site";"Aucune session distincte";"1";"VALIDATED";"";"MODIFIÉ_VOLONTAIREMENT";"";"CTA_CYCLE_VALIDE";"NON";"Cycle hebdomadaire CTA validé, distinct des événements ordinaires"
"2027";"CTA-PERM-2027-02-19";"";"Permanence";"DPS";"DPS";"Permanence";"";"DPS:B2";"";"2027-02-19";"Vendredi";"18:00";"06:00";"";"Chef site";"Aucune session distincte";"1";"VALIDATED";"";"MODIFIÉ_VOLONTAIREMENT";"";"CTA_CYCLE_VALIDE";"NON";"Cycle hebdomadaire CTA validé, distinct des événements ordinaires"
"2027";"CTA-PERM-2027-02-26";"";"Permanence";"DPS";"DPS";"Permanence";"";"DPS:G1";"";"2027-02-26";"Vendredi";"18:00";"06:00";"";"Chef site";"Aucune session distincte";"1";"VALIDATED";"";"MODIFIÉ_VOLONTAIREMENT";"";"CTA_CYCLE_VALIDE";"NON";"Cycle hebdomadaire CTA validé, distinct des événements ordinaires"
"2027";"CTA-PERM-2027-02-26";"";"Permanence";"DPS";"DPS";"Permanence";"";"DPS:C1";"";"2027-02-26";"Vendredi";"18:00";"06:00";"";"Chef site";"Aucune session distincte";"1";"VALIDATED";"";"MODIFIÉ_VOLONTAIREMENT";"";"CTA_CYCLE_VALIDE";"NON";"Cycle hebdomadaire CTA validé, distinct des événements ordinaires"
"2027";"CTA-PERM-2027-02-26";"";"Permanence";"DPS";"DPS";"Permanence";"";"DPS:B1";"";"2027-02-26";"Vendredi";"18:00";"06:00";"";"Chef site";"Aucune session distincte";"1";"VALIDATED";"";"MODIFIÉ_VOLONTAIREMENT";"";"CTA_CYCLE_VALIDE";"NON";"Cycle hebdomadaire CTA validé, distinct des événements ordinaires"
"2027";"CTA-PERM-2027-02-26";"";"Permanence";"DPS";"DPS";"Permanence";"";"DPS:B2";"";"2027-02-26";"Vendredi";"18:00";"06:00";"";"Chef site";"Aucune session distincte";"1";"VALIDATED";"";"MODIFIÉ_VOLONTAIREMENT";"";"CTA_CYCLE_VALIDE";"NON";"Cycle hebdomadaire CTA validé, distinct des événements ordinaires"
"2027";"CTA-PERM-2027-03-05";"";"Permanence";"DPS";"DPS";"Permanence";"";"DPS:G1";"";"2027-03-05";"Vendredi";"18:00";"06:00";"";"Chef site";"Aucune session distincte";"1";"VALIDATED";"";"MODIFIÉ_VOLONTAIREMENT";"";"CTA_CYCLE_VALIDE";"NON";"Cycle hebdomadaire CTA validé, distinct des événements ordinaires"
"2027";"CTA-PERM-2027-03-05";"";"Permanence";"DPS";"DPS";"Permanence";"";"DPS:C1";"";"2027-03-05";"Vendredi";"18:00";"06:00";"";"Chef site";"Aucune session distincte";"1";"VALIDATED";"";"MODIFIÉ_VOLONTAIREMENT";"";"CTA_CYCLE_VALIDE";"NON";"Cycle hebdomadaire CTA validé, distinct des événements ordinaires"
"2027";"CTA-PERM-2027-03-05";"";"Permanence";"DPS";"DPS";"Permanence";"";"DPS:B1";"";"2027-03-05";"Vendredi";"18:00";"06:00";"";"Chef site";"Aucune session distincte";"1";"VALIDATED";"";"MODIFIÉ_VOLONTAIREMENT";"";"CTA_CYCLE_VALIDE";"NON";"Cycle hebdomadaire CTA validé, distinct des événements ordinaires"
"2027";"CTA-PERM-2027-03-05";"";"Permanence";"DPS";"DPS";"Permanence";"";"DPS:B2";"";"2027-03-05";"Vendredi";"18:00";"06:00";"";"Chef site";"Aucune session distincte";"1";"VALIDATED";"";"MODIFIÉ_VOLONTAIREMENT";"";"CTA_CYCLE_VALIDE";"NON";"Cycle hebdomadaire CTA validé, distinct des événements ordinaires"
"2027";"CTA-PERM-2027-03-12";"";"Permanence";"DPS";"DPS";"Permanence";"";"DPS:G1";"";"2027-03-12";"Vendredi";"18:00";"06:00";"";"Chef site";"Aucune session distincte";"1";"VALIDATED";"";"MODIFIÉ_VOLONTAIREMENT";"";"CTA_CYCLE_VALIDE";"NON";"Cycle hebdomadaire CTA validé, distinct des événements ordinaires"
"2027";"CTA-PERM-2027-03-12";"";"Permanence";"DPS";"DPS";"Permanence";"";"DPS:C1";"";"2027-03-12";"Vendredi";"18:00";"06:00";"";"Chef site";"Aucune session distincte";"1";"VALIDATED";"";"MODIFIÉ_VOLONTAIREMENT";"";"CTA_CYCLE_VALIDE";"NON";"Cycle hebdomadaire CTA validé, distinct des événements ordinaires"
"2027";"CTA-PERM-2027-03-12";"";"Permanence";"DPS";"DPS";"Permanence";"";"DPS:B1";"";"2027-03-12";"Vendredi";"18:00";"06:00";"";"Chef site";"Aucune session distincte";"1";"VALIDATED";"";"MODIFIÉ_VOLONTAIREMENT";"";"CTA_CYCLE_VALIDE";"NON";"Cycle hebdomadaire CTA validé, distinct des événements ordinaires"
"2027";"CTA-PERM-2027-03-12";"";"Permanence";"DPS";"DPS";"Permanence";"";"DPS:B2";"";"2027-03-12";"Vendredi";"18:00";"06:00";"";"Chef site";"Aucune session distincte";"1";"VALIDATED";"";"MODIFIÉ_VOLONTAIREMENT";"";"CTA_CYCLE_VALIDE";"NON";"Cycle hebdomadaire CTA validé, distinct des événements ordinaires"
"2027";"CTA-PERM-2027-03-19";"";"Permanence";"DPS";"DPS";"Permanence";"";"DPS:G1";"";"2027-03-19";"Vendredi";"18:00";"06:00";"";"Chef site";"Aucune session distincte";"1";"VALIDATED";"";"MODIFIÉ_VOLONTAIREMENT";"";"CTA_CYCLE_VALIDE";"NON";"Cycle hebdomadaire CTA validé, distinct des événements ordinaires"
"2027";"CTA-PERM-2027-03-19";"";"Permanence";"DPS";"DPS";"Permanence";"";"DPS:C1";"";"2027-03-19";"Vendredi";"18:00";"06:00";"";"Chef site";"Aucune session distincte";"1";"VALIDATED";"";"MODIFIÉ_VOLONTAIREMENT";"";"CTA_CYCLE_VALIDE";"NON";"Cycle hebdomadaire CTA validé, distinct des événements ordinaires"
"2027";"CTA-PERM-2027-03-19";"";"Permanence";"DPS";"DPS";"Permanence";"";"DPS:B1";"";"2027-03-19";"Vendredi";"18:00";"06:00";"";"Chef site";"Aucune session distincte";"1";"VALIDATED";"";"MODIFIÉ_VOLONTAIREMENT";"";"CTA_CYCLE_VALIDE";"NON";"Cycle hebdomadaire CTA validé, distinct des événements ordinaires"
"2027";"CTA-PERM-2027-03-19";"";"Permanence";"DPS";"DPS";"Permanence";"";"DPS:B2";"";"2027-03-19";"Vendredi";"18:00";"06:00";"";"Chef site";"Aucune session distincte";"1";"VALIDATED";"";"MODIFIÉ_VOLONTAIREMENT";"";"CTA_CYCLE_VALIDE";"NON";"Cycle hebdomadaire CTA validé, distinct des événements ordinaires"
"2027";"CTA-PERM-2027-03-26";"";"Permanence";"DPS";"DPS";"Permanence";"";"DPS:G1";"";"2027-03-25";"Jeudi";"18:00";"06:00";"";"Chef site";"Aucune session distincte";"1";"VALIDATED";"";"MODIFIÉ_VOLONTAIREMENT";"VEILLE_FERIE";"HUMAN_REVIEW_CALENDAR:CTA_FENETRE_FERIEE";"OUI";"Cycle hebdomadaire CTA validé, distinct des événements ordinaires"
"2027";"CTA-PERM-2027-03-26";"";"Permanence";"DPS";"DPS";"Permanence";"";"DPS:C1";"";"2027-03-25";"Jeudi";"18:00";"06:00";"";"Chef site";"Aucune session distincte";"1";"VALIDATED";"";"MODIFIÉ_VOLONTAIREMENT";"VEILLE_FERIE";"HUMAN_REVIEW_CALENDAR:CTA_FENETRE_FERIEE";"OUI";"Cycle hebdomadaire CTA validé, distinct des événements ordinaires"
"2027";"CTA-PERM-2027-03-26";"";"Permanence";"DPS";"DPS";"Permanence";"";"DPS:B1";"";"2027-03-25";"Jeudi";"18:00";"06:00";"";"Chef site";"Aucune session distincte";"1";"VALIDATED";"";"MODIFIÉ_VOLONTAIREMENT";"VEILLE_FERIE";"HUMAN_REVIEW_CALENDAR:CTA_FENETRE_FERIEE";"OUI";"Cycle hebdomadaire CTA validé, distinct des événements ordinaires"
"2027";"CTA-PERM-2027-03-26";"";"Permanence";"DPS";"DPS";"Permanence";"";"DPS:B2";"";"2027-03-25";"Jeudi";"18:00";"06:00";"";"Chef site";"Aucune session distincte";"1";"VALIDATED";"";"MODIFIÉ_VOLONTAIREMENT";"VEILLE_FERIE";"HUMAN_REVIEW_CALENDAR:CTA_FENETRE_FERIEE";"OUI";"Cycle hebdomadaire CTA validé, distinct des événements ordinaires"
"2027";"CTA-PERM-2027-04-02";"";"Permanence";"DPS";"DPS";"Permanence";"";"DPS:G1";"";"2027-04-02";"Vendredi";"18:00";"06:00";"";"Chef site";"Aucune session distincte";"1";"VALIDATED";"";"MODIFIÉ_VOLONTAIREMENT";"VACANCES_SCOLAIRES";"CTA_CYCLE_VALIDE";"NON";"Cycle hebdomadaire CTA validé, distinct des événements ordinaires"
"2027";"CTA-PERM-2027-04-02";"";"Permanence";"DPS";"DPS";"Permanence";"";"DPS:C1";"";"2027-04-02";"Vendredi";"18:00";"06:00";"";"Chef site";"Aucune session distincte";"1";"VALIDATED";"";"MODIFIÉ_VOLONTAIREMENT";"VACANCES_SCOLAIRES";"CTA_CYCLE_VALIDE";"NON";"Cycle hebdomadaire CTA validé, distinct des événements ordinaires"
"2027";"CTA-PERM-2027-04-02";"";"Permanence";"DPS";"DPS";"Permanence";"";"DPS:B1";"";"2027-04-02";"Vendredi";"18:00";"06:00";"";"Chef site";"Aucune session distincte";"1";"VALIDATED";"";"MODIFIÉ_VOLONTAIREMENT";"VACANCES_SCOLAIRES";"CTA_CYCLE_VALIDE";"NON";"Cycle hebdomadaire CTA validé, distinct des événements ordinaires"
"2027";"CTA-PERM-2027-04-02";"";"Permanence";"DPS";"DPS";"Permanence";"";"DPS:B2";"";"2027-04-02";"Vendredi";"18:00";"06:00";"";"Chef site";"Aucune session distincte";"1";"VALIDATED";"";"MODIFIÉ_VOLONTAIREMENT";"VACANCES_SCOLAIRES";"CTA_CYCLE_VALIDE";"NON";"Cycle hebdomadaire CTA validé, distinct des événements ordinaires"
"2027";"CTA-PERM-2027-04-09";"";"Permanence";"DPS";"DPS";"Permanence";"";"DPS:G1";"";"2027-04-09";"Vendredi";"18:00";"06:00";"";"Chef site";"Aucune session distincte";"1";"VALIDATED";"";"MODIFIÉ_VOLONTAIREMENT";"VACANCES_SCOLAIRES";"CTA_CYCLE_VALIDE";"NON";"Cycle hebdomadaire CTA validé, distinct des événements ordinaires"
"2027";"CTA-PERM-2027-04-09";"";"Permanence";"DPS";"DPS";"Permanence";"";"DPS:C1";"";"2027-04-09";"Vendredi";"18:00";"06:00";"";"Chef site";"Aucune session distincte";"1";"VALIDATED";"";"MODIFIÉ_VOLONTAIREMENT";"VACANCES_SCOLAIRES";"CTA_CYCLE_VALIDE";"NON";"Cycle hebdomadaire CTA validé, distinct des événements ordinaires"
"2027";"CTA-PERM-2027-04-09";"";"Permanence";"DPS";"DPS";"Permanence";"";"DPS:B1";"";"2027-04-09";"Vendredi";"18:00";"06:00";"";"Chef site";"Aucune session distincte";"1";"VALIDATED";"";"MODIFIÉ_VOLONTAIREMENT";"VACANCES_SCOLAIRES";"CTA_CYCLE_VALIDE";"NON";"Cycle hebdomadaire CTA validé, distinct des événements ordinaires"
"2027";"CTA-PERM-2027-04-09";"";"Permanence";"DPS";"DPS";"Permanence";"";"DPS:B2";"";"2027-04-09";"Vendredi";"18:00";"06:00";"";"Chef site";"Aucune session distincte";"1";"VALIDATED";"";"MODIFIÉ_VOLONTAIREMENT";"VACANCES_SCOLAIRES";"CTA_CYCLE_VALIDE";"NON";"Cycle hebdomadaire CTA validé, distinct des événements ordinaires"
"2027";"CTA-PERM-2027-04-16";"";"Permanence";"DPS";"DPS";"Permanence";"";"DPS:G1";"";"2027-04-16";"Vendredi";"18:00";"06:00";"";"Chef site";"Aucune session distincte";"1";"VALIDATED";"";"MODIFIÉ_VOLONTAIREMENT";"";"CTA_CYCLE_VALIDE";"NON";"Cycle hebdomadaire CTA validé, distinct des événements ordinaires"
"2027";"CTA-PERM-2027-04-16";"";"Permanence";"DPS";"DPS";"Permanence";"";"DPS:C1";"";"2027-04-16";"Vendredi";"18:00";"06:00";"";"Chef site";"Aucune session distincte";"1";"VALIDATED";"";"MODIFIÉ_VOLONTAIREMENT";"";"CTA_CYCLE_VALIDE";"NON";"Cycle hebdomadaire CTA validé, distinct des événements ordinaires"
"2027";"CTA-PERM-2027-04-16";"";"Permanence";"DPS";"DPS";"Permanence";"";"DPS:B1";"";"2027-04-16";"Vendredi";"18:00";"06:00";"";"Chef site";"Aucune session distincte";"1";"VALIDATED";"";"MODIFIÉ_VOLONTAIREMENT";"";"CTA_CYCLE_VALIDE";"NON";"Cycle hebdomadaire CTA validé, distinct des événements ordinaires"
"2027";"CTA-PERM-2027-04-16";"";"Permanence";"DPS";"DPS";"Permanence";"";"DPS:B2";"";"2027-04-16";"Vendredi";"18:00";"06:00";"";"Chef site";"Aucune session distincte";"1";"VALIDATED";"";"MODIFIÉ_VOLONTAIREMENT";"";"CTA_CYCLE_VALIDE";"NON";"Cycle hebdomadaire CTA validé, distinct des événements ordinaires"
"2027";"CTA-PERM-2027-04-23";"";"Permanence";"DPS";"DPS";"Permanence";"";"DPS:G1";"";"2027-04-23";"Vendredi";"18:00";"06:00";"";"Chef site";"Aucune session distincte";"1";"VALIDATED";"";"MODIFIÉ_VOLONTAIREMENT";"";"CTA_CYCLE_VALIDE";"NON";"Cycle hebdomadaire CTA validé, distinct des événements ordinaires"
"2027";"CTA-PERM-2027-04-23";"";"Permanence";"DPS";"DPS";"Permanence";"";"DPS:C1";"";"2027-04-23";"Vendredi";"18:00";"06:00";"";"Chef site";"Aucune session distincte";"1";"VALIDATED";"";"MODIFIÉ_VOLONTAIREMENT";"";"CTA_CYCLE_VALIDE";"NON";"Cycle hebdomadaire CTA validé, distinct des événements ordinaires"
"2027";"CTA-PERM-2027-04-23";"";"Permanence";"DPS";"DPS";"Permanence";"";"DPS:B1";"";"2027-04-23";"Vendredi";"18:00";"06:00";"";"Chef site";"Aucune session distincte";"1";"VALIDATED";"";"MODIFIÉ_VOLONTAIREMENT";"";"CTA_CYCLE_VALIDE";"NON";"Cycle hebdomadaire CTA validé, distinct des événements ordinaires"
"2027";"CTA-PERM-2027-04-23";"";"Permanence";"DPS";"DPS";"Permanence";"";"DPS:B2";"";"2027-04-23";"Vendredi";"18:00";"06:00";"";"Chef site";"Aucune session distincte";"1";"VALIDATED";"";"MODIFIÉ_VOLONTAIREMENT";"";"CTA_CYCLE_VALIDE";"NON";"Cycle hebdomadaire CTA validé, distinct des événements ordinaires"
"2027";"CTA-PERM-2027-04-30";"";"Permanence";"DPS";"DPS";"Permanence";"";"DPS:G1";"";"2027-04-30";"Vendredi";"18:00";"06:00";"";"Chef site";"Aucune session distincte";"1";"VALIDATED";"";"MODIFIÉ_VOLONTAIREMENT";"";"CTA_CYCLE_VALIDE";"NON";"Cycle hebdomadaire CTA validé, distinct des événements ordinaires"
"2027";"CTA-PERM-2027-04-30";"";"Permanence";"DPS";"DPS";"Permanence";"";"DPS:C1";"";"2027-04-30";"Vendredi";"18:00";"06:00";"";"Chef site";"Aucune session distincte";"1";"VALIDATED";"";"MODIFIÉ_VOLONTAIREMENT";"";"CTA_CYCLE_VALIDE";"NON";"Cycle hebdomadaire CTA validé, distinct des événements ordinaires"
"2027";"CTA-PERM-2027-04-30";"";"Permanence";"DPS";"DPS";"Permanence";"";"DPS:B1";"";"2027-04-30";"Vendredi";"18:00";"06:00";"";"Chef site";"Aucune session distincte";"1";"VALIDATED";"";"MODIFIÉ_VOLONTAIREMENT";"";"CTA_CYCLE_VALIDE";"NON";"Cycle hebdomadaire CTA validé, distinct des événements ordinaires"
"2027";"CTA-PERM-2027-04-30";"";"Permanence";"DPS";"DPS";"Permanence";"";"DPS:B2";"";"2027-04-30";"Vendredi";"18:00";"06:00";"";"Chef site";"Aucune session distincte";"1";"VALIDATED";"";"MODIFIÉ_VOLONTAIREMENT";"";"CTA_CYCLE_VALIDE";"NON";"Cycle hebdomadaire CTA validé, distinct des événements ordinaires"
"2027";"CTA-PERM-2027-05-07";"";"Permanence";"DPS";"DPS";"Permanence";"";"DPS:G1";"";"2027-05-07";"Vendredi";"18:00";"06:00";"";"Chef site";"Aucune session distincte";"1";"VALIDATED";"";"MODIFIÉ_VOLONTAIREMENT";"PONT_ASCENSION|VACANCES_SCOLAIRES";"CTA_CYCLE_VALIDE";"NON";"Cycle hebdomadaire CTA validé, distinct des événements ordinaires"
"2027";"CTA-PERM-2027-05-07";"";"Permanence";"DPS";"DPS";"Permanence";"";"DPS:C1";"";"2027-05-07";"Vendredi";"18:00";"06:00";"";"Chef site";"Aucune session distincte";"1";"VALIDATED";"";"MODIFIÉ_VOLONTAIREMENT";"PONT_ASCENSION|VACANCES_SCOLAIRES";"CTA_CYCLE_VALIDE";"NON";"Cycle hebdomadaire CTA validé, distinct des événements ordinaires"
"2027";"CTA-PERM-2027-05-07";"";"Permanence";"DPS";"DPS";"Permanence";"";"DPS:B1";"";"2027-05-07";"Vendredi";"18:00";"06:00";"";"Chef site";"Aucune session distincte";"1";"VALIDATED";"";"MODIFIÉ_VOLONTAIREMENT";"PONT_ASCENSION|VACANCES_SCOLAIRES";"CTA_CYCLE_VALIDE";"NON";"Cycle hebdomadaire CTA validé, distinct des événements ordinaires"
"2027";"CTA-PERM-2027-05-07";"";"Permanence";"DPS";"DPS";"Permanence";"";"DPS:B2";"";"2027-05-07";"Vendredi";"18:00";"06:00";"";"Chef site";"Aucune session distincte";"1";"VALIDATED";"";"MODIFIÉ_VOLONTAIREMENT";"PONT_ASCENSION|VACANCES_SCOLAIRES";"CTA_CYCLE_VALIDE";"NON";"Cycle hebdomadaire CTA validé, distinct des événements ordinaires"
"2027";"CTA-PERM-2027-05-14";"";"Permanence";"DPS";"DPS";"Permanence";"";"DPS:G1";"";"2027-05-14";"Vendredi";"18:00";"06:00";"";"Chef site";"Aucune session distincte";"1";"VALIDATED";"";"MODIFIÉ_VOLONTAIREMENT";"";"HUMAN_REVIEW_CALENDAR:CTA_FENETRE_FERIEE";"OUI";"Cycle hebdomadaire CTA validé, distinct des événements ordinaires"
"2027";"CTA-PERM-2027-05-14";"";"Permanence";"DPS";"DPS";"Permanence";"";"DPS:C1";"";"2027-05-14";"Vendredi";"18:00";"06:00";"";"Chef site";"Aucune session distincte";"1";"VALIDATED";"";"MODIFIÉ_VOLONTAIREMENT";"";"HUMAN_REVIEW_CALENDAR:CTA_FENETRE_FERIEE";"OUI";"Cycle hebdomadaire CTA validé, distinct des événements ordinaires"
"2027";"CTA-PERM-2027-05-14";"";"Permanence";"DPS";"DPS";"Permanence";"";"DPS:B1";"";"2027-05-14";"Vendredi";"18:00";"06:00";"";"Chef site";"Aucune session distincte";"1";"VALIDATED";"";"MODIFIÉ_VOLONTAIREMENT";"";"HUMAN_REVIEW_CALENDAR:CTA_FENETRE_FERIEE";"OUI";"Cycle hebdomadaire CTA validé, distinct des événements ordinaires"
"2027";"CTA-PERM-2027-05-14";"";"Permanence";"DPS";"DPS";"Permanence";"";"DPS:B2";"";"2027-05-14";"Vendredi";"18:00";"06:00";"";"Chef site";"Aucune session distincte";"1";"VALIDATED";"";"MODIFIÉ_VOLONTAIREMENT";"";"HUMAN_REVIEW_CALENDAR:CTA_FENETRE_FERIEE";"OUI";"Cycle hebdomadaire CTA validé, distinct des événements ordinaires"
"2027";"CTA-PERM-2027-05-21";"";"Permanence";"DPS";"DPS";"Permanence";"";"DPS:G1";"";"2027-05-21";"Vendredi";"18:00";"06:00";"";"Chef site";"Aucune session distincte";"1";"VALIDATED";"";"MODIFIÉ_VOLONTAIREMENT";"";"CTA_CYCLE_VALIDE";"NON";"Cycle hebdomadaire CTA validé, distinct des événements ordinaires"
"2027";"CTA-PERM-2027-05-21";"";"Permanence";"DPS";"DPS";"Permanence";"";"DPS:C1";"";"2027-05-21";"Vendredi";"18:00";"06:00";"";"Chef site";"Aucune session distincte";"1";"VALIDATED";"";"MODIFIÉ_VOLONTAIREMENT";"";"CTA_CYCLE_VALIDE";"NON";"Cycle hebdomadaire CTA validé, distinct des événements ordinaires"
"2027";"CTA-PERM-2027-05-21";"";"Permanence";"DPS";"DPS";"Permanence";"";"DPS:B1";"";"2027-05-21";"Vendredi";"18:00";"06:00";"";"Chef site";"Aucune session distincte";"1";"VALIDATED";"";"MODIFIÉ_VOLONTAIREMENT";"";"CTA_CYCLE_VALIDE";"NON";"Cycle hebdomadaire CTA validé, distinct des événements ordinaires"
"2027";"CTA-PERM-2027-05-21";"";"Permanence";"DPS";"DPS";"Permanence";"";"DPS:B2";"";"2027-05-21";"Vendredi";"18:00";"06:00";"";"Chef site";"Aucune session distincte";"1";"VALIDATED";"";"MODIFIÉ_VOLONTAIREMENT";"";"CTA_CYCLE_VALIDE";"NON";"Cycle hebdomadaire CTA validé, distinct des événements ordinaires"
"2027";"CTA-PERM-2027-05-28";"";"Permanence";"DPS";"DPS";"Permanence";"";"DPS:G1";"";"2027-05-28";"Vendredi";"18:00";"06:00";"";"Chef site";"Aucune session distincte";"1";"VALIDATED";"";"MODIFIÉ_VOLONTAIREMENT";"";"CTA_CYCLE_VALIDE";"NON";"Cycle hebdomadaire CTA validé, distinct des événements ordinaires"
"2027";"CTA-PERM-2027-05-28";"";"Permanence";"DPS";"DPS";"Permanence";"";"DPS:C1";"";"2027-05-28";"Vendredi";"18:00";"06:00";"";"Chef site";"Aucune session distincte";"1";"VALIDATED";"";"MODIFIÉ_VOLONTAIREMENT";"";"CTA_CYCLE_VALIDE";"NON";"Cycle hebdomadaire CTA validé, distinct des événements ordinaires"
"2027";"CTA-PERM-2027-05-28";"";"Permanence";"DPS";"DPS";"Permanence";"";"DPS:B1";"";"2027-05-28";"Vendredi";"18:00";"06:00";"";"Chef site";"Aucune session distincte";"1";"VALIDATED";"";"MODIFIÉ_VOLONTAIREMENT";"";"CTA_CYCLE_VALIDE";"NON";"Cycle hebdomadaire CTA validé, distinct des événements ordinaires"
"2027";"CTA-PERM-2027-05-28";"";"Permanence";"DPS";"DPS";"Permanence";"";"DPS:B2";"";"2027-05-28";"Vendredi";"18:00";"06:00";"";"Chef site";"Aucune session distincte";"1";"VALIDATED";"";"MODIFIÉ_VOLONTAIREMENT";"";"CTA_CYCLE_VALIDE";"NON";"Cycle hebdomadaire CTA validé, distinct des événements ordinaires"
"2027";"CTA-PERM-2027-06-04";"";"Permanence";"DPS";"DPS";"Permanence";"";"DPS:G1";"";"2027-06-04";"Vendredi";"18:00";"06:00";"";"Chef site";"Aucune session distincte";"1";"VALIDATED";"";"MODIFIÉ_VOLONTAIREMENT";"";"CTA_CYCLE_VALIDE";"NON";"Cycle hebdomadaire CTA validé, distinct des événements ordinaires"
"2027";"CTA-PERM-2027-06-04";"";"Permanence";"DPS";"DPS";"Permanence";"";"DPS:C1";"";"2027-06-04";"Vendredi";"18:00";"06:00";"";"Chef site";"Aucune session distincte";"1";"VALIDATED";"";"MODIFIÉ_VOLONTAIREMENT";"";"CTA_CYCLE_VALIDE";"NON";"Cycle hebdomadaire CTA validé, distinct des événements ordinaires"
"2027";"CTA-PERM-2027-06-04";"";"Permanence";"DPS";"DPS";"Permanence";"";"DPS:B1";"";"2027-06-04";"Vendredi";"18:00";"06:00";"";"Chef site";"Aucune session distincte";"1";"VALIDATED";"";"MODIFIÉ_VOLONTAIREMENT";"";"CTA_CYCLE_VALIDE";"NON";"Cycle hebdomadaire CTA validé, distinct des événements ordinaires"
"2027";"CTA-PERM-2027-06-04";"";"Permanence";"DPS";"DPS";"Permanence";"";"DPS:B2";"";"2027-06-04";"Vendredi";"18:00";"06:00";"";"Chef site";"Aucune session distincte";"1";"VALIDATED";"";"MODIFIÉ_VOLONTAIREMENT";"";"CTA_CYCLE_VALIDE";"NON";"Cycle hebdomadaire CTA validé, distinct des événements ordinaires"
"2027";"CTA-PERM-2027-06-11";"";"Permanence";"DPS";"DPS";"Permanence";"";"DPS:G1";"";"2027-06-11";"Vendredi";"18:00";"06:00";"";"Chef site";"Aucune session distincte";"1";"VALIDATED";"";"MODIFIÉ_VOLONTAIREMENT";"";"CTA_CYCLE_VALIDE";"NON";"Cycle hebdomadaire CTA validé, distinct des événements ordinaires"
"2027";"CTA-PERM-2027-06-11";"";"Permanence";"DPS";"DPS";"Permanence";"";"DPS:C1";"";"2027-06-11";"Vendredi";"18:00";"06:00";"";"Chef site";"Aucune session distincte";"1";"VALIDATED";"";"MODIFIÉ_VOLONTAIREMENT";"";"CTA_CYCLE_VALIDE";"NON";"Cycle hebdomadaire CTA validé, distinct des événements ordinaires"
"2027";"CTA-PERM-2027-06-11";"";"Permanence";"DPS";"DPS";"Permanence";"";"DPS:B1";"";"2027-06-11";"Vendredi";"18:00";"06:00";"";"Chef site";"Aucune session distincte";"1";"VALIDATED";"";"MODIFIÉ_VOLONTAIREMENT";"";"CTA_CYCLE_VALIDE";"NON";"Cycle hebdomadaire CTA validé, distinct des événements ordinaires"
"2027";"CTA-PERM-2027-06-11";"";"Permanence";"DPS";"DPS";"Permanence";"";"DPS:B2";"";"2027-06-11";"Vendredi";"18:00";"06:00";"";"Chef site";"Aucune session distincte";"1";"VALIDATED";"";"MODIFIÉ_VOLONTAIREMENT";"";"CTA_CYCLE_VALIDE";"NON";"Cycle hebdomadaire CTA validé, distinct des événements ordinaires"
"2027";"CTA-PERM-2027-06-18";"";"Permanence";"DPS";"DPS";"Permanence";"";"DPS:G1";"";"2027-06-18";"Vendredi";"18:00";"06:00";"";"Chef site";"Aucune session distincte";"1";"VALIDATED";"";"MODIFIÉ_VOLONTAIREMENT";"";"CTA_CYCLE_VALIDE";"NON";"Cycle hebdomadaire CTA validé, distinct des événements ordinaires"
"2027";"CTA-PERM-2027-06-18";"";"Permanence";"DPS";"DPS";"Permanence";"";"DPS:C1";"";"2027-06-18";"Vendredi";"18:00";"06:00";"";"Chef site";"Aucune session distincte";"1";"VALIDATED";"";"MODIFIÉ_VOLONTAIREMENT";"";"CTA_CYCLE_VALIDE";"NON";"Cycle hebdomadaire CTA validé, distinct des événements ordinaires"
"2027";"CTA-PERM-2027-06-18";"";"Permanence";"DPS";"DPS";"Permanence";"";"DPS:B1";"";"2027-06-18";"Vendredi";"18:00";"06:00";"";"Chef site";"Aucune session distincte";"1";"VALIDATED";"";"MODIFIÉ_VOLONTAIREMENT";"";"CTA_CYCLE_VALIDE";"NON";"Cycle hebdomadaire CTA validé, distinct des événements ordinaires"
"2027";"CTA-PERM-2027-06-18";"";"Permanence";"DPS";"DPS";"Permanence";"";"DPS:B2";"";"2027-06-18";"Vendredi";"18:00";"06:00";"";"Chef site";"Aucune session distincte";"1";"VALIDATED";"";"MODIFIÉ_VOLONTAIREMENT";"";"CTA_CYCLE_VALIDE";"NON";"Cycle hebdomadaire CTA validé, distinct des événements ordinaires"
"2027";"CTA-PERM-2027-06-25";"";"Permanence";"DPS";"DPS";"Permanence";"";"DPS:G1";"";"2027-06-25";"Vendredi";"18:00";"06:00";"";"Chef site";"Aucune session distincte";"1";"VALIDATED";"";"MODIFIÉ_VOLONTAIREMENT";"";"CTA_CYCLE_VALIDE";"NON";"Cycle hebdomadaire CTA validé, distinct des événements ordinaires"
"2027";"CTA-PERM-2027-06-25";"";"Permanence";"DPS";"DPS";"Permanence";"";"DPS:C1";"";"2027-06-25";"Vendredi";"18:00";"06:00";"";"Chef site";"Aucune session distincte";"1";"VALIDATED";"";"MODIFIÉ_VOLONTAIREMENT";"";"CTA_CYCLE_VALIDE";"NON";"Cycle hebdomadaire CTA validé, distinct des événements ordinaires"
"2027";"CTA-PERM-2027-06-25";"";"Permanence";"DPS";"DPS";"Permanence";"";"DPS:B1";"";"2027-06-25";"Vendredi";"18:00";"06:00";"";"Chef site";"Aucune session distincte";"1";"VALIDATED";"";"MODIFIÉ_VOLONTAIREMENT";"";"CTA_CYCLE_VALIDE";"NON";"Cycle hebdomadaire CTA validé, distinct des événements ordinaires"
"2027";"CTA-PERM-2027-06-25";"";"Permanence";"DPS";"DPS";"Permanence";"";"DPS:B2";"";"2027-06-25";"Vendredi";"18:00";"06:00";"";"Chef site";"Aucune session distincte";"1";"VALIDATED";"";"MODIFIÉ_VOLONTAIREMENT";"";"CTA_CYCLE_VALIDE";"NON";"Cycle hebdomadaire CTA validé, distinct des événements ordinaires"
"2027";"CTA-PERM-2027-07-02";"";"Permanence";"DPS";"DPS";"Permanence";"";"DPS:G1";"";"2027-07-02";"Vendredi";"18:00";"06:00";"";"Chef site";"Aucune session distincte";"1";"VALIDATED";"";"MODIFIÉ_VOLONTAIREMENT";"";"CTA_CYCLE_VALIDE";"NON";"Cycle hebdomadaire CTA validé, distinct des événements ordinaires"
"2027";"CTA-PERM-2027-07-02";"";"Permanence";"DPS";"DPS";"Permanence";"";"DPS:C1";"";"2027-07-02";"Vendredi";"18:00";"06:00";"";"Chef site";"Aucune session distincte";"1";"VALIDATED";"";"MODIFIÉ_VOLONTAIREMENT";"";"CTA_CYCLE_VALIDE";"NON";"Cycle hebdomadaire CTA validé, distinct des événements ordinaires"
"2027";"CTA-PERM-2027-07-02";"";"Permanence";"DPS";"DPS";"Permanence";"";"DPS:B1";"";"2027-07-02";"Vendredi";"18:00";"06:00";"";"Chef site";"Aucune session distincte";"1";"VALIDATED";"";"MODIFIÉ_VOLONTAIREMENT";"";"CTA_CYCLE_VALIDE";"NON";"Cycle hebdomadaire CTA validé, distinct des événements ordinaires"
"2027";"CTA-PERM-2027-07-02";"";"Permanence";"DPS";"DPS";"Permanence";"";"DPS:B2";"";"2027-07-02";"Vendredi";"18:00";"06:00";"";"Chef site";"Aucune session distincte";"1";"VALIDATED";"";"MODIFIÉ_VOLONTAIREMENT";"";"CTA_CYCLE_VALIDE";"NON";"Cycle hebdomadaire CTA validé, distinct des événements ordinaires"
"2027";"CTA-PERM-2027-07-09";"";"Permanence";"DPS";"DPS";"Permanence";"";"DPS:G1";"";"2027-07-09";"Vendredi";"18:00";"06:00";"";"Chef site";"Aucune session distincte";"1";"VALIDATED";"";"MODIFIÉ_VOLONTAIREMENT";"VACANCES_SCOLAIRES";"CTA_CYCLE_VALIDE";"NON";"Cycle hebdomadaire CTA validé, distinct des événements ordinaires"
"2027";"CTA-PERM-2027-07-09";"";"Permanence";"DPS";"DPS";"Permanence";"";"DPS:C1";"";"2027-07-09";"Vendredi";"18:00";"06:00";"";"Chef site";"Aucune session distincte";"1";"VALIDATED";"";"MODIFIÉ_VOLONTAIREMENT";"VACANCES_SCOLAIRES";"CTA_CYCLE_VALIDE";"NON";"Cycle hebdomadaire CTA validé, distinct des événements ordinaires"
"2027";"CTA-PERM-2027-07-09";"";"Permanence";"DPS";"DPS";"Permanence";"";"DPS:B1";"";"2027-07-09";"Vendredi";"18:00";"06:00";"";"Chef site";"Aucune session distincte";"1";"VALIDATED";"";"MODIFIÉ_VOLONTAIREMENT";"VACANCES_SCOLAIRES";"CTA_CYCLE_VALIDE";"NON";"Cycle hebdomadaire CTA validé, distinct des événements ordinaires"
"2027";"CTA-PERM-2027-07-09";"";"Permanence";"DPS";"DPS";"Permanence";"";"DPS:B2";"";"2027-07-09";"Vendredi";"18:00";"06:00";"";"Chef site";"Aucune session distincte";"1";"VALIDATED";"";"MODIFIÉ_VOLONTAIREMENT";"VACANCES_SCOLAIRES";"CTA_CYCLE_VALIDE";"NON";"Cycle hebdomadaire CTA validé, distinct des événements ordinaires"
"2027";"CTA-PERM-2027-07-16";"";"Permanence";"DPS";"DPS";"Permanence";"";"DPS:G1";"";"2027-07-16";"Vendredi";"18:00";"06:00";"";"Chef site";"Aucune session distincte";"1";"VALIDATED";"";"MODIFIÉ_VOLONTAIREMENT";"VACANCES_SCOLAIRES";"CTA_CYCLE_VALIDE";"NON";"Cycle hebdomadaire CTA validé, distinct des événements ordinaires"
"2027";"CTA-PERM-2027-07-16";"";"Permanence";"DPS";"DPS";"Permanence";"";"DPS:C1";"";"2027-07-16";"Vendredi";"18:00";"06:00";"";"Chef site";"Aucune session distincte";"1";"VALIDATED";"";"MODIFIÉ_VOLONTAIREMENT";"VACANCES_SCOLAIRES";"CTA_CYCLE_VALIDE";"NON";"Cycle hebdomadaire CTA validé, distinct des événements ordinaires"
"2027";"CTA-PERM-2027-07-16";"";"Permanence";"DPS";"DPS";"Permanence";"";"DPS:B1";"";"2027-07-16";"Vendredi";"18:00";"06:00";"";"Chef site";"Aucune session distincte";"1";"VALIDATED";"";"MODIFIÉ_VOLONTAIREMENT";"VACANCES_SCOLAIRES";"CTA_CYCLE_VALIDE";"NON";"Cycle hebdomadaire CTA validé, distinct des événements ordinaires"
"2027";"CTA-PERM-2027-07-16";"";"Permanence";"DPS";"DPS";"Permanence";"";"DPS:B2";"";"2027-07-16";"Vendredi";"18:00";"06:00";"";"Chef site";"Aucune session distincte";"1";"VALIDATED";"";"MODIFIÉ_VOLONTAIREMENT";"VACANCES_SCOLAIRES";"CTA_CYCLE_VALIDE";"NON";"Cycle hebdomadaire CTA validé, distinct des événements ordinaires"
"2027";"CTA-PERM-2027-07-23";"";"Permanence";"DPS";"DPS";"Permanence";"";"DPS:G1";"";"2027-07-23";"Vendredi";"18:00";"06:00";"";"Chef site";"Aucune session distincte";"1";"VALIDATED";"";"MODIFIÉ_VOLONTAIREMENT";"VACANCES_SCOLAIRES";"CTA_CYCLE_VALIDE";"NON";"Cycle hebdomadaire CTA validé, distinct des événements ordinaires"
"2027";"CTA-PERM-2027-07-23";"";"Permanence";"DPS";"DPS";"Permanence";"";"DPS:C1";"";"2027-07-23";"Vendredi";"18:00";"06:00";"";"Chef site";"Aucune session distincte";"1";"VALIDATED";"";"MODIFIÉ_VOLONTAIREMENT";"VACANCES_SCOLAIRES";"CTA_CYCLE_VALIDE";"NON";"Cycle hebdomadaire CTA validé, distinct des événements ordinaires"
"2027";"CTA-PERM-2027-07-23";"";"Permanence";"DPS";"DPS";"Permanence";"";"DPS:B1";"";"2027-07-23";"Vendredi";"18:00";"06:00";"";"Chef site";"Aucune session distincte";"1";"VALIDATED";"";"MODIFIÉ_VOLONTAIREMENT";"VACANCES_SCOLAIRES";"CTA_CYCLE_VALIDE";"NON";"Cycle hebdomadaire CTA validé, distinct des événements ordinaires"
"2027";"CTA-PERM-2027-07-23";"";"Permanence";"DPS";"DPS";"Permanence";"";"DPS:B2";"";"2027-07-23";"Vendredi";"18:00";"06:00";"";"Chef site";"Aucune session distincte";"1";"VALIDATED";"";"MODIFIÉ_VOLONTAIREMENT";"VACANCES_SCOLAIRES";"CTA_CYCLE_VALIDE";"NON";"Cycle hebdomadaire CTA validé, distinct des événements ordinaires"
"2027";"CTA-PERM-2027-07-30";"";"Permanence";"DPS";"DPS";"Permanence";"";"DPS:G1";"";"2027-07-30";"Vendredi";"18:00";"06:00";"";"Chef site";"Aucune session distincte";"1";"VALIDATED";"";"MODIFIÉ_VOLONTAIREMENT";"VACANCES_SCOLAIRES";"HUMAN_REVIEW_CALENDAR:CTA_FENETRE_FERIEE";"OUI";"Cycle hebdomadaire CTA validé, distinct des événements ordinaires"
"2027";"CTA-PERM-2027-07-30";"";"Permanence";"DPS";"DPS";"Permanence";"";"DPS:C1";"";"2027-07-30";"Vendredi";"18:00";"06:00";"";"Chef site";"Aucune session distincte";"1";"VALIDATED";"";"MODIFIÉ_VOLONTAIREMENT";"VACANCES_SCOLAIRES";"HUMAN_REVIEW_CALENDAR:CTA_FENETRE_FERIEE";"OUI";"Cycle hebdomadaire CTA validé, distinct des événements ordinaires"
"2027";"CTA-PERM-2027-07-30";"";"Permanence";"DPS";"DPS";"Permanence";"";"DPS:B1";"";"2027-07-30";"Vendredi";"18:00";"06:00";"";"Chef site";"Aucune session distincte";"1";"VALIDATED";"";"MODIFIÉ_VOLONTAIREMENT";"VACANCES_SCOLAIRES";"HUMAN_REVIEW_CALENDAR:CTA_FENETRE_FERIEE";"OUI";"Cycle hebdomadaire CTA validé, distinct des événements ordinaires"
"2027";"CTA-PERM-2027-07-30";"";"Permanence";"DPS";"DPS";"Permanence";"";"DPS:B2";"";"2027-07-30";"Vendredi";"18:00";"06:00";"";"Chef site";"Aucune session distincte";"1";"VALIDATED";"";"MODIFIÉ_VOLONTAIREMENT";"VACANCES_SCOLAIRES";"HUMAN_REVIEW_CALENDAR:CTA_FENETRE_FERIEE";"OUI";"Cycle hebdomadaire CTA validé, distinct des événements ordinaires"
"2027";"CTA-PERM-2027-08-06";"";"Permanence";"DPS";"DPS";"Permanence";"";"DPS:G1";"";"2027-08-06";"Vendredi";"18:00";"06:00";"";"Chef site";"Aucune session distincte";"1";"VALIDATED";"";"MODIFIÉ_VOLONTAIREMENT";"VACANCES_SCOLAIRES";"CTA_CYCLE_VALIDE";"NON";"Cycle hebdomadaire CTA validé, distinct des événements ordinaires"
"2027";"CTA-PERM-2027-08-06";"";"Permanence";"DPS";"DPS";"Permanence";"";"DPS:C1";"";"2027-08-06";"Vendredi";"18:00";"06:00";"";"Chef site";"Aucune session distincte";"1";"VALIDATED";"";"MODIFIÉ_VOLONTAIREMENT";"VACANCES_SCOLAIRES";"CTA_CYCLE_VALIDE";"NON";"Cycle hebdomadaire CTA validé, distinct des événements ordinaires"
"2027";"CTA-PERM-2027-08-06";"";"Permanence";"DPS";"DPS";"Permanence";"";"DPS:B1";"";"2027-08-06";"Vendredi";"18:00";"06:00";"";"Chef site";"Aucune session distincte";"1";"VALIDATED";"";"MODIFIÉ_VOLONTAIREMENT";"VACANCES_SCOLAIRES";"CTA_CYCLE_VALIDE";"NON";"Cycle hebdomadaire CTA validé, distinct des événements ordinaires"
"2027";"CTA-PERM-2027-08-06";"";"Permanence";"DPS";"DPS";"Permanence";"";"DPS:B2";"";"2027-08-06";"Vendredi";"18:00";"06:00";"";"Chef site";"Aucune session distincte";"1";"VALIDATED";"";"MODIFIÉ_VOLONTAIREMENT";"VACANCES_SCOLAIRES";"CTA_CYCLE_VALIDE";"NON";"Cycle hebdomadaire CTA validé, distinct des événements ordinaires"
"2027";"CTA-PERM-2027-08-13";"";"Permanence";"DPS";"DPS";"Permanence";"";"DPS:G1";"";"2027-08-13";"Vendredi";"18:00";"06:00";"";"Chef site";"Aucune session distincte";"1";"VALIDATED";"";"MODIFIÉ_VOLONTAIREMENT";"VACANCES_SCOLAIRES";"CTA_CYCLE_VALIDE";"NON";"Cycle hebdomadaire CTA validé, distinct des événements ordinaires"
"2027";"CTA-PERM-2027-08-13";"";"Permanence";"DPS";"DPS";"Permanence";"";"DPS:C1";"";"2027-08-13";"Vendredi";"18:00";"06:00";"";"Chef site";"Aucune session distincte";"1";"VALIDATED";"";"MODIFIÉ_VOLONTAIREMENT";"VACANCES_SCOLAIRES";"CTA_CYCLE_VALIDE";"NON";"Cycle hebdomadaire CTA validé, distinct des événements ordinaires"
"2027";"CTA-PERM-2027-08-13";"";"Permanence";"DPS";"DPS";"Permanence";"";"DPS:B1";"";"2027-08-13";"Vendredi";"18:00";"06:00";"";"Chef site";"Aucune session distincte";"1";"VALIDATED";"";"MODIFIÉ_VOLONTAIREMENT";"VACANCES_SCOLAIRES";"CTA_CYCLE_VALIDE";"NON";"Cycle hebdomadaire CTA validé, distinct des événements ordinaires"
"2027";"CTA-PERM-2027-08-13";"";"Permanence";"DPS";"DPS";"Permanence";"";"DPS:B2";"";"2027-08-13";"Vendredi";"18:00";"06:00";"";"Chef site";"Aucune session distincte";"1";"VALIDATED";"";"MODIFIÉ_VOLONTAIREMENT";"VACANCES_SCOLAIRES";"CTA_CYCLE_VALIDE";"NON";"Cycle hebdomadaire CTA validé, distinct des événements ordinaires"
"2027";"CTA-PERM-2027-08-20";"";"Permanence";"DPS";"DPS";"Permanence";"";"DPS:G1";"";"2027-08-20";"Vendredi";"18:00";"06:00";"";"Chef site";"Aucune session distincte";"1";"VALIDATED";"";"MODIFIÉ_VOLONTAIREMENT";"VACANCES_SCOLAIRES";"CTA_CYCLE_VALIDE";"NON";"Cycle hebdomadaire CTA validé, distinct des événements ordinaires"
"2027";"CTA-PERM-2027-08-20";"";"Permanence";"DPS";"DPS";"Permanence";"";"DPS:C1";"";"2027-08-20";"Vendredi";"18:00";"06:00";"";"Chef site";"Aucune session distincte";"1";"VALIDATED";"";"MODIFIÉ_VOLONTAIREMENT";"VACANCES_SCOLAIRES";"CTA_CYCLE_VALIDE";"NON";"Cycle hebdomadaire CTA validé, distinct des événements ordinaires"
"2027";"CTA-PERM-2027-08-20";"";"Permanence";"DPS";"DPS";"Permanence";"";"DPS:B1";"";"2027-08-20";"Vendredi";"18:00";"06:00";"";"Chef site";"Aucune session distincte";"1";"VALIDATED";"";"MODIFIÉ_VOLONTAIREMENT";"VACANCES_SCOLAIRES";"CTA_CYCLE_VALIDE";"NON";"Cycle hebdomadaire CTA validé, distinct des événements ordinaires"
"2027";"CTA-PERM-2027-08-20";"";"Permanence";"DPS";"DPS";"Permanence";"";"DPS:B2";"";"2027-08-20";"Vendredi";"18:00";"06:00";"";"Chef site";"Aucune session distincte";"1";"VALIDATED";"";"MODIFIÉ_VOLONTAIREMENT";"VACANCES_SCOLAIRES";"CTA_CYCLE_VALIDE";"NON";"Cycle hebdomadaire CTA validé, distinct des événements ordinaires"
"2027";"CTA-PERM-2027-08-27";"";"Permanence";"DPS";"DPS";"Permanence";"";"DPS:G1";"";"2027-08-27";"Vendredi";"18:00";"06:00";"";"Chef site";"Aucune session distincte";"1";"VALIDATED";"";"MODIFIÉ_VOLONTAIREMENT";"";"CTA_CYCLE_VALIDE";"NON";"Cycle hebdomadaire CTA validé, distinct des événements ordinaires"
"2027";"CTA-PERM-2027-08-27";"";"Permanence";"DPS";"DPS";"Permanence";"";"DPS:C1";"";"2027-08-27";"Vendredi";"18:00";"06:00";"";"Chef site";"Aucune session distincte";"1";"VALIDATED";"";"MODIFIÉ_VOLONTAIREMENT";"";"CTA_CYCLE_VALIDE";"NON";"Cycle hebdomadaire CTA validé, distinct des événements ordinaires"
"2027";"CTA-PERM-2027-08-27";"";"Permanence";"DPS";"DPS";"Permanence";"";"DPS:B1";"";"2027-08-27";"Vendredi";"18:00";"06:00";"";"Chef site";"Aucune session distincte";"1";"VALIDATED";"";"MODIFIÉ_VOLONTAIREMENT";"";"CTA_CYCLE_VALIDE";"NON";"Cycle hebdomadaire CTA validé, distinct des événements ordinaires"
"2027";"CTA-PERM-2027-08-27";"";"Permanence";"DPS";"DPS";"Permanence";"";"DPS:B2";"";"2027-08-27";"Vendredi";"18:00";"06:00";"";"Chef site";"Aucune session distincte";"1";"VALIDATED";"";"MODIFIÉ_VOLONTAIREMENT";"";"CTA_CYCLE_VALIDE";"NON";"Cycle hebdomadaire CTA validé, distinct des événements ordinaires"
"2027";"CTA-PERM-2027-09-03";"";"Permanence";"DPS";"DPS";"Permanence";"";"DPS:G1";"";"2027-09-03";"Vendredi";"18:00";"06:00";"";"Chef site";"Aucune session distincte";"1";"VALIDATED";"";"MODIFIÉ_VOLONTAIREMENT";"";"CTA_CYCLE_VALIDE";"NON";"Cycle hebdomadaire CTA validé, distinct des événements ordinaires"
"2027";"CTA-PERM-2027-09-03";"";"Permanence";"DPS";"DPS";"Permanence";"";"DPS:C1";"";"2027-09-03";"Vendredi";"18:00";"06:00";"";"Chef site";"Aucune session distincte";"1";"VALIDATED";"";"MODIFIÉ_VOLONTAIREMENT";"";"CTA_CYCLE_VALIDE";"NON";"Cycle hebdomadaire CTA validé, distinct des événements ordinaires"
"2027";"CTA-PERM-2027-09-03";"";"Permanence";"DPS";"DPS";"Permanence";"";"DPS:B1";"";"2027-09-03";"Vendredi";"18:00";"06:00";"";"Chef site";"Aucune session distincte";"1";"VALIDATED";"";"MODIFIÉ_VOLONTAIREMENT";"";"CTA_CYCLE_VALIDE";"NON";"Cycle hebdomadaire CTA validé, distinct des événements ordinaires"
"2027";"CTA-PERM-2027-09-03";"";"Permanence";"DPS";"DPS";"Permanence";"";"DPS:B2";"";"2027-09-03";"Vendredi";"18:00";"06:00";"";"Chef site";"Aucune session distincte";"1";"VALIDATED";"";"MODIFIÉ_VOLONTAIREMENT";"";"CTA_CYCLE_VALIDE";"NON";"Cycle hebdomadaire CTA validé, distinct des événements ordinaires"
"2027";"CTA-PERM-2027-09-10";"";"Permanence";"DPS";"DPS";"Permanence";"";"DPS:G1";"";"2027-09-10";"Vendredi";"18:00";"06:00";"";"Chef site";"Aucune session distincte";"1";"VALIDATED";"";"MODIFIÉ_VOLONTAIREMENT";"";"CTA_CYCLE_VALIDE";"NON";"Cycle hebdomadaire CTA validé, distinct des événements ordinaires"
"2027";"CTA-PERM-2027-09-10";"";"Permanence";"DPS";"DPS";"Permanence";"";"DPS:C1";"";"2027-09-10";"Vendredi";"18:00";"06:00";"";"Chef site";"Aucune session distincte";"1";"VALIDATED";"";"MODIFIÉ_VOLONTAIREMENT";"";"CTA_CYCLE_VALIDE";"NON";"Cycle hebdomadaire CTA validé, distinct des événements ordinaires"
"2027";"CTA-PERM-2027-09-10";"";"Permanence";"DPS";"DPS";"Permanence";"";"DPS:B1";"";"2027-09-10";"Vendredi";"18:00";"06:00";"";"Chef site";"Aucune session distincte";"1";"VALIDATED";"";"MODIFIÉ_VOLONTAIREMENT";"";"CTA_CYCLE_VALIDE";"NON";"Cycle hebdomadaire CTA validé, distinct des événements ordinaires"
"2027";"CTA-PERM-2027-09-10";"";"Permanence";"DPS";"DPS";"Permanence";"";"DPS:B2";"";"2027-09-10";"Vendredi";"18:00";"06:00";"";"Chef site";"Aucune session distincte";"1";"VALIDATED";"";"MODIFIÉ_VOLONTAIREMENT";"";"CTA_CYCLE_VALIDE";"NON";"Cycle hebdomadaire CTA validé, distinct des événements ordinaires"
"2027";"CTA-PERM-2027-09-17";"";"Permanence";"DPS";"DPS";"Permanence";"";"DPS:G1";"";"2027-09-17";"Vendredi";"18:00";"06:00";"";"Chef site";"Aucune session distincte";"1";"VALIDATED";"";"MODIFIÉ_VOLONTAIREMENT";"";"HUMAN_REVIEW_CALENDAR:CTA_FENETRE_FERIEE";"OUI";"Cycle hebdomadaire CTA validé, distinct des événements ordinaires"
"2027";"CTA-PERM-2027-09-17";"";"Permanence";"DPS";"DPS";"Permanence";"";"DPS:C1";"";"2027-09-17";"Vendredi";"18:00";"06:00";"";"Chef site";"Aucune session distincte";"1";"VALIDATED";"";"MODIFIÉ_VOLONTAIREMENT";"";"HUMAN_REVIEW_CALENDAR:CTA_FENETRE_FERIEE";"OUI";"Cycle hebdomadaire CTA validé, distinct des événements ordinaires"
"2027";"CTA-PERM-2027-09-17";"";"Permanence";"DPS";"DPS";"Permanence";"";"DPS:B1";"";"2027-09-17";"Vendredi";"18:00";"06:00";"";"Chef site";"Aucune session distincte";"1";"VALIDATED";"";"MODIFIÉ_VOLONTAIREMENT";"";"HUMAN_REVIEW_CALENDAR:CTA_FENETRE_FERIEE";"OUI";"Cycle hebdomadaire CTA validé, distinct des événements ordinaires"
"2027";"CTA-PERM-2027-09-17";"";"Permanence";"DPS";"DPS";"Permanence";"";"DPS:B2";"";"2027-09-17";"Vendredi";"18:00";"06:00";"";"Chef site";"Aucune session distincte";"1";"VALIDATED";"";"MODIFIÉ_VOLONTAIREMENT";"";"HUMAN_REVIEW_CALENDAR:CTA_FENETRE_FERIEE";"OUI";"Cycle hebdomadaire CTA validé, distinct des événements ordinaires"
"2027";"CTA-PERM-2027-09-24";"";"Permanence";"DPS";"DPS";"Permanence";"";"DPS:G1";"";"2027-09-24";"Vendredi";"18:00";"06:00";"";"Chef site";"Aucune session distincte";"1";"VALIDATED";"";"MODIFIÉ_VOLONTAIREMENT";"";"CTA_CYCLE_VALIDE";"NON";"Cycle hebdomadaire CTA validé, distinct des événements ordinaires"
"2027";"CTA-PERM-2027-09-24";"";"Permanence";"DPS";"DPS";"Permanence";"";"DPS:C1";"";"2027-09-24";"Vendredi";"18:00";"06:00";"";"Chef site";"Aucune session distincte";"1";"VALIDATED";"";"MODIFIÉ_VOLONTAIREMENT";"";"CTA_CYCLE_VALIDE";"NON";"Cycle hebdomadaire CTA validé, distinct des événements ordinaires"
"2027";"CTA-PERM-2027-09-24";"";"Permanence";"DPS";"DPS";"Permanence";"";"DPS:B1";"";"2027-09-24";"Vendredi";"18:00";"06:00";"";"Chef site";"Aucune session distincte";"1";"VALIDATED";"";"MODIFIÉ_VOLONTAIREMENT";"";"CTA_CYCLE_VALIDE";"NON";"Cycle hebdomadaire CTA validé, distinct des événements ordinaires"
"2027";"CTA-PERM-2027-09-24";"";"Permanence";"DPS";"DPS";"Permanence";"";"DPS:B2";"";"2027-09-24";"Vendredi";"18:00";"06:00";"";"Chef site";"Aucune session distincte";"1";"VALIDATED";"";"MODIFIÉ_VOLONTAIREMENT";"";"CTA_CYCLE_VALIDE";"NON";"Cycle hebdomadaire CTA validé, distinct des événements ordinaires"
"2027";"CTA-PERM-2027-10-01";"";"Permanence";"DPS";"DPS";"Permanence";"";"DPS:G1";"";"2027-10-01";"Vendredi";"18:00";"06:00";"";"Chef site";"Aucune session distincte";"1";"VALIDATED";"";"MODIFIÉ_VOLONTAIREMENT";"";"CTA_CYCLE_VALIDE";"NON";"Cycle hebdomadaire CTA validé, distinct des événements ordinaires"
"2027";"CTA-PERM-2027-10-01";"";"Permanence";"DPS";"DPS";"Permanence";"";"DPS:C1";"";"2027-10-01";"Vendredi";"18:00";"06:00";"";"Chef site";"Aucune session distincte";"1";"VALIDATED";"";"MODIFIÉ_VOLONTAIREMENT";"";"CTA_CYCLE_VALIDE";"NON";"Cycle hebdomadaire CTA validé, distinct des événements ordinaires"
"2027";"CTA-PERM-2027-10-01";"";"Permanence";"DPS";"DPS";"Permanence";"";"DPS:B1";"";"2027-10-01";"Vendredi";"18:00";"06:00";"";"Chef site";"Aucune session distincte";"1";"VALIDATED";"";"MODIFIÉ_VOLONTAIREMENT";"";"CTA_CYCLE_VALIDE";"NON";"Cycle hebdomadaire CTA validé, distinct des événements ordinaires"
"2027";"CTA-PERM-2027-10-01";"";"Permanence";"DPS";"DPS";"Permanence";"";"DPS:B2";"";"2027-10-01";"Vendredi";"18:00";"06:00";"";"Chef site";"Aucune session distincte";"1";"VALIDATED";"";"MODIFIÉ_VOLONTAIREMENT";"";"CTA_CYCLE_VALIDE";"NON";"Cycle hebdomadaire CTA validé, distinct des événements ordinaires"
"2027";"CTA-PERM-2027-10-08";"";"Permanence";"DPS";"DPS";"Permanence";"";"DPS:G1";"";"2027-10-08";"Vendredi";"18:00";"06:00";"";"Chef site";"Aucune session distincte";"1";"VALIDATED";"";"MODIFIÉ_VOLONTAIREMENT";"";"CTA_CYCLE_VALIDE";"NON";"Cycle hebdomadaire CTA validé, distinct des événements ordinaires"
"2027";"CTA-PERM-2027-10-08";"";"Permanence";"DPS";"DPS";"Permanence";"";"DPS:C1";"";"2027-10-08";"Vendredi";"18:00";"06:00";"";"Chef site";"Aucune session distincte";"1";"VALIDATED";"";"MODIFIÉ_VOLONTAIREMENT";"";"CTA_CYCLE_VALIDE";"NON";"Cycle hebdomadaire CTA validé, distinct des événements ordinaires"
"2027";"CTA-PERM-2027-10-08";"";"Permanence";"DPS";"DPS";"Permanence";"";"DPS:B1";"";"2027-10-08";"Vendredi";"18:00";"06:00";"";"Chef site";"Aucune session distincte";"1";"VALIDATED";"";"MODIFIÉ_VOLONTAIREMENT";"";"CTA_CYCLE_VALIDE";"NON";"Cycle hebdomadaire CTA validé, distinct des événements ordinaires"
"2027";"CTA-PERM-2027-10-08";"";"Permanence";"DPS";"DPS";"Permanence";"";"DPS:B2";"";"2027-10-08";"Vendredi";"18:00";"06:00";"";"Chef site";"Aucune session distincte";"1";"VALIDATED";"";"MODIFIÉ_VOLONTAIREMENT";"";"CTA_CYCLE_VALIDE";"NON";"Cycle hebdomadaire CTA validé, distinct des événements ordinaires"
"2027";"CTA-PERM-2027-10-15";"";"Permanence";"DPS";"DPS";"Permanence";"";"DPS:G1";"";"2027-10-15";"Vendredi";"18:00";"06:00";"";"Chef site";"Aucune session distincte";"1";"VALIDATED";"";"MODIFIÉ_VOLONTAIREMENT";"VACANCES_SCOLAIRES";"CTA_CYCLE_VALIDE";"NON";"Cycle hebdomadaire CTA validé, distinct des événements ordinaires"
"2027";"CTA-PERM-2027-10-15";"";"Permanence";"DPS";"DPS";"Permanence";"";"DPS:C1";"";"2027-10-15";"Vendredi";"18:00";"06:00";"";"Chef site";"Aucune session distincte";"1";"VALIDATED";"";"MODIFIÉ_VOLONTAIREMENT";"VACANCES_SCOLAIRES";"CTA_CYCLE_VALIDE";"NON";"Cycle hebdomadaire CTA validé, distinct des événements ordinaires"
"2027";"CTA-PERM-2027-10-15";"";"Permanence";"DPS";"DPS";"Permanence";"";"DPS:B1";"";"2027-10-15";"Vendredi";"18:00";"06:00";"";"Chef site";"Aucune session distincte";"1";"VALIDATED";"";"MODIFIÉ_VOLONTAIREMENT";"VACANCES_SCOLAIRES";"CTA_CYCLE_VALIDE";"NON";"Cycle hebdomadaire CTA validé, distinct des événements ordinaires"
"2027";"CTA-PERM-2027-10-15";"";"Permanence";"DPS";"DPS";"Permanence";"";"DPS:B2";"";"2027-10-15";"Vendredi";"18:00";"06:00";"";"Chef site";"Aucune session distincte";"1";"VALIDATED";"";"MODIFIÉ_VOLONTAIREMENT";"VACANCES_SCOLAIRES";"CTA_CYCLE_VALIDE";"NON";"Cycle hebdomadaire CTA validé, distinct des événements ordinaires"
"2027";"CTA-PERM-2027-10-22";"";"Permanence";"DPS";"DPS";"Permanence";"";"DPS:G1";"";"2027-10-22";"Vendredi";"18:00";"06:00";"";"Chef site";"Aucune session distincte";"1";"VALIDATED";"";"MODIFIÉ_VOLONTAIREMENT";"VACANCES_SCOLAIRES";"CTA_CYCLE_VALIDE";"NON";"Cycle hebdomadaire CTA validé, distinct des événements ordinaires"
"2027";"CTA-PERM-2027-10-22";"";"Permanence";"DPS";"DPS";"Permanence";"";"DPS:C1";"";"2027-10-22";"Vendredi";"18:00";"06:00";"";"Chef site";"Aucune session distincte";"1";"VALIDATED";"";"MODIFIÉ_VOLONTAIREMENT";"VACANCES_SCOLAIRES";"CTA_CYCLE_VALIDE";"NON";"Cycle hebdomadaire CTA validé, distinct des événements ordinaires"
"2027";"CTA-PERM-2027-10-22";"";"Permanence";"DPS";"DPS";"Permanence";"";"DPS:B1";"";"2027-10-22";"Vendredi";"18:00";"06:00";"";"Chef site";"Aucune session distincte";"1";"VALIDATED";"";"MODIFIÉ_VOLONTAIREMENT";"VACANCES_SCOLAIRES";"CTA_CYCLE_VALIDE";"NON";"Cycle hebdomadaire CTA validé, distinct des événements ordinaires"
"2027";"CTA-PERM-2027-10-22";"";"Permanence";"DPS";"DPS";"Permanence";"";"DPS:B2";"";"2027-10-22";"Vendredi";"18:00";"06:00";"";"Chef site";"Aucune session distincte";"1";"VALIDATED";"";"MODIFIÉ_VOLONTAIREMENT";"VACANCES_SCOLAIRES";"CTA_CYCLE_VALIDE";"NON";"Cycle hebdomadaire CTA validé, distinct des événements ordinaires"
"2027";"CTA-PERM-2027-10-29";"";"Permanence";"DPS";"DPS";"Permanence";"";"DPS:G1";"";"2027-10-29";"Vendredi";"18:00";"06:00";"";"Chef site";"Aucune session distincte";"1";"VALIDATED";"";"MODIFIÉ_VOLONTAIREMENT";"";"CTA_CYCLE_VALIDE";"NON";"Cycle hebdomadaire CTA validé, distinct des événements ordinaires"
"2027";"CTA-PERM-2027-10-29";"";"Permanence";"DPS";"DPS";"Permanence";"";"DPS:C1";"";"2027-10-29";"Vendredi";"18:00";"06:00";"";"Chef site";"Aucune session distincte";"1";"VALIDATED";"";"MODIFIÉ_VOLONTAIREMENT";"";"CTA_CYCLE_VALIDE";"NON";"Cycle hebdomadaire CTA validé, distinct des événements ordinaires"
"2027";"CTA-PERM-2027-10-29";"";"Permanence";"DPS";"DPS";"Permanence";"";"DPS:B1";"";"2027-10-29";"Vendredi";"18:00";"06:00";"";"Chef site";"Aucune session distincte";"1";"VALIDATED";"";"MODIFIÉ_VOLONTAIREMENT";"";"CTA_CYCLE_VALIDE";"NON";"Cycle hebdomadaire CTA validé, distinct des événements ordinaires"
"2027";"CTA-PERM-2027-10-29";"";"Permanence";"DPS";"DPS";"Permanence";"";"DPS:B2";"";"2027-10-29";"Vendredi";"18:00";"06:00";"";"Chef site";"Aucune session distincte";"1";"VALIDATED";"";"MODIFIÉ_VOLONTAIREMENT";"";"CTA_CYCLE_VALIDE";"NON";"Cycle hebdomadaire CTA validé, distinct des événements ordinaires"
"2027";"CTA-PERM-2027-11-05";"";"Permanence";"DPS";"DPS";"Permanence";"";"DPS:G1";"";"2027-11-05";"Vendredi";"18:00";"06:00";"";"Chef site";"Aucune session distincte";"1";"VALIDATED";"";"MODIFIÉ_VOLONTAIREMENT";"";"CTA_CYCLE_VALIDE";"NON";"Cycle hebdomadaire CTA validé, distinct des événements ordinaires"
"2027";"CTA-PERM-2027-11-05";"";"Permanence";"DPS";"DPS";"Permanence";"";"DPS:C1";"";"2027-11-05";"Vendredi";"18:00";"06:00";"";"Chef site";"Aucune session distincte";"1";"VALIDATED";"";"MODIFIÉ_VOLONTAIREMENT";"";"CTA_CYCLE_VALIDE";"NON";"Cycle hebdomadaire CTA validé, distinct des événements ordinaires"
"2027";"CTA-PERM-2027-11-05";"";"Permanence";"DPS";"DPS";"Permanence";"";"DPS:B1";"";"2027-11-05";"Vendredi";"18:00";"06:00";"";"Chef site";"Aucune session distincte";"1";"VALIDATED";"";"MODIFIÉ_VOLONTAIREMENT";"";"CTA_CYCLE_VALIDE";"NON";"Cycle hebdomadaire CTA validé, distinct des événements ordinaires"
"2027";"CTA-PERM-2027-11-05";"";"Permanence";"DPS";"DPS";"Permanence";"";"DPS:B2";"";"2027-11-05";"Vendredi";"18:00";"06:00";"";"Chef site";"Aucune session distincte";"1";"VALIDATED";"";"MODIFIÉ_VOLONTAIREMENT";"";"CTA_CYCLE_VALIDE";"NON";"Cycle hebdomadaire CTA validé, distinct des événements ordinaires"
"2027";"CTA-PERM-2027-11-12";"";"Permanence";"DPS";"DPS";"Permanence";"";"DPS:G1";"";"2027-11-12";"Vendredi";"18:00";"06:00";"";"Chef site";"Aucune session distincte";"1";"VALIDATED";"";"MODIFIÉ_VOLONTAIREMENT";"";"CTA_CYCLE_VALIDE";"NON";"Cycle hebdomadaire CTA validé, distinct des événements ordinaires"
"2027";"CTA-PERM-2027-11-12";"";"Permanence";"DPS";"DPS";"Permanence";"";"DPS:C1";"";"2027-11-12";"Vendredi";"18:00";"06:00";"";"Chef site";"Aucune session distincte";"1";"VALIDATED";"";"MODIFIÉ_VOLONTAIREMENT";"";"CTA_CYCLE_VALIDE";"NON";"Cycle hebdomadaire CTA validé, distinct des événements ordinaires"
"2027";"CTA-PERM-2027-11-12";"";"Permanence";"DPS";"DPS";"Permanence";"";"DPS:B1";"";"2027-11-12";"Vendredi";"18:00";"06:00";"";"Chef site";"Aucune session distincte";"1";"VALIDATED";"";"MODIFIÉ_VOLONTAIREMENT";"";"CTA_CYCLE_VALIDE";"NON";"Cycle hebdomadaire CTA validé, distinct des événements ordinaires"
"2027";"CTA-PERM-2027-11-12";"";"Permanence";"DPS";"DPS";"Permanence";"";"DPS:B2";"";"2027-11-12";"Vendredi";"18:00";"06:00";"";"Chef site";"Aucune session distincte";"1";"VALIDATED";"";"MODIFIÉ_VOLONTAIREMENT";"";"CTA_CYCLE_VALIDE";"NON";"Cycle hebdomadaire CTA validé, distinct des événements ordinaires"
"2027";"CTA-PERM-2027-11-19";"";"Permanence";"DPS";"DPS";"Permanence";"";"DPS:G1";"";"2027-11-19";"Vendredi";"18:00";"06:00";"";"Chef site";"Aucune session distincte";"1";"VALIDATED";"";"MODIFIÉ_VOLONTAIREMENT";"";"CTA_CYCLE_VALIDE";"NON";"Cycle hebdomadaire CTA validé, distinct des événements ordinaires"
"2027";"CTA-PERM-2027-11-19";"";"Permanence";"DPS";"DPS";"Permanence";"";"DPS:C1";"";"2027-11-19";"Vendredi";"18:00";"06:00";"";"Chef site";"Aucune session distincte";"1";"VALIDATED";"";"MODIFIÉ_VOLONTAIREMENT";"";"CTA_CYCLE_VALIDE";"NON";"Cycle hebdomadaire CTA validé, distinct des événements ordinaires"
"2027";"CTA-PERM-2027-11-19";"";"Permanence";"DPS";"DPS";"Permanence";"";"DPS:B1";"";"2027-11-19";"Vendredi";"18:00";"06:00";"";"Chef site";"Aucune session distincte";"1";"VALIDATED";"";"MODIFIÉ_VOLONTAIREMENT";"";"CTA_CYCLE_VALIDE";"NON";"Cycle hebdomadaire CTA validé, distinct des événements ordinaires"
"2027";"CTA-PERM-2027-11-19";"";"Permanence";"DPS";"DPS";"Permanence";"";"DPS:B2";"";"2027-11-19";"Vendredi";"18:00";"06:00";"";"Chef site";"Aucune session distincte";"1";"VALIDATED";"";"MODIFIÉ_VOLONTAIREMENT";"";"CTA_CYCLE_VALIDE";"NON";"Cycle hebdomadaire CTA validé, distinct des événements ordinaires"
"2027";"CTA-PERM-2027-11-26";"";"Permanence";"DPS";"DPS";"Permanence";"";"DPS:G1";"";"2027-11-26";"Vendredi";"18:00";"06:00";"";"Chef site";"Aucune session distincte";"1";"VALIDATED";"";"MODIFIÉ_VOLONTAIREMENT";"";"CTA_CYCLE_VALIDE";"NON";"Cycle hebdomadaire CTA validé, distinct des événements ordinaires"
"2027";"CTA-PERM-2027-11-26";"";"Permanence";"DPS";"DPS";"Permanence";"";"DPS:C1";"";"2027-11-26";"Vendredi";"18:00";"06:00";"";"Chef site";"Aucune session distincte";"1";"VALIDATED";"";"MODIFIÉ_VOLONTAIREMENT";"";"CTA_CYCLE_VALIDE";"NON";"Cycle hebdomadaire CTA validé, distinct des événements ordinaires"
"2027";"CTA-PERM-2027-11-26";"";"Permanence";"DPS";"DPS";"Permanence";"";"DPS:B1";"";"2027-11-26";"Vendredi";"18:00";"06:00";"";"Chef site";"Aucune session distincte";"1";"VALIDATED";"";"MODIFIÉ_VOLONTAIREMENT";"";"CTA_CYCLE_VALIDE";"NON";"Cycle hebdomadaire CTA validé, distinct des événements ordinaires"
"2027";"CTA-PERM-2027-11-26";"";"Permanence";"DPS";"DPS";"Permanence";"";"DPS:B2";"";"2027-11-26";"Vendredi";"18:00";"06:00";"";"Chef site";"Aucune session distincte";"1";"VALIDATED";"";"MODIFIÉ_VOLONTAIREMENT";"";"CTA_CYCLE_VALIDE";"NON";"Cycle hebdomadaire CTA validé, distinct des événements ordinaires"
"2027";"CTA-PERM-2027-12-03";"";"Permanence";"DPS";"DPS";"Permanence";"";"DPS:G1";"";"2027-12-03";"Vendredi";"18:00";"06:00";"";"Chef site";"Aucune session distincte";"1";"VALIDATED";"";"MODIFIÉ_VOLONTAIREMENT";"";"CTA_CYCLE_VALIDE";"NON";"Cycle hebdomadaire CTA validé, distinct des événements ordinaires"
"2027";"CTA-PERM-2027-12-03";"";"Permanence";"DPS";"DPS";"Permanence";"";"DPS:C1";"";"2027-12-03";"Vendredi";"18:00";"06:00";"";"Chef site";"Aucune session distincte";"1";"VALIDATED";"";"MODIFIÉ_VOLONTAIREMENT";"";"CTA_CYCLE_VALIDE";"NON";"Cycle hebdomadaire CTA validé, distinct des événements ordinaires"
"2027";"CTA-PERM-2027-12-03";"";"Permanence";"DPS";"DPS";"Permanence";"";"DPS:B1";"";"2027-12-03";"Vendredi";"18:00";"06:00";"";"Chef site";"Aucune session distincte";"1";"VALIDATED";"";"MODIFIÉ_VOLONTAIREMENT";"";"CTA_CYCLE_VALIDE";"NON";"Cycle hebdomadaire CTA validé, distinct des événements ordinaires"
"2027";"CTA-PERM-2027-12-03";"";"Permanence";"DPS";"DPS";"Permanence";"";"DPS:B2";"";"2027-12-03";"Vendredi";"18:00";"06:00";"";"Chef site";"Aucune session distincte";"1";"VALIDATED";"";"MODIFIÉ_VOLONTAIREMENT";"";"CTA_CYCLE_VALIDE";"NON";"Cycle hebdomadaire CTA validé, distinct des événements ordinaires"
"2027";"CTA-PERM-2027-12-10";"";"Permanence";"DPS";"DPS";"Permanence";"";"DPS:G1";"";"2027-12-10";"Vendredi";"18:00";"06:00";"";"Chef site";"Aucune session distincte";"1";"VALIDATED";"";"MODIFIÉ_VOLONTAIREMENT";"";"CTA_CYCLE_VALIDE";"NON";"Cycle hebdomadaire CTA validé, distinct des événements ordinaires"
"2027";"CTA-PERM-2027-12-10";"";"Permanence";"DPS";"DPS";"Permanence";"";"DPS:C1";"";"2027-12-10";"Vendredi";"18:00";"06:00";"";"Chef site";"Aucune session distincte";"1";"VALIDATED";"";"MODIFIÉ_VOLONTAIREMENT";"";"CTA_CYCLE_VALIDE";"NON";"Cycle hebdomadaire CTA validé, distinct des événements ordinaires"
"2027";"CTA-PERM-2027-12-10";"";"Permanence";"DPS";"DPS";"Permanence";"";"DPS:B1";"";"2027-12-10";"Vendredi";"18:00";"06:00";"";"Chef site";"Aucune session distincte";"1";"VALIDATED";"";"MODIFIÉ_VOLONTAIREMENT";"";"CTA_CYCLE_VALIDE";"NON";"Cycle hebdomadaire CTA validé, distinct des événements ordinaires"
"2027";"CTA-PERM-2027-12-10";"";"Permanence";"DPS";"DPS";"Permanence";"";"DPS:B2";"";"2027-12-10";"Vendredi";"18:00";"06:00";"";"Chef site";"Aucune session distincte";"1";"VALIDATED";"";"MODIFIÉ_VOLONTAIREMENT";"";"CTA_CYCLE_VALIDE";"NON";"Cycle hebdomadaire CTA validé, distinct des événements ordinaires"
"2027";"CTA-PERM-2027-12-17";"";"Permanence";"DPS";"DPS";"Permanence";"";"DPS:G1";"";"2027-12-17";"Vendredi";"18:00";"06:00";"";"Chef site";"Aucune session distincte";"1";"VALIDATED";"";"MODIFIÉ_VOLONTAIREMENT";"";"CTA_CYCLE_VALIDE";"NON";"Cycle hebdomadaire CTA validé, distinct des événements ordinaires"
"2027";"CTA-PERM-2027-12-17";"";"Permanence";"DPS";"DPS";"Permanence";"";"DPS:C1";"";"2027-12-17";"Vendredi";"18:00";"06:00";"";"Chef site";"Aucune session distincte";"1";"VALIDATED";"";"MODIFIÉ_VOLONTAIREMENT";"";"CTA_CYCLE_VALIDE";"NON";"Cycle hebdomadaire CTA validé, distinct des événements ordinaires"
"2027";"CTA-PERM-2027-12-17";"";"Permanence";"DPS";"DPS";"Permanence";"";"DPS:B1";"";"2027-12-17";"Vendredi";"18:00";"06:00";"";"Chef site";"Aucune session distincte";"1";"VALIDATED";"";"MODIFIÉ_VOLONTAIREMENT";"";"CTA_CYCLE_VALIDE";"NON";"Cycle hebdomadaire CTA validé, distinct des événements ordinaires"
"2027";"CTA-PERM-2027-12-17";"";"Permanence";"DPS";"DPS";"Permanence";"";"DPS:B2";"";"2027-12-17";"Vendredi";"18:00";"06:00";"";"Chef site";"Aucune session distincte";"1";"VALIDATED";"";"MODIFIÉ_VOLONTAIREMENT";"";"CTA_CYCLE_VALIDE";"NON";"Cycle hebdomadaire CTA validé, distinct des événements ordinaires"
"2027";"CTA-PERM-2027-12-24";"";"Permanence";"DPS";"DPS";"Permanence";"";"DPS:G1";"";"2027-12-24";"Vendredi";"18:00";"06:00";"";"Chef site";"Aucune session distincte";"1";"VALIDATED";"";"MODIFIÉ_VOLONTAIREMENT";"VEILLE_FERIE|VACANCES_SCOLAIRES";"HUMAN_REVIEW_CALENDAR:CTA_FENETRE_FERIEE";"OUI";"Cycle hebdomadaire CTA validé, distinct des événements ordinaires"
"2027";"CTA-PERM-2027-12-24";"";"Permanence";"DPS";"DPS";"Permanence";"";"DPS:C1";"";"2027-12-24";"Vendredi";"18:00";"06:00";"";"Chef site";"Aucune session distincte";"1";"VALIDATED";"";"MODIFIÉ_VOLONTAIREMENT";"VEILLE_FERIE|VACANCES_SCOLAIRES";"HUMAN_REVIEW_CALENDAR:CTA_FENETRE_FERIEE";"OUI";"Cycle hebdomadaire CTA validé, distinct des événements ordinaires"
"2027";"CTA-PERM-2027-12-24";"";"Permanence";"DPS";"DPS";"Permanence";"";"DPS:B1";"";"2027-12-24";"Vendredi";"18:00";"06:00";"";"Chef site";"Aucune session distincte";"1";"VALIDATED";"";"MODIFIÉ_VOLONTAIREMENT";"VEILLE_FERIE|VACANCES_SCOLAIRES";"HUMAN_REVIEW_CALENDAR:CTA_FENETRE_FERIEE";"OUI";"Cycle hebdomadaire CTA validé, distinct des événements ordinaires"
"2027";"CTA-PERM-2027-12-24";"";"Permanence";"DPS";"DPS";"Permanence";"";"DPS:B2";"";"2027-12-24";"Vendredi";"18:00";"06:00";"";"Chef site";"Aucune session distincte";"1";"VALIDATED";"";"MODIFIÉ_VOLONTAIREMENT";"VEILLE_FERIE|VACANCES_SCOLAIRES";"HUMAN_REVIEW_CALENDAR:CTA_FENETRE_FERIEE";"OUI";"Cycle hebdomadaire CTA validé, distinct des événements ordinaires"
"2027";"CTA-PERM-2027-12-31";"";"Permanence";"DPS";"DPS";"Permanence";"";"DPS:G1";"";"2027-12-31";"Vendredi";"18:00";"06:00";"";"Chef site";"Aucune session distincte";"1";"VALIDATED";"";"MODIFIÉ_VOLONTAIREMENT";"VACANCES_SCOLAIRES";"CTA_CYCLE_VALIDE";"NON";"Cycle hebdomadaire CTA validé, distinct des événements ordinaires"
"2027";"CTA-PERM-2027-12-31";"";"Permanence";"DPS";"DPS";"Permanence";"";"DPS:C1";"";"2027-12-31";"Vendredi";"18:00";"06:00";"";"Chef site";"Aucune session distincte";"1";"VALIDATED";"";"MODIFIÉ_VOLONTAIREMENT";"VACANCES_SCOLAIRES";"CTA_CYCLE_VALIDE";"NON";"Cycle hebdomadaire CTA validé, distinct des événements ordinaires"
"2027";"CTA-PERM-2027-12-31";"";"Permanence";"DPS";"DPS";"Permanence";"";"DPS:B1";"";"2027-12-31";"Vendredi";"18:00";"06:00";"";"Chef site";"Aucune session distincte";"1";"VALIDATED";"";"MODIFIÉ_VOLONTAIREMENT";"VACANCES_SCOLAIRES";"CTA_CYCLE_VALIDE";"NON";"Cycle hebdomadaire CTA validé, distinct des événements ordinaires"
"2027";"CTA-PERM-2027-12-31";"";"Permanence";"DPS";"DPS";"Permanence";"";"DPS:B2";"";"2027-12-31";"Vendredi";"18:00";"06:00";"";"Chef site";"Aucune session distincte";"1";"VALIDATED";"";"MODIFIÉ_VOLONTAIREMENT";"VACANCES_SCOLAIRES";"CTA_CYCLE_VALIDE";"NON";"Cycle hebdomadaire CTA validé, distinct des événements ordinaires"
"2027";"FINAL:MOA_ARBITRATION:QV26-ASSEMBLEE-CI-FCF435B1";"070F0.001";"Assemblée CI";"F0";"";"";"070F0";"SDIS";"";"2027-05-26";"Mercredi";"19:30";"21:00";"Donneloye";"PrésidentE CI";"Aucune session distincte";"1";"A_POSITIONNER";"classeur ligne 349";"RECONDUIT";"";"OK_CALENDRIER_LOCAL";"NON";"Classeur 2026 ligne 349 ; date 2027 proposée, non validée par ce gate"
"2027";"FINAL:MOA_ARBITRATION:QV26-CEREMONIE-DE-PROMOTION-ET-NOMINATION-70010353";"070F1.002";"Cérémonie de promotion et nomination";"DPS";"DPS";"Événement";"070F1";"DPS:G1";"";"2027-12-16";"Jeudi";"18:30";"21:00";"Caserne G1";"Décision MOA requise";"Aucune session distincte";"1";"A_POSITIONNER";"classeur ligne 851";"RECONDUIT";"";"OK_CALENDRIER_LOCAL";"NON";"Classeur 2026 ligne 851 ; date 2027 proposée, non validée par ce gate"
"2027";"FINAL:MOA_ARBITRATION:QV26-CEREMONIE-DE-PROMOTION-ET-NOMINATION-70010353";"070F1.002";"Cérémonie de promotion et nomination";"DPS";"DPS";"Événement";"070F1";"DPS:C1";"";"2027-12-16";"Jeudi";"18:30";"21:00";"Caserne G1";"Décision MOA requise";"Aucune session distincte";"1";"A_POSITIONNER";"classeur ligne 851";"RECONDUIT";"";"OK_CALENDRIER_LOCAL";"NON";"Classeur 2026 ligne 851 ; date 2027 proposée, non validée par ce gate"
"2027";"FINAL:MOA_ARBITRATION:QV26-CEREMONIE-DE-PROMOTION-ET-NOMINATION-70010353";"070F1.002";"Cérémonie de promotion et nomination";"DPS";"DPS";"Événement";"070F1";"DPS:B1";"";"2027-12-16";"Jeudi";"18:30";"21:00";"Caserne G1";"Décision MOA requise";"Aucune session distincte";"1";"A_POSITIONNER";"classeur ligne 851";"RECONDUIT";"";"OK_CALENDRIER_LOCAL";"NON";"Classeur 2026 ligne 851 ; date 2027 proposée, non validée par ce gate"
"2027";"FINAL:MOA_ARBITRATION:QV26-CEREMONIE-DE-PROMOTION-ET-NOMINATION-70010353";"070F1.002";"Cérémonie de promotion et nomination";"DPS";"DPS";"Événement";"070F1";"DPS:B2";"";"2027-12-16";"Jeudi";"18:30";"21:00";"Caserne G1";"Décision MOA requise";"Aucune session distincte";"1";"A_POSITIONNER";"classeur ligne 851";"RECONDUIT";"";"OK_CALENDRIER_LOCAL";"NON";"Classeur 2026 ligne 851 ; date 2027 proposée, non validée par ce gate"
"2027";"FINAL:MOA_ARBITRATION:QV26-CEREMONIE-DE-PROMOTION-ET-NOMINATION-70010353";"070F1.002";"Cérémonie de promotion et nomination";"DPS";"DPS";"Événement";"070F1";"DAP:Y1";"";"2027-12-16";"Jeudi";"18:30";"21:00";"Caserne G1";"Décision MOA requise";"Aucune session distincte";"1";"A_POSITIONNER";"classeur ligne 851";"RECONDUIT";"";"OK_CALENDRIER_LOCAL";"NON";"Classeur 2026 ligne 851 ; date 2027 proposée, non validée par ce gate"
"2027";"FINAL:MOA_ARBITRATION:QV26-CEREMONIE-DE-PROMOTION-ET-NOMINATION-70010353";"070F1.002";"Cérémonie de promotion et nomination";"DPS";"DPS";"Événement";"070F1";"DAP:Y2";"";"2027-12-16";"Jeudi";"18:30";"21:00";"Caserne G1";"Décision MOA requise";"Aucune session distincte";"1";"A_POSITIONNER";"classeur ligne 851";"RECONDUIT";"";"OK_CALENDRIER_LOCAL";"NON";"Classeur 2026 ligne 851 ; date 2027 proposée, non validée par ce gate"
"2027";"FINAL:MOA_ARBITRATION:QV26-CEREMONIE-DE-PROMOTION-ET-NOMINATION-70010353";"070F1.002";"Cérémonie de promotion et nomination";"DPS";"DPS";"Événement";"070F1";"DAP:Y3";"";"2027-12-16";"Jeudi";"18:30";"21:00";"Caserne G1";"Décision MOA requise";"Aucune session distincte";"1";"A_POSITIONNER";"classeur ligne 851";"RECONDUIT";"";"OK_CALENDRIER_LOCAL";"NON";"Classeur 2026 ligne 851 ; date 2027 proposée, non validée par ce gate"
"2027";"FINAL:MOA_ARBITRATION:QV26-CEREMONIE-DE-PROMOTION-ET-NOMINATION-70010353";"070F1.002";"Cérémonie de promotion et nomination";"DPS";"DPS";"Événement";"070F1";"DAP:Y4";"";"2027-12-16";"Jeudi";"18:30";"21:00";"Caserne G1";"Décision MOA requise";"Aucune session distincte";"1";"A_POSITIONNER";"classeur ligne 851";"RECONDUIT";"";"OK_CALENDRIER_LOCAL";"NON";"Classeur 2026 ligne 851 ; date 2027 proposée, non validée par ce gate"
"2027";"FINAL:MOA_ARBITRATION:QV26-ASSEMBLEE-GVJSP-8BBE58A9";"010JSP.002";"Assemblée GVJSP";"F7";"JSP";"Événement";"010JSP";"JSP:G1";"JSP:1";"2027-11-20";"Samedi";"09:30";"12:00";"Caserne SDIS";"Décision MOA requise";"Aucune session distincte";"1";"A_POSITIONNER";"classeur ligne 807";"RECONDUIT";"";"OK_CALENDRIER_LOCAL";"NON";"Classeur 2026 ligne 807 ; date 2027 proposée, non validée par ce gate"
"2027";"FINAL:MOA_ARBITRATION:QV26-ASSEMBLEE-GVJSP-8BBE58A9";"010JSP.002";"Assemblée GVJSP";"F7";"JSP";"Événement";"010JSP";"JSP:C1";"JSP:1";"2027-11-20";"Samedi";"09:30";"12:00";"Caserne SDIS";"Décision MOA requise";"Aucune session distincte";"1";"A_POSITIONNER";"classeur ligne 807";"RECONDUIT";"";"OK_CALENDRIER_LOCAL";"NON";"Classeur 2026 ligne 807 ; date 2027 proposée, non validée par ce gate"
"2027";"FINAL:MOA_ARBITRATION:QV26-ASSEMBLEE-GVJSP-8BBE58A9";"010JSP.002";"Assemblée GVJSP";"F7";"JSP";"Événement";"010JSP";"JSP:B1";"JSP:1";"2027-11-20";"Samedi";"09:30";"12:00";"Caserne SDIS";"Décision MOA requise";"Aucune session distincte";"1";"A_POSITIONNER";"classeur ligne 807";"RECONDUIT";"";"OK_CALENDRIER_LOCAL";"NON";"Classeur 2026 ligne 807 ; date 2027 proposée, non validée par ce gate"
"2027";"FINAL:INSUFFICIENT_INFORMATION:QV26-CONFERENCE-DES-COMMANDANTS-A2DEA769";"070F0.002";"Conférence des Commandants";"F0";"";"";"070F0";"SDIS";"";"2027-03-18";"Jeudi";"17:00";"20:00";"À définir";"Décision MOA requise";"Aucune session distincte";"1";"A_POSITIONNER";"classeur ligne 163";"RECONDUIT";"";"OK_CALENDRIER_LOCAL";"NON";"Classeur 2026 ligne 163 ; date 2027 proposée, non validée par ce gate"
"2027";"FINAL:INSUFFICIENT_INFORMATION:QV26-SEANCE-CODIR-REPAS-81897EA7";"070F0.004";"Séance Codir + repas";"F0";"";"Séance";"070F0";"SDIS";"";"2027-06-18";"Vendredi";"10:30";"12:00";"Caserne G1";"PrésidentE Codir";"Aucune session distincte";"1";"A_POSITIONNER";"classeur ligne 436";"RECONDUIT";"";"OK_CALENDRIER_LOCAL";"NON";"Classeur 2026 ligne 436 ; date 2027 proposée, non validée par ce gate"
"2027";"FINAL:INSUFFICIENT_INFORMATION:QV26-SEANCE-COSEC-B710F41E";"070F0.005";"Séance COSEC";"F0";"";"Séance";"070F0";"SDIS";"";"2027-02-23";"Mardi";"18:30";"21:00";"Caserne G1";"Cdt";"Aucune session distincte";"1";"INSUFFICIENT_INFORMATION";"classeur ligne 42";"HUMAN_REVIEW";"";"OK_CALENDRIER_LOCAL";"OUI";"Aucune correspondance 2026 exacte prouvée"
"2027";"FINAL:INSUFFICIENT_INFORMATION:QV26-SEANCE-CRDIS-B8654449";"070F0.006";"Séance CRDIS";"F0";"";"Séance";"070F0";"SDIS";"";"2027-05-04";"Mardi";"09:30";"14:00";"Caserne SDIS";"Cdt";"Aucune session distincte";"1";"A_POSITIONNER";"classeur ligne 283";"RECONDUIT";"";"OK_CALENDRIER_LOCAL";"NON";"Classeur 2026 ligne 283 ; date 2027 proposée, non validée par ce gate"
"2027";"FINAL:INSUFFICIENT_INFORMATION:QV26-SEANCE-INTERSDIS-4B877B98";"070F0.007";"Séance interSDIS";"F0";"";"Séance";"070F0";"SDIS";"";"2027-02-22";"Lundi";"16:00";"18:00";"Caserne SDIS";"Décision MOA requise";"Aucune session distincte";"1";"A_POSITIONNER";"classeur ligne 31";"RECONDUIT";"";"OK_CALENDRIER_LOCAL";"NON";"Classeur 2026 ligne 31 ; date 2027 proposée, non validée par ce gate"
"2027";"FINAL:INSUFFICIENT_INFORMATION:QV26-TABLE-OUVERTE-AVEC-LE-COMMANDANT-23F40B54";"070F1.001";"Table ouverte avec le Commandant";"F0";"";"";"070F1";"SDIS";"";"2027-06-29";"Mardi";"17:00";"20:00";"Caserne G1";"Cdt";"Aucune session distincte";"1";"A_POSITIONNER";"classeur ligne 473";"RECONDUIT";"";"OK_CALENDRIER_LOCAL";"NON";"Classeur 2026 ligne 473 ; date 2027 proposée, non validée par ce gate"
"2027";"QV27:EMSEA:SESSION:03";"";"Séance État-major";"F0";"";"Séance";"EMSEA";"SDIS";"";"2027-02-25";"Jeudi";"18:00";"21:00";"Caserne G1";"Cdt";"Aucune session distincte";"1";"A_POSITIONNER";"classeur ligne 51";"HUMAN_REVIEW";"";"OK_CALENDRIER_LOCAL";"OUI";"Aucune correspondance 2026 exacte prouvée"
"2027";"QV27:EMSEA:SESSION:04";"";"Séance État-major";"F0";"";"Séance";"EMSEA";"SDIS";"";"2027-03-30";"Mardi";"18:00";"21:00";"Caserne G1";"Cdt";"Aucune session distincte";"1";"A_POSITIONNER";"classeur ligne 207";"HUMAN_REVIEW";"VACANCES_SCOLAIRES";"HUMAN_REVIEW_CALENDAR:VACANCES_SCOLAIRES";"OUI";"Aucune correspondance 2026 exacte prouvée"
"2027";"QV27:EMSEA:SESSION:05";"";"Séance État-major";"F0";"";"Séance";"EMSEA";"SDIS";"";"2027-05-05";"Mercredi";"18:00";"21:00";"Caserne G1";"Cdt";"Aucune session distincte";"1";"A_POSITIONNER";"classeur ligne 291";"HUMAN_REVIEW";"VEILLE_FERIE";"HUMAN_REVIEW_CALENDAR:VEILLE_FERIE";"OUI";"Aucune correspondance 2026 exacte prouvée"
"2027";"QV27:EMSEA:SESSION:06";"";"Séance État-major";"F0";"";"Séance";"EMSEA";"SDIS";"";"2027-06-09";"Mercredi";"18:00";"21:00";"Caserne G1";"Cdt";"Aucune session distincte";"1";"A_POSITIONNER";"classeur ligne 393";"HUMAN_REVIEW";"";"OK_CALENDRIER_LOCAL";"OUI";"Aucune correspondance 2026 exacte prouvée"
"2027";"QV27:EMSEA:SESSION:07";"";"Séance État-major";"F0";"";"Séance";"EMSEA";"SDIS";"";"2027-08-17";"Mardi";"18:00";"21:00";"Caserne G1";"Cdt";"Aucune session distincte";"1";"A_POSITIONNER";"classeur ligne 505";"HUMAN_REVIEW";"VACANCES_SCOLAIRES";"HUMAN_REVIEW_CALENDAR:VACANCES_SCOLAIRES";"OUI";"Aucune correspondance 2026 exacte prouvée"
"2027";"QV27:EMSEA:SESSION:08";"";"Séance État-major";"F0";"";"Séance";"EMSEA";"SDIS";"";"2027-08-31";"Mardi";"18:00";"21:00";"Caserne G1";"Cdt";"Aucune session distincte";"1";"A_POSITIONNER";"classeur ligne 559";"HUMAN_REVIEW";"";"OK_CALENDRIER_LOCAL";"OUI";"Aucune correspondance 2026 exacte prouvée"
"2027";"QV27:EMSEA:SESSION:09";"";"Séance État-major";"F0";"";"Séance";"EMSEA";"SDIS";"";"2027-09-28";"Mardi";"18:00";"21:00";"Caserne G1";"Cdt";"Aucune session distincte";"1";"A_POSITIONNER";"classeur ligne 680";"HUMAN_REVIEW";"";"OK_CALENDRIER_LOCAL";"OUI";"Aucune correspondance 2026 exacte prouvée"
"2027";"QV27:EMSEA:SESSION:10";"";"Séance État-major";"F0";"";"Séance";"EMSEA";"SDIS";"";"2027-11-03";"Mercredi";"18:00";"21:00";"Caserne G1";"Cdt";"Aucune session distincte";"1";"A_POSITIONNER";"classeur ligne 767";"HUMAN_REVIEW";"";"OK_CALENDRIER_LOCAL";"OUI";"Aucune correspondance 2026 exacte prouvée"
"2027";"QV27:EMSEA:SESSION:11";"";"Séance État-major";"F0";"";"Séance";"EMSEA";"SDIS";"";"2027-12-07";"Mardi";"18:00";"21:00";"Caserne G1";"Cdt";"Aucune session distincte";"1";"A_POSITIONNER";"classeur ligne 837";"HUMAN_REVIEW";"";"OK_CALENDRIER_LOCAL";"OUI";"Aucune correspondance 2026 exacte prouvée"
"2027";"QV27:OI:QV26-INSTR-DEMI-SCT-FEU-8D0C9417:C1:2027-09-04:0730";"012C1.009";"Instr demi-sct - FEU";"F7";"DPS";"Instruction";"012C1";"DPS:C1";"N01b";"2027-09-04";"Samedi";"07:30";"10:30";"Caserne C1";"Chef section DPS";"Aucune session distincte";"1";"A_POSITIONNER";"classeur ligne 577";"RECONDUIT";"";"OK_CALENDRIER_LOCAL";"NON";"Classeur 2026 ligne 577 ; date 2027 proposée, non validée par ce gate"
"2027";"QV27:OI:QV26-INSTR-DEMI-SCT-FEU-8D0C9417:B1:2027-09-04:0730";"012B1.009";"Instr demi-sct - FEU";"F7";"DPS";"Instruction";"012B1";"DPS:B1";"N01b";"2027-09-04";"Samedi";"07:30";"10:30";"Caserne B1";"Chef section DPS";"Aucune session distincte";"1";"A_POSITIONNER";"classeur ligne 579";"RECONDUIT";"";"OK_CALENDRIER_LOCAL";"NON";"Classeur 2026 ligne 579 ; date 2027 proposée, non validée par ce gate"
"2027";"QV27:OI:QV26-INSTR-DEMI-SCT-FEU-8D0C9417:B2:2027-09-04:0730";"012B2.009";"Instr demi-sct - FEU";"F7";"DPS";"Instruction";"012B2";"DPS:B2";"N01b";"2027-09-04";"Samedi";"07:30";"10:30";"Caserne C1";"Chef section DPS";"Aucune session distincte";"1";"A_POSITIONNER";"classeur ligne 578";"RECONDUIT";"";"OK_CALENDRIER_LOCAL";"NON";"Classeur 2026 ligne 578 ; date 2027 proposée, non validée par ce gate"
"2027";"QV27:OI:QV26-INSTR-DEMI-SCT-FEU-8D0C9417:C1:2027-09-11:0730";"012C1.009";"Instr demi-sct - FEU";"F7";"DPS";"Instruction";"012C1";"DPS:C1";"N03a";"2027-09-11";"Samedi";"07:30";"10:30";"Caserne C1";"Chef section DPS";"Aucune session distincte";"1";"A_POSITIONNER";"classeur ligne 608";"RECONDUIT";"";"OK_CALENDRIER_LOCAL";"NON";"Classeur 2026 ligne 608 ; date 2027 proposée, non validée par ce gate"
"2027";"QV27:OI:QV26-INSTR-DEMI-SCT-FEU-8D0C9417:B1:2027-09-11:0730";"012B1.009";"Instr demi-sct - FEU";"F7";"DPS";"Instruction";"012B1";"DPS:B1";"N03a";"2027-09-11";"Samedi";"07:30";"10:30";"Caserne B1";"Chef section DPS";"Aucune session distincte";"1";"A_POSITIONNER";"classeur ligne 610";"RECONDUIT";"";"OK_CALENDRIER_LOCAL";"NON";"Classeur 2026 ligne 610 ; date 2027 proposée, non validée par ce gate"
"2027";"QV27:OI:QV26-INSTR-DEMI-SCT-FEU-8D0C9417:B2:2027-09-11:0730";"012B2.009";"Instr demi-sct - FEU";"F7";"DPS";"Instruction";"012B2";"DPS:B2";"N03a";"2027-09-11";"Samedi";"07:30";"10:30";"Caserne C1";"Chef section DPS";"Aucune session distincte";"1";"A_POSITIONNER";"classeur ligne 609";"RECONDUIT";"";"OK_CALENDRIER_LOCAL";"NON";"Classeur 2026 ligne 609 ; date 2027 proposée, non validée par ce gate"
"2027";"QV27:OI:QV26-INSTR-DEMI-SCT-FEU-8D0C9417:C1:2027-09-18:0730";"012C1.009";"Instr demi-sct - FEU";"F7";"DPS";"Instruction";"012C1";"DPS:C1";"N02a";"2027-09-18";"Samedi";"07:30";"10:30";"Caserne C1";"Chef section DPS";"Aucune session distincte";"1";"A_POSITIONNER";"classeur ligne 640";"RECONDUIT";"WEEKEND_FERIE";"HUMAN_REVIEW_CALENDAR:WEEKEND_FERIE_INSTR_DEMI_SCT";"OUI";"Classeur 2026 ligne 640 ; date 2027 proposée, non validée par ce gate"
"2027";"QV27:OI:QV26-INSTR-DEMI-SCT-FEU-8D0C9417:B1:2027-09-18:0730";"012B1.009";"Instr demi-sct - FEU";"F7";"DPS";"Instruction";"012B1";"DPS:B1";"N02a";"2027-09-18";"Samedi";"07:30";"10:30";"Caserne B1";"Chef section DPS";"Aucune session distincte";"1";"A_POSITIONNER";"classeur ligne 642";"RECONDUIT";"WEEKEND_FERIE";"HUMAN_REVIEW_CALENDAR:WEEKEND_FERIE_INSTR_DEMI_SCT";"OUI";"Classeur 2026 ligne 642 ; date 2027 proposée, non validée par ce gate"
"2027";"QV27:OI:QV26-INSTR-DEMI-SCT-FEU-8D0C9417:B2:2027-09-18:0730";"012B2.009";"Instr demi-sct - FEU";"F7";"DPS";"Instruction";"012B2";"DPS:B2";"N02a";"2027-09-18";"Samedi";"07:30";"10:30";"Caserne C1";"Chef section DPS";"Aucune session distincte";"1";"A_POSITIONNER";"classeur ligne 641";"RECONDUIT";"WEEKEND_FERIE";"HUMAN_REVIEW_CALENDAR:WEEKEND_FERIE_INSTR_DEMI_SCT";"OUI";"Classeur 2026 ligne 641 ; date 2027 proposée, non validée par ce gate"
"2027";"QV27:OI:QV26-INSTR-DEMI-SCT-FEU-8D0C9417:C1:2027-09-25:0730";"012C1.009";"Instr demi-sct - FEU";"F7";"DPS";"Instruction";"012C1";"DPS:C1";"N01a";"2027-09-25";"Samedi";"07:30";"10:30";"Caserne C1";"Chef section DPS";"Aucune session distincte";"1";"A_POSITIONNER";"classeur ligne 667";"RECONDUIT";"";"OK_CALENDRIER_LOCAL";"NON";"Classeur 2026 ligne 667 ; date 2027 proposée, non validée par ce gate"
"2027";"QV27:OI:QV26-INSTR-DEMI-SCT-FEU-8D0C9417:B1:2027-09-25:0730";"012B1.009";"Instr demi-sct - FEU";"F7";"DPS";"Instruction";"012B1";"DPS:B1";"N01a";"2027-09-25";"Samedi";"07:30";"10:30";"Caserne B1";"Chef section DPS";"Aucune session distincte";"1";"A_POSITIONNER";"classeur ligne 669";"RECONDUIT";"";"OK_CALENDRIER_LOCAL";"NON";"Classeur 2026 ligne 669 ; date 2027 proposée, non validée par ce gate"
"2027";"QV27:OI:QV26-INSTR-DEMI-SCT-FEU-8D0C9417:B2:2027-09-25:0730";"012B2.009";"Instr demi-sct - FEU";"F7";"DPS";"Instruction";"012B2";"DPS:B2";"N01a";"2027-09-25";"Samedi";"07:30";"10:30";"Caserne C1";"Chef section DPS";"Aucune session distincte";"1";"A_POSITIONNER";"classeur ligne 668";"RECONDUIT";"";"OK_CALENDRIER_LOCAL";"NON";"Classeur 2026 ligne 668 ; date 2027 proposée, non validée par ce gate"
"2027";"QV27:OI:QV26-INSTR-DEMI-SCT-VARIA-D51E6F19:B1:2027-06-05:0730";"012B1.011";"Instr demi-sct - VARIA";"F7";"DPS";"Instruction";"012B1";"DPS:B1";"N02b";"2027-06-05";"Samedi";"07:30";"10:30";"Caserne B1";"Chef section DPS";"Aucune session distincte";"1";"A_POSITIONNER";"classeur ligne 381";"RECONDUIT";"";"OK_CALENDRIER_LOCAL";"NON";"Classeur 2026 ligne 381 ; date 2027 proposée, non validée par ce gate"
"2027";"QV27:OI:QV26-INSTR-DEMI-SCT-VARIA-D51E6F19:B2:2027-06-05:0730";"012B2.011";"Instr demi-sct - VARIA";"F7";"DPS";"Instruction";"012B2";"DPS:B2";"N02b";"2027-06-05";"Samedi";"07:30";"10:30";"Caserne C1";"Chef section DPS";"Aucune session distincte";"1";"A_POSITIONNER";"classeur ligne 383";"RECONDUIT";"";"OK_CALENDRIER_LOCAL";"NON";"Classeur 2026 ligne 383 ; date 2027 proposée, non validée par ce gate"
"2027";"QV27:OI:QV26-INSTR-DEMI-SCT-VARIA-D51E6F19:G1:2027-07-03:0730";"012G1.011";"Instr demi-sct - VARIA";"F7";"DPS";"Instruction";"012G1";"DPS:G1";"N03a";"2027-07-03";"Samedi";"07:30";"10:30";"Caserne G1";"Chef section DPS";"Aucune session distincte";"1";"A_POSITIONNER";"classeur ligne 475";"RECONDUIT";"VACANCES_SCOLAIRES";"AUTORISABLE_VACANCES_INSTRUCTION";"NON";"Classeur 2026 ligne 475 ; date 2027 proposée, non validée par ce gate"
"2027";"QV27:OI:QV26-INSTR-DEMI-SCT-VARIA-D51E6F19:G1:2027-07-10:0730";"012G1.011";"Instr demi-sct - VARIA";"F7";"DPS";"Instruction";"012G1";"DPS:G1";"N02a";"2027-07-10";"Samedi";"07:30";"10:30";"Caserne G1";"Chef section DPS";"Aucune session distincte";"1";"A_POSITIONNER";"classeur ligne 479";"RECONDUIT";"VACANCES_SCOLAIRES";"AUTORISABLE_VACANCES_INSTRUCTION";"NON";"Classeur 2026 ligne 479 ; date 2027 proposée, non validée par ce gate"
"2027";"QV27:OI:QV26-INSTR-DEMI-SCT-VARIA-D51E6F19:G1:2027-07-17:0730";"012G1.011";"Instr demi-sct - VARIA";"F7";"DPS";"Instruction";"012G1";"DPS:G1";"N01a";"2027-07-17";"Samedi";"07:30";"10:30";"Caserne G1";"Chef section DPS";"Aucune session distincte";"1";"A_POSITIONNER";"classeur ligne 481";"RECONDUIT";"VACANCES_SCOLAIRES";"AUTORISABLE_VACANCES_INSTRUCTION";"NON";"Classeur 2026 ligne 481 ; date 2027 proposée, non validée par ce gate"
"2027";"QV27:OI:QV26-INSTR-DEMI-SCT-VARIA-D51E6F19:G1:2027-07-24:0730";"012G1.011";"Instr demi-sct - VARIA";"F7";"DPS";"Instruction";"012G1";"DPS:G1";"N05b";"2027-07-24";"Samedi";"07:30";"10:30";"Caserne G1";"Chef section DPS";"Aucune session distincte";"1";"A_POSITIONNER";"classeur ligne 483";"RECONDUIT";"VACANCES_SCOLAIRES";"AUTORISABLE_VACANCES_INSTRUCTION";"NON";"Classeur 2026 ligne 483 ; date 2027 proposée, non validée par ce gate"
"2027";"QV27:OI:QV26-INSTR-DEMI-SCT-VARIA-D51E6F19:G1:2027-07-31:0730";"012G1.011";"Instr demi-sct - VARIA";"F7";"DPS";"Instruction";"012G1";"DPS:G1";"N04b";"2027-07-31";"Samedi";"07:30";"10:30";"Caserne G1";"Chef section DPS";"Aucune session distincte";"1";"A_POSITIONNER";"classeur ligne 486";"RECONDUIT";"WEEKEND_FERIE|VEILLE_FERIE|VACANCES_SCOLAIRES";"HUMAN_REVIEW_CALENDAR:WEEKEND_FERIE_INSTR_DEMI_SCT";"OUI";"Classeur 2026 ligne 486 ; date 2027 proposée, non validée par ce gate"
"2027";"QV27:OI:QV26-INSTR-DEMI-SCT-VARIA-D51E6F19:G1:2027-08-07:0730";"012G1.011";"Instr demi-sct - VARIA";"F7";"DPS";"Instruction";"012G1";"DPS:G1";"N03b";"2027-08-07";"Samedi";"07:30";"10:30";"Caserne G1";"Chef section DPS";"Aucune session distincte";"1";"A_POSITIONNER";"classeur ligne 491";"RECONDUIT";"VACANCES_SCOLAIRES";"AUTORISABLE_VACANCES_INSTRUCTION";"NON";"Classeur 2026 ligne 491 ; date 2027 proposée, non validée par ce gate"
"2027";"QV27:OI:QV26-INSTR-DEMI-SCT-VARIA-D51E6F19:G1:2027-08-14:0730";"012G1.011";"Instr demi-sct - VARIA";"F7";"DPS";"Instruction";"012G1";"DPS:G1";"N02b";"2027-08-14";"Samedi";"07:30";"10:30";"Caserne G1";"Chef section DPS";"Aucune session distincte";"1";"A_POSITIONNER";"classeur ligne 500";"RECONDUIT";"VACANCES_SCOLAIRES";"AUTORISABLE_VACANCES_INSTRUCTION";"NON";"Classeur 2026 ligne 500 ; date 2027 proposée, non validée par ce gate"
"2027";"QV27:OI:QV26-INSTR-DEMI-SCT-VARIA-D51E6F19:G1:2027-08-21:0730";"012G1.011";"Instr demi-sct - VARIA";"F7";"DPS";"Instruction";"012G1";"DPS:G1";"N01b";"2027-08-21";"Samedi";"07:30";"10:30";"Caserne G1";"Chef section DPS";"Aucune session distincte";"1";"A_POSITIONNER";"classeur ligne 516";"RECONDUIT";"VACANCES_SCOLAIRES";"AUTORISABLE_VACANCES_INSTRUCTION";"NON";"Classeur 2026 ligne 516 ; date 2027 proposée, non validée par ce gate"
"2027";"QV27:OI:QV26-INSTR-DEMI-SCT-VARIA-D51E6F19:G1:2027-08-28:0730";"012G1.011";"Instr demi-sct - VARIA";"F7";"DPS";"Instruction";"012G1";"DPS:G1";"N05a";"2027-08-28";"Samedi";"07:30";"10:30";"Caserne G1";"Chef section DPS";"Aucune session distincte";"1";"A_POSITIONNER";"classeur ligne 548";"RECONDUIT";"";"OK_CALENDRIER_LOCAL";"NON";"Classeur 2026 ligne 548 ; date 2027 proposée, non validée par ce gate"
"2027";"QV27:OI:QV26-INSTR-DEMI-SCT-VARIA-D51E6F19:G1:2027-09-04:0730";"012G1.011";"Instr demi-sct - VARIA";"F7";"DPS";"Instruction";"012G1";"DPS:G1";"N04a";"2027-09-04";"Samedi";"07:30";"10:30";"Caserne G1";"Chef section DPS";"Aucune session distincte";"1";"A_POSITIONNER";"classeur ligne 576";"RECONDUIT";"";"OK_CALENDRIER_LOCAL";"NON";"Classeur 2026 ligne 576 ; date 2027 proposée, non validée par ce gate"
"2027";"QV27:OI:QV26-INSTR-SCT-FEU-2495DFDB:C1:2027-11-06:0730";"012C1.012";"Instr sct - FEU";"F7";"DPS";"Instruction";"012C1";"DPS:C1";"N01";"2027-11-06";"Samedi";"07:30";"10:30";"Caserne C1";"Chef section DPS";"Aucune session distincte";"1";"A_POSITIONNER";"classeur ligne 780";"RECONDUIT";"";"OK_CALENDRIER_LOCAL";"NON";"Classeur 2026 ligne 780 ; date 2027 proposée, non validée par ce gate"
"2027";"QV27:OI:QV26-INSTR-SCT-FEU-2495DFDB:B1:2027-11-06:0730";"012B1.012";"Instr sct - FEU";"F7";"DPS";"Instruction";"012B1";"DPS:B1";"N01";"2027-11-06";"Samedi";"07:30";"10:30";"Caserne B1";"Chef section DPS";"Aucune session distincte";"1";"A_POSITIONNER";"classeur ligne 781";"RECONDUIT";"";"OK_CALENDRIER_LOCAL";"NON";"Classeur 2026 ligne 781 ; date 2027 proposée, non validée par ce gate"
"2027";"QV27:OI:QV26-INSTR-SCT-FEU-2495DFDB:B2:2027-11-06:0730";"012B2.012";"Instr sct - FEU";"F7";"DPS";"Instruction";"012B2";"DPS:B2";"N01";"2027-11-06";"Samedi";"07:30";"10:30";"Caserne C1";"Chef section DPS";"Aucune session distincte";"1";"A_POSITIONNER";"classeur ligne 782";"RECONDUIT";"";"OK_CALENDRIER_LOCAL";"NON";"Classeur 2026 ligne 782 ; date 2027 proposée, non validée par ce gate"
"2027";"QV27:OI:QV26-INSTR-SCT-FEU-2495DFDB:C1:2027-11-13:0730";"012C1.012";"Instr sct - FEU";"F7";"DPS";"Instruction";"012C1";"DPS:C1";"N03";"2027-11-13";"Samedi";"07:30";"10:30";"Caserne C1";"Chef section DPS";"Aucune session distincte";"1";"A_POSITIONNER";"classeur ligne 797";"RECONDUIT";"";"OK_CALENDRIER_LOCAL";"NON";"Classeur 2026 ligne 797 ; date 2027 proposée, non validée par ce gate"
"2027";"QV27:OI:QV26-INSTR-SCT-FEU-2495DFDB:B1:2027-11-13:0730";"012B1.012";"Instr sct - FEU";"F7";"DPS";"Instruction";"012B1";"DPS:B1";"N03";"2027-11-13";"Samedi";"07:30";"10:30";"Caserne B1";"Chef section DPS";"Aucune session distincte";"1";"A_POSITIONNER";"classeur ligne 798";"RECONDUIT";"";"OK_CALENDRIER_LOCAL";"NON";"Classeur 2026 ligne 798 ; date 2027 proposée, non validée par ce gate"
"2027";"QV27:OI:QV26-INSTR-SCT-KICK-OFF-5DBF1193:B1:2027-04-03:0730";"012B1.013";"Instr sct - KICK-OFF";"F7";"DPS";"Instruction";"012B1";"DPS:B1";"N02";"2027-04-03";"Samedi";"07:30";"10:30";"Caserne B1";"Chef section DPS";"Aucune session distincte";"1";"A_POSITIONNER";"classeur ligne 221";"RECONDUIT";"VACANCES_SCOLAIRES";"AUTORISABLE_VACANCES_INSTRUCTION";"NON";"Classeur 2026 ligne 221 ; date 2027 proposée, non validée par ce gate"
"2027";"QV27:OI:QV26-INSTR-SCT-KICK-OFF-5DBF1193:G1:2027-04-06:1830";"012G1.013";"Instr sct - KICK-OFF";"F7";"DPS";"Instruction";"012G1";"DPS:G1";"N01";"2027-04-06";"Mardi";"18:30";"21:30";"Caserne G1";"Chef section DPS";"Aucune session distincte";"1";"A_POSITIONNER";"classeur ligne 224";"RECONDUIT";"VACANCES_SCOLAIRES";"AUTORISABLE_VACANCES_INSTRUCTION";"NON";"Classeur 2026 ligne 224 ; date 2027 proposée, non validée par ce gate"
"2027";"QV27:OI:QV26-INSTR-SCT-KICK-OFF-5DBF1193:G1:2027-04-12:1830";"012G1.013";"Instr sct - KICK-OFF";"F7";"DPS";"Instruction";"012G1";"DPS:G1";"N05";"2027-04-12";"Lundi";"18:30";"21:30";"Caserne G1";"Chef section DPS";"Aucune session distincte";"1";"A_POSITIONNER";"classeur ligne 232";"RECONDUIT";"";"OK_CALENDRIER_LOCAL";"NON";"Classeur 2026 ligne 232 ; date 2027 proposée, non validée par ce gate"
"2027";"QV27:OI:QV26-INSTR-SCT-KICK-OFF-5DBF1193:G1:2027-04-19:1830";"012G1.013";"Instr sct - KICK-OFF";"F7";"DPS";"Instruction";"012G1";"DPS:G1";"N04";"2027-04-19";"Lundi";"18:30";"21:30";"Caserne G1";"Chef section DPS";"Aucune session distincte";"1";"A_POSITIONNER";"classeur ligne 239";"RECONDUIT";"";"OK_CALENDRIER_LOCAL";"NON";"Classeur 2026 ligne 239 ; date 2027 proposée, non validée par ce gate"
"2027";"QV27:OI:QV26-INSTR-SCT-VARIA-D13856BA:G1:2027-08-09:1830";"012G1.014";"Instr sct - VARIA";"F7";"DPS";"Instruction";"012G1";"DPS:G1";"N03";"2027-08-09";"Lundi";"18:30";"21:30";"Caserne G1";"Chef section DPS";"Aucune session distincte";"1";"A_POSITIONNER";"classeur ligne 497";"RECONDUIT";"VACANCES_SCOLAIRES";"AUTORISABLE_VACANCES_INSTRUCTION";"NON";"Classeur 2026 ligne 497 ; date 2027 proposée, non validée par ce gate"
"2027";"QV27:OI:QV26-INSTR-SCT-VARIA-D13856BA:G1:2027-08-16:1830";"012G1.014";"Instr sct - VARIA";"F7";"DPS";"Instruction";"012G1";"DPS:G1";"N02";"2027-08-16";"Lundi";"18:30";"21:30";"Caserne G1";"Chef section DPS";"Aucune session distincte";"1";"A_POSITIONNER";"classeur ligne 503";"RECONDUIT";"VACANCES_SCOLAIRES";"AUTORISABLE_VACANCES_INSTRUCTION";"NON";"Classeur 2026 ligne 503 ; date 2027 proposée, non validée par ce gate"
"2027";"QV27:OI:QV26-INSTR-SCT-VARIA-D13856BA:G1:2027-08-23:1830";"012G1.014";"Instr sct - VARIA";"F7";"DPS";"Instruction";"012G1";"DPS:G1";"N01";"2027-08-23";"Lundi";"18:30";"21:30";"Caserne G1";"Chef section DPS";"Aucune session distincte";"1";"A_POSITIONNER";"classeur ligne 526";"RECONDUIT";"";"OK_CALENDRIER_LOCAL";"NON";"Classeur 2026 ligne 526 ; date 2027 proposée, non validée par ce gate"
"2027";"QV27:OI:QV26-INSTR-SCT-VARIA-D13856BA:G1:2027-08-31:1830";"012G1.014";"Instr sct - VARIA";"F7";"DPS";"Instruction";"012G1";"DPS:G1";"N05";"2027-08-31";"Mardi";"18:30";"21:30";"Caserne G1";"Chef section DPS";"Aucune session distincte";"1";"A_POSITIONNER";"classeur ligne 561";"RECONDUIT";"";"OK_CALENDRIER_LOCAL";"NON";"Classeur 2026 ligne 561 ; date 2027 proposée, non validée par ce gate"
"2027";"QV27:OI:QV26-INSTR-SCT-VARIA-D13856BA:G1:2027-09-06:1830";"012G1.014";"Instr sct - VARIA";"F7";"DPS";"Instruction";"012G1";"DPS:G1";"N04";"2027-09-06";"Lundi";"18:30";"21:30";"Caserne G1";"Chef section DPS";"Aucune session distincte";"1";"A_POSITIONNER";"classeur ligne 589";"RECONDUIT";"";"OK_CALENDRIER_LOCAL";"NON";"Classeur 2026 ligne 589 ; date 2027 proposée, non validée par ce gate"
"2027";"QV27:COVERAGE:G1:KICK-OFF:demi-section:N03a";"";"Instr demi-sct - KICK-OFF";"DPS";"DPS";"Instruction";"012G1";"DPS:G1";"N03a";"2027-02-13";"Samedi";"07:30";"10:30";"Caserne G1";"Chef section DPS";"Aucune session distincte";"1";"A_POSITIONNER";"";"MODIFIÉ_VOLONTAIREMENT";"VACANCES_SCOLAIRES";"AUTORISABLE_VACANCES_INSTRUCTION";"NON";"Couverture MOA des instructions opérationnelles"
"2027";"QV27:COVERAGE:G1:KICK-OFF:demi-section:N02a";"";"Instr demi-sct - KICK-OFF";"DPS";"DPS";"Instruction";"012G1";"DPS:G1";"N02a";"2027-02-20";"Samedi";"07:30";"10:30";"Caserne G1";"Chef section DPS";"Aucune session distincte";"1";"A_POSITIONNER";"";"MODIFIÉ_VOLONTAIREMENT";"";"OK_CALENDRIER_LOCAL";"NON";"Couverture MOA des instructions opérationnelles"
"2027";"QV27:COVERAGE:G1:KICK-OFF:demi-section:N01a";"";"Instr demi-sct - KICK-OFF";"DPS";"DPS";"Instruction";"012G1";"DPS:G1";"N01a";"2027-02-27";"Samedi";"07:30";"10:30";"Caserne G1";"Chef section DPS";"Aucune session distincte";"1";"A_POSITIONNER";"";"MODIFIÉ_VOLONTAIREMENT";"";"OK_CALENDRIER_LOCAL";"NON";"Couverture MOA des instructions opérationnelles"
"2027";"QV27:COVERAGE:G1:KICK-OFF:demi-section:N05b";"";"Instr demi-sct - KICK-OFF";"DPS";"DPS";"Instruction";"012G1";"DPS:G1";"N05b";"2027-03-06";"Samedi";"07:30";"10:30";"Caserne G1";"Chef section DPS";"Aucune session distincte";"1";"A_POSITIONNER";"";"MODIFIÉ_VOLONTAIREMENT";"";"OK_CALENDRIER_LOCAL";"NON";"Couverture MOA des instructions opérationnelles"
"2027";"QV27:COVERAGE:G1:KICK-OFF:demi-section:N04b";"";"Instr demi-sct - KICK-OFF";"DPS";"DPS";"Instruction";"012G1";"DPS:G1";"N04b";"2027-03-13";"Samedi";"07:30";"10:30";"Caserne G1";"Chef section DPS";"Aucune session distincte";"1";"A_POSITIONNER";"";"MODIFIÉ_VOLONTAIREMENT";"";"OK_CALENDRIER_LOCAL";"NON";"Couverture MOA des instructions opérationnelles"
"2027";"QV27:COVERAGE:G1:KICK-OFF:demi-section:N03b";"";"Instr demi-sct - KICK-OFF";"DPS";"DPS";"Instruction";"012G1";"DPS:G1";"N03b";"2027-03-20";"Samedi";"07:30";"10:30";"Caserne G1";"Chef section DPS";"Aucune session distincte";"1";"A_POSITIONNER";"";"MODIFIÉ_VOLONTAIREMENT";"";"OK_CALENDRIER_LOCAL";"NON";"Couverture MOA des instructions opérationnelles"
"2027";"QV27:COVERAGE:G1:KICK-OFF:demi-section:N02b";"";"Instr demi-sct - KICK-OFF";"DPS";"DPS";"Instruction";"012G1";"DPS:G1";"N02b";"2027-03-27";"Samedi";"07:30";"10:30";"Caserne G1";"Chef section DPS";"Aucune session distincte";"1";"A_POSITIONNER";"";"MODIFIÉ_VOLONTAIREMENT";"WEEKEND_FERIE|VACANCES_SCOLAIRES";"HUMAN_REVIEW_CALENDAR:WEEKEND_FERIE_INSTR_DEMI_SCT";"OUI";"Couverture MOA des instructions opérationnelles"
"2027";"QV27:COVERAGE:G1:KICK-OFF:demi-section:N01b";"";"Instr demi-sct - KICK-OFF";"DPS";"DPS";"Instruction";"012G1";"DPS:G1";"N01b";"2027-04-03";"Samedi";"07:30";"10:30";"Caserne G1";"Chef section DPS";"Aucune session distincte";"1";"A_POSITIONNER";"";"MODIFIÉ_VOLONTAIREMENT";"VACANCES_SCOLAIRES";"AUTORISABLE_VACANCES_INSTRUCTION";"NON";"Couverture MOA des instructions opérationnelles"
"2027";"QV27:COVERAGE:G1:KICK-OFF:demi-section:N05a";"";"Instr demi-sct - KICK-OFF";"DPS";"DPS";"Instruction";"012G1";"DPS:G1";"N05a";"2027-04-10";"Samedi";"07:30";"10:30";"Caserne G1";"Chef section DPS";"Aucune session distincte";"1";"A_POSITIONNER";"";"MODIFIÉ_VOLONTAIREMENT";"VACANCES_SCOLAIRES";"AUTORISABLE_VACANCES_INSTRUCTION";"NON";"Couverture MOA des instructions opérationnelles"
"2027";"QV27:COVERAGE:C1:KICK-OFF:demi-section:N03a";"";"Instr demi-sct - KICK-OFF";"DPS";"DPS";"Instruction";"012C1";"DPS:C1";"N03a";"2027-02-13";"Samedi";"07:30";"10:30";"Caserne C1";"Chef section DPS";"Aucune session distincte";"1";"A_POSITIONNER";"";"MODIFIÉ_VOLONTAIREMENT";"VACANCES_SCOLAIRES";"AUTORISABLE_VACANCES_INSTRUCTION";"NON";"Couverture MOA des instructions opérationnelles"
"2027";"QV27:COVERAGE:C1:KICK-OFF:demi-section:N02a";"";"Instr demi-sct - KICK-OFF";"DPS";"DPS";"Instruction";"012C1";"DPS:C1";"N02a";"2027-02-20";"Samedi";"07:30";"10:30";"Caserne C1";"Chef section DPS";"Aucune session distincte";"1";"A_POSITIONNER";"";"MODIFIÉ_VOLONTAIREMENT";"";"OK_CALENDRIER_LOCAL";"NON";"Couverture MOA des instructions opérationnelles"
"2027";"QV27:COVERAGE:C1:KICK-OFF:demi-section:N01a";"";"Instr demi-sct - KICK-OFF";"DPS";"DPS";"Instruction";"012C1";"DPS:C1";"N01a";"2027-02-27";"Samedi";"07:30";"10:30";"Caserne C1";"Chef section DPS";"Aucune session distincte";"1";"A_POSITIONNER";"";"MODIFIÉ_VOLONTAIREMENT";"";"OK_CALENDRIER_LOCAL";"NON";"Couverture MOA des instructions opérationnelles"
"2027";"QV27:COVERAGE:C1:KICK-OFF:demi-section:N03b";"";"Instr demi-sct - KICK-OFF";"DPS";"DPS";"Instruction";"012C1";"DPS:C1";"N03b";"2027-03-06";"Samedi";"07:30";"10:30";"Caserne C1";"Chef section DPS";"Aucune session distincte";"1";"A_POSITIONNER";"";"MODIFIÉ_VOLONTAIREMENT";"";"OK_CALENDRIER_LOCAL";"NON";"Couverture MOA des instructions opérationnelles"
"2027";"QV27:COVERAGE:C1:KICK-OFF:demi-section:N02b";"";"Instr demi-sct - KICK-OFF";"DPS";"DPS";"Instruction";"012C1";"DPS:C1";"N02b";"2027-03-13";"Samedi";"07:30";"10:30";"Caserne C1";"Chef section DPS";"Aucune session distincte";"1";"A_POSITIONNER";"";"MODIFIÉ_VOLONTAIREMENT";"";"OK_CALENDRIER_LOCAL";"NON";"Couverture MOA des instructions opérationnelles"
"2027";"QV27:COVERAGE:B1:KICK-OFF:demi-section:N03a";"";"Instr demi-sct - KICK-OFF";"DPS";"DPS";"Instruction";"012B1";"DPS:B1";"N03a";"2027-02-13";"Samedi";"07:30";"10:30";"Caserne B1";"Chef section DPS";"Aucune session distincte";"1";"A_POSITIONNER";"";"MODIFIÉ_VOLONTAIREMENT";"VACANCES_SCOLAIRES";"AUTORISABLE_VACANCES_INSTRUCTION";"NON";"Couverture MOA des instructions opérationnelles"
"2027";"QV27:COVERAGE:B1:KICK-OFF:demi-section:N02a";"";"Instr demi-sct - KICK-OFF";"DPS";"DPS";"Instruction";"012B1";"DPS:B1";"N02a";"2027-02-20";"Samedi";"07:30";"10:30";"Caserne B1";"Chef section DPS";"Aucune session distincte";"1";"A_POSITIONNER";"";"MODIFIÉ_VOLONTAIREMENT";"";"OK_CALENDRIER_LOCAL";"NON";"Couverture MOA des instructions opérationnelles"
"2027";"QV27:COVERAGE:B1:KICK-OFF:demi-section:N01a";"";"Instr demi-sct - KICK-OFF";"DPS";"DPS";"Instruction";"012B1";"DPS:B1";"N01a";"2027-02-27";"Samedi";"07:30";"10:30";"Caserne B1";"Chef section DPS";"Aucune session distincte";"1";"A_POSITIONNER";"";"MODIFIÉ_VOLONTAIREMENT";"";"OK_CALENDRIER_LOCAL";"NON";"Couverture MOA des instructions opérationnelles"
"2027";"QV27:COVERAGE:B1:KICK-OFF:demi-section:N03b";"";"Instr demi-sct - KICK-OFF";"DPS";"DPS";"Instruction";"012B1";"DPS:B1";"N03b";"2027-03-06";"Samedi";"07:30";"10:30";"Caserne B1";"Chef section DPS";"Aucune session distincte";"1";"A_POSITIONNER";"";"MODIFIÉ_VOLONTAIREMENT";"";"OK_CALENDRIER_LOCAL";"NON";"Couverture MOA des instructions opérationnelles"
"2027";"QV27:COVERAGE:B1:KICK-OFF:demi-section:N02b";"";"Instr demi-sct - KICK-OFF";"DPS";"DPS";"Instruction";"012B1";"DPS:B1";"N02b";"2027-03-13";"Samedi";"07:30";"10:30";"Caserne B1";"Chef section DPS";"Aucune session distincte";"1";"A_POSITIONNER";"";"MODIFIÉ_VOLONTAIREMENT";"";"OK_CALENDRIER_LOCAL";"NON";"Couverture MOA des instructions opérationnelles"
"2027";"QV27:COVERAGE:B2:KICK-OFF:demi-section:N03a";"";"Instr demi-sct - KICK-OFF";"DPS";"DPS";"Instruction";"012B2";"DPS:B2";"N03a";"2027-02-13";"Samedi";"07:30";"10:30";"Caserne C1";"Chef section DPS";"Aucune session distincte";"1";"A_POSITIONNER";"";"MODIFIÉ_VOLONTAIREMENT";"VACANCES_SCOLAIRES";"AUTORISABLE_VACANCES_INSTRUCTION";"NON";"Couverture MOA des instructions opérationnelles"
"2027";"QV27:COVERAGE:B2:KICK-OFF:demi-section:N02a";"";"Instr demi-sct - KICK-OFF";"DPS";"DPS";"Instruction";"012B2";"DPS:B2";"N02a";"2027-02-20";"Samedi";"07:30";"10:30";"Caserne C1";"Chef section DPS";"Aucune session distincte";"1";"A_POSITIONNER";"";"MODIFIÉ_VOLONTAIREMENT";"";"OK_CALENDRIER_LOCAL";"NON";"Couverture MOA des instructions opérationnelles"
"2027";"QV27:COVERAGE:B2:KICK-OFF:demi-section:N01a";"";"Instr demi-sct - KICK-OFF";"DPS";"DPS";"Instruction";"012B2";"DPS:B2";"N01a";"2027-02-27";"Samedi";"07:30";"10:30";"Caserne C1";"Chef section DPS";"Aucune session distincte";"1";"A_POSITIONNER";"";"MODIFIÉ_VOLONTAIREMENT";"";"OK_CALENDRIER_LOCAL";"NON";"Couverture MOA des instructions opérationnelles"
"2027";"QV27:COVERAGE:B2:KICK-OFF:demi-section:N03b";"";"Instr demi-sct - KICK-OFF";"DPS";"DPS";"Instruction";"012B2";"DPS:B2";"N03b";"2027-03-06";"Samedi";"07:30";"10:30";"Caserne C1";"Chef section DPS";"Aucune session distincte";"1";"A_POSITIONNER";"";"MODIFIÉ_VOLONTAIREMENT";"";"OK_CALENDRIER_LOCAL";"NON";"Couverture MOA des instructions opérationnelles"
"2027";"QV27:COVERAGE:B2:KICK-OFF:demi-section:N02b";"";"Instr demi-sct - KICK-OFF";"DPS";"DPS";"Instruction";"012B2";"DPS:B2";"N02b";"2027-03-13";"Samedi";"07:30";"10:30";"Caserne C1";"Chef section DPS";"Aucune session distincte";"1";"A_POSITIONNER";"";"MODIFIÉ_VOLONTAIREMENT";"";"OK_CALENDRIER_LOCAL";"NON";"Couverture MOA des instructions opérationnelles"
"2027";"QV27:COVERAGE:B2:KICK-OFF:section:N02";"";"Instr sct - KICK-OFF";"DPS";"DPS";"Instruction";"012B2";"DPS:B2";"N02";"2027-04-03";"Samedi";"07:30";"10:30";"Caserne C1";"Chef section DPS";"Aucune session distincte";"1";"A_POSITIONNER";"";"MODIFIÉ_VOLONTAIREMENT";"VACANCES_SCOLAIRES";"AUTORISABLE_VACANCES_INSTRUCTION";"NON";"Couverture MOA des instructions opérationnelles"
"2027";"QV27:COVERAGE:B2:VARIA:section:N01";"";"Instr sct - VARIA";"DPS";"DPS";"Instruction";"012B2";"DPS:B2";"N01";"2027-07-03";"Samedi";"07:30";"10:30";"Caserne C1";"Chef section DPS";"Aucune session distincte";"1";"A_POSITIONNER";"";"MODIFIÉ_VOLONTAIREMENT";"VACANCES_SCOLAIRES";"AUTORISABLE_VACANCES_INSTRUCTION";"NON";"Couverture MOA des instructions opérationnelles"
"2027";"QV27:COVERAGE:B2:FEU:section:N03";"";"Instr sct - FEU";"DPS";"DPS";"Instruction";"012B2";"DPS:B2";"N03";"2027-11-13";"Samedi";"07:30";"10:30";"Caserne C1";"Chef section DPS";"Aucune session distincte";"1";"A_POSITIONNER";"";"MODIFIÉ_VOLONTAIREMENT";"";"OK_CALENDRIER_LOCAL";"NON";"Couverture MOA des instructions opérationnelles"
"2027";"QV27:PROJ:QV26-COURS-DE-CADRES-EXERCICE-DPS-1-EC74513E:2027-03-02:1900:B2";"012B1.001";"Cours de cadres exercice DPS 1";"F7";"DPS";"Exercice";"012B1";"DPS:B2";"";"2027-03-02";"Mardi";"19:00";"21:30";"Caserne B2";"C site";"Aucune session distincte";"1";"A_POSITIONNER";"classeur ligne 75";"HUMAN_REVIEW";"";"OK_CALENDRIER_LOCAL";"OUI";"4 ligne(s) de même titre en 2026, sans lien source exact"
"2027";"QV27:PROJ:QV26-COURS-DE-CADRES-EXERCICE-DPS-1-EC74513E:2027-04-01:1830:G1";"012B1.001";"Cours de cadres exercice DPS 1";"F7";"DPS";"Exercice";"012B1";"DPS:G1";"";"2027-04-01";"Jeudi";"18:30";"21:00";"Caserne G1";"C site";"Aucune session distincte";"1";"A_POSITIONNER";"classeur ligne 217";"HUMAN_REVIEW";"VACANCES_SCOLAIRES";"HUMAN_REVIEW_CALENDAR:VACANCES_SCOLAIRES";"OUI";"4 ligne(s) de même titre en 2026, sans lien source exact"
"2027";"QV27:PROJ:QV26-COURS-DE-CADRES-EXERCICE-DPS-2-D7F0BFF7:2027-08-18:1900:B2";"012B1.002";"Cours de cadres exercice DPS 2";"F7";"DPS";"Exercice";"012B1";"DPS:B2";"";"2027-08-18";"Mercredi";"19:00";"21:30";"Caserne B2";"C site";"Aucune session distincte";"1";"A_POSITIONNER";"classeur ligne 511";"HUMAN_REVIEW";"VACANCES_SCOLAIRES";"HUMAN_REVIEW_CALENDAR:VACANCES_SCOLAIRES";"OUI";"4 ligne(s) de même titre en 2026, sans lien source exact"
"2027";"QV27:PROJ:QV26-COURS-DE-CADRES-EXERCICE-DPS-2-D7F0BFF7:2027-09-29:1830:G1";"012B1.002";"Cours de cadres exercice DPS 2";"F7";"DPS";"Exercice";"012B1";"DPS:G1";"";"2027-09-29";"Mercredi";"18:30";"21:00";"Caserne G1";"C site";"Aucune session distincte";"1";"A_POSITIONNER";"classeur ligne 689";"HUMAN_REVIEW";"";"OK_CALENDRIER_LOCAL";"OUI";"4 ligne(s) de même titre en 2026, sans lien source exact"
"2027";"QV27:PROJ:QV26-COURS-DE-CADRES-EXERCICE-DPS-3-D4DA4C84:2027-09-21:1900:B1";"012B1.003";"Cours de cadres exercice DPS 3";"F7";"DPS";"Exercice";"012B1";"DPS:B1";"";"2027-09-21";"Mardi";"19:00";"21:30";"Caserne B1";"C site";"Aucune session distincte";"1";"A_POSITIONNER";"classeur ligne 649";"RECONDUIT";"";"OK_CALENDRIER_LOCAL";"NON";"Classeur 2026 ligne 649 ; date 2027 proposée, non validée par ce gate"
"2027";"QV27:PROJ:QV26-COURS-DE-CADRES-EXERCICE-DPS-3-D4DA4C84:2027-09-21:1900:B2";"012B1.003";"Cours de cadres exercice DPS 3";"F7";"DPS";"Exercice";"012B1";"DPS:B2";"";"2027-09-21";"Mardi";"19:00";"21:30";"Caserne B2";"C site";"Aucune session distincte";"1";"A_POSITIONNER";"classeur ligne 650";"HUMAN_REVIEW";"";"OK_CALENDRIER_LOCAL";"OUI";"3 ligne(s) de même titre en 2026, sans lien source exact"
"2027";"QV27:PROJ:QV26-COURS-DE-CADRES-EXERCICE-DPS-DAP-1-8AF88C67:2027-03-31:1900:Y1-Y2-Y3-Y4";"0120F7.001";"Cours de cadres exercice DPS-DAP 1";"F7";"DPS";"Exercice";"0120F7";"DAP:Y1";"";"2027-03-31";"Mercredi";"19:00";"21:30";"Caserne G1";"C for";"Aucune session distincte";"1";"A_POSITIONNER";"classeur ligne 215";"HUMAN_REVIEW";"VACANCES_SCOLAIRES";"HUMAN_REVIEW_CALENDAR:VACANCES_SCOLAIRES";"OUI";"2 ligne(s) de même titre en 2026, sans lien source exact"
"2027";"QV27:PROJ:QV26-COURS-DE-CADRES-EXERCICE-DPS-DAP-1-8AF88C67:2027-03-31:1900:Y1-Y2-Y3-Y4";"0120F7.001";"Cours de cadres exercice DPS-DAP 1";"F7";"DPS";"Exercice";"0120F7";"DAP:Y2";"";"2027-03-31";"Mercredi";"19:00";"21:30";"Caserne G1";"C for";"Aucune session distincte";"1";"A_POSITIONNER";"classeur ligne 215";"HUMAN_REVIEW";"VACANCES_SCOLAIRES";"HUMAN_REVIEW_CALENDAR:VACANCES_SCOLAIRES";"OUI";"2 ligne(s) de même titre en 2026, sans lien source exact"
"2027";"QV27:PROJ:QV26-COURS-DE-CADRES-EXERCICE-DPS-DAP-1-8AF88C67:2027-03-31:1900:Y1-Y2-Y3-Y4";"0120F7.001";"Cours de cadres exercice DPS-DAP 1";"F7";"DPS";"Exercice";"0120F7";"DAP:Y3";"";"2027-03-31";"Mercredi";"19:00";"21:30";"Caserne G1";"C for";"Aucune session distincte";"1";"A_POSITIONNER";"classeur ligne 215";"HUMAN_REVIEW";"VACANCES_SCOLAIRES";"HUMAN_REVIEW_CALENDAR:VACANCES_SCOLAIRES";"OUI";"2 ligne(s) de même titre en 2026, sans lien source exact"
"2027";"QV27:PROJ:QV26-COURS-DE-CADRES-EXERCICE-DPS-DAP-1-8AF88C67:2027-03-31:1900:Y1-Y2-Y3-Y4";"0120F7.001";"Cours de cadres exercice DPS-DAP 1";"F7";"DPS";"Exercice";"0120F7";"DAP:Y4";"";"2027-03-31";"Mercredi";"19:00";"21:30";"Caserne G1";"C for";"Aucune session distincte";"1";"A_POSITIONNER";"classeur ligne 215";"HUMAN_REVIEW";"VACANCES_SCOLAIRES";"HUMAN_REVIEW_CALENDAR:VACANCES_SCOLAIRES";"OUI";"2 ligne(s) de même titre en 2026, sans lien source exact"
"2027";"QV27:PROJ:QV26-COURS-DE-CADRES-EXERCICE-DPS-DAP-2-RECONNAISSANCE-LI-94E8317E:2027-06-22:1900:Y1-Y2-Y3-Y4";"0120F7.002";"Cours de cadres exercice DPS-DAP 2 - reconnaissance lieux";"F7";"DPS";"Exercice";"0120F7";"DAP:Y1";"";"2027-06-22";"Mardi";"19:00";"22:00";"Caserne G1";"C for";"Aucune session distincte";"1";"A_POSITIONNER";"classeur ligne 455";"HUMAN_REVIEW";"";"OK_CALENDRIER_LOCAL";"OUI";"2 ligne(s) de même titre en 2026, sans lien source exact"
"2027";"QV27:PROJ:QV26-COURS-DE-CADRES-EXERCICE-DPS-DAP-2-RECONNAISSANCE-LI-94E8317E:2027-06-22:1900:Y1-Y2-Y3-Y4";"0120F7.002";"Cours de cadres exercice DPS-DAP 2 - reconnaissance lieux";"F7";"DPS";"Exercice";"0120F7";"DAP:Y2";"";"2027-06-22";"Mardi";"19:00";"22:00";"Caserne G1";"C for";"Aucune session distincte";"1";"A_POSITIONNER";"classeur ligne 455";"HUMAN_REVIEW";"";"OK_CALENDRIER_LOCAL";"OUI";"2 ligne(s) de même titre en 2026, sans lien source exact"
"2027";"QV27:PROJ:QV26-COURS-DE-CADRES-EXERCICE-DPS-DAP-2-RECONNAISSANCE-LI-94E8317E:2027-06-22:1900:Y1-Y2-Y3-Y4";"0120F7.002";"Cours de cadres exercice DPS-DAP 2 - reconnaissance lieux";"F7";"DPS";"Exercice";"0120F7";"DAP:Y3";"";"2027-06-22";"Mardi";"19:00";"22:00";"Caserne G1";"C for";"Aucune session distincte";"1";"A_POSITIONNER";"classeur ligne 455";"HUMAN_REVIEW";"";"OK_CALENDRIER_LOCAL";"OUI";"2 ligne(s) de même titre en 2026, sans lien source exact"
"2027";"QV27:PROJ:QV26-COURS-DE-CADRES-EXERCICE-DPS-DAP-2-RECONNAISSANCE-LI-94E8317E:2027-06-22:1900:Y1-Y2-Y3-Y4";"0120F7.002";"Cours de cadres exercice DPS-DAP 2 - reconnaissance lieux";"F7";"DPS";"Exercice";"0120F7";"DAP:Y4";"";"2027-06-22";"Mardi";"19:00";"22:00";"Caserne G1";"C for";"Aucune session distincte";"1";"A_POSITIONNER";"classeur ligne 455";"HUMAN_REVIEW";"";"OK_CALENDRIER_LOCAL";"OUI";"2 ligne(s) de même titre en 2026, sans lien source exact"
"2027";"QV27:PROJ:QV26-EXERCICE-DPS-1-6A16603D:2027-03-23:1900:B2";"012B1.004";"Exercice DPS 1";"F7";"DPS";"Exercice";"012B1";"DPS:B2";"FOBA:2, FOBA:3";"2027-03-23";"Mardi";"19:00";"21:30";"Caserne B2";"C site";"Aucune session distincte";"1";"A_POSITIONNER";"classeur ligne 188";"HUMAN_REVIEW";"";"OK_CALENDRIER_LOCAL";"OUI";"4 ligne(s) de même titre en 2026, sans lien source exact"
"2027";"QV27:PROJ:QV26-EXERCICE-DPS-1-6A16603D:2027-04-21:1900:G1";"012B1.004";"Exercice DPS 1";"F7";"DPS";"Exercice";"012B1";"DPS:G1";"FOBA:2, FOBA:3";"2027-04-21";"Mercredi";"19:00";"22:00";"Caserne G1";"C site";"Aucune session distincte";"1";"A_POSITIONNER";"classeur ligne 252";"HUMAN_REVIEW";"";"OK_CALENDRIER_LOCAL";"OUI";"4 ligne(s) de même titre en 2026, sans lien source exact"
"2027";"QV27:PROJ:QV26-EXERCICE-DPS-2-54E09232:2027-09-16:1900:B2";"012B1.005";"Exercice DPS 2";"F7";"DPS";"Exercice";"012B1";"DPS:B2";"FOBA:2, FOBA:3";"2027-09-16";"Jeudi";"19:00";"21:30";"Caserne B2";"C site";"Aucune session distincte";"1";"A_POSITIONNER";"classeur ligne 637";"HUMAN_REVIEW";"";"OK_CALENDRIER_LOCAL";"OUI";"4 ligne(s) de même titre en 2026, sans lien source exact"
"2027";"QV27:PROJ:QV26-EXERCICE-DPS-2-54E09232:2027-11-17:1900:G1";"012B1.005";"Exercice DPS 2";"F7";"DPS";"Exercice";"012B1";"DPS:G1";"FOBA:2, FOBA:3";"2027-11-17";"Mercredi";"19:00";"22:00";"Caserne G1";"C site";"Aucune session distincte";"1";"A_POSITIONNER";"classeur ligne 804";"HUMAN_REVIEW";"";"OK_CALENDRIER_LOCAL";"OUI";"4 ligne(s) de même titre en 2026, sans lien source exact"
"2027";"QV27:PROJ:QV26-EXERCICE-DPS-3-29F948D1:2027-10-26:1900:B1";"012B1.006";"Exercice DPS 3";"F7";"DPS";"Exercice";"012B1";"DPS:B1";"FOBA:2, FOBA:3";"2027-10-26";"Mardi";"19:00";"21:30";"Caserne B1";"C site";"Aucune session distincte";"1";"A_POSITIONNER";"classeur ligne 738";"RECONDUIT";"";"OK_CALENDRIER_LOCAL";"NON";"Classeur 2026 ligne 738 ; date 2027 proposée, non validée par ce gate"
"2027";"QV27:PROJ:QV26-EXERCICE-DPS-3-29F948D1:2027-10-26:1900:B2";"012B1.006";"Exercice DPS 3";"F7";"DPS";"Exercice";"012B1";"DPS:B2";"FOBA:2, FOBA:3";"2027-10-26";"Mardi";"19:00";"21:30";"Caserne B2";"C site";"Aucune session distincte";"1";"A_POSITIONNER";"classeur ligne 739";"HUMAN_REVIEW";"";"OK_CALENDRIER_LOCAL";"OUI";"3 ligne(s) de même titre en 2026, sans lien source exact"
"2027";"QV27:PROJ:QV26-EXERCICE-DPS-DAP-1-7F1E9444:2027-06-03:1900:B1";"012B1.007";"Exercice DPS-DAP 1";"F7";"DPS";"Exercice";"012B1";"DPS:B1";"";"2027-06-03";"Jeudi";"19:00";"21:30";"Caserne B1";"C for";"Aucune session distincte";"1";"A_POSITIONNER";"classeur ligne 375";"RECONDUIT";"";"OK_CALENDRIER_LOCAL";"NON";"Classeur 2026 ligne 375 ; date 2027 proposée, non validée par ce gate"
"2027";"QV27:PROJ:QV26-EXERCICE-DPS-DAP-1-7F1E9444:2027-06-03:1900:Y2";"012B1.007";"Exercice DPS-DAP 1";"F7";"DPS";"Exercice";"012B1";"DAP:Y2";"";"2027-06-03";"Jeudi";"19:00";"21:30";"Caserne B1";"C for";"Aucune session distincte";"1";"A_POSITIONNER";"classeur ligne 376";"HUMAN_REVIEW";"";"OK_CALENDRIER_LOCAL";"OUI";"8 ligne(s) de même titre en 2026, sans lien source exact"
"2027";"QV27:PROJ:QV26-EXERCICE-DPS-DAP-1-7F1E9444:2027-06-16:1900:C1";"012B1.007";"Exercice DPS-DAP 1";"F7";"DPS";"Exercice";"012B1";"DPS:C1";"";"2027-06-16";"Mercredi";"19:00";"21:30";"Caserne C1";"C for";"Aucune session distincte";"1";"A_POSITIONNER";"classeur ligne 427";"HUMAN_REVIEW";"";"OK_CALENDRIER_LOCAL";"OUI";"8 ligne(s) de même titre en 2026, sans lien source exact"
"2027";"QV27:PROJ:QV26-EXERCICE-DPS-DAP-1-7F1E9444:2027-06-16:1900:Y3";"012B1.007";"Exercice DPS-DAP 1";"F7";"DPS";"Exercice";"012B1";"DAP:Y3";"";"2027-06-16";"Mercredi";"19:00";"21:30";"Caserne C1";"C for";"Aucune session distincte";"1";"A_POSITIONNER";"classeur ligne 428";"HUMAN_REVIEW";"";"OK_CALENDRIER_LOCAL";"OUI";"8 ligne(s) de même titre en 2026, sans lien source exact"
"2027";"QV27:PROJ:QV26-EXERCICE-DPS-DAP-2-668A88B6:2027-08-26:1900:Y3";"012B1.008";"Exercice DPS-DAP 2";"F7";"DPS";"Exercice";"012B1";"DAP:Y3";"FOBA:2";"2027-08-26";"Jeudi";"19:00";"21:30";"À définir";"C for";"Aucune session distincte";"1";"A_POSITIONNER";"classeur ligne 543";"HUMAN_REVIEW";"";"OK_CALENDRIER_LOCAL";"OUI";"16 ligne(s) de même titre en 2026, sans lien source exact"
"2027";"QV27:PROJ:QV26-EXERCICE-DPS-DAP-2-668A88B6:2027-08-26:1900:Y4";"012B1.008";"Exercice DPS-DAP 2";"F7";"DPS";"Exercice";"012B1";"DAP:Y4";"FOBA:2";"2027-08-26";"Jeudi";"19:00";"21:30";"À définir";"C for";"Aucune session distincte";"1";"A_POSITIONNER";"classeur ligne 544";"HUMAN_REVIEW";"";"OK_CALENDRIER_LOCAL";"OUI";"16 ligne(s) de même titre en 2026, sans lien source exact"
"2027";"QV27:PROJ:QV26-EXERCICE-DPS-DAP-2-668A88B6:2027-09-02:1900:C1";"012B1.008";"Exercice DPS-DAP 2";"F7";"DPS";"Exercice";"012B1";"DPS:C1";"FOBA:2";"2027-09-02";"Jeudi";"19:00";"21:30";"Caserne C1";"C for";"Aucune session distincte";"1";"A_POSITIONNER";"classeur ligne 567";"HUMAN_REVIEW";"";"OK_CALENDRIER_LOCAL";"OUI";"16 ligne(s) de même titre en 2026, sans lien source exact"
"2027";"QV27:PROJ:QV26-EXERCICE-DPS-DAP-2-668A88B6:2027-09-02:1900:B1";"012B1.008";"Exercice DPS-DAP 2";"F7";"DPS";"Exercice";"012B1";"DPS:B1";"FOBA:2";"2027-09-02";"Jeudi";"19:00";"21:30";"Caserne B1";"C for";"Aucune session distincte";"1";"A_POSITIONNER";"classeur ligne 568";"RECONDUIT";"";"OK_CALENDRIER_LOCAL";"NON";"Classeur 2026 ligne 568 ; date 2027 proposée, non validée par ce gate"
"2027";"QV27:PROJ:QV26-EXERCICE-DPS-DAP-2-668A88B6:2027-09-02:1900:B2";"012B1.008";"Exercice DPS-DAP 2";"F7";"DPS";"Exercice";"012B1";"DPS:B2";"FOBA:2";"2027-09-02";"Jeudi";"19:00";"21:30";"Caserne B2";"C for";"Aucune session distincte";"1";"A_POSITIONNER";"classeur ligne 569";"HUMAN_REVIEW";"";"OK_CALENDRIER_LOCAL";"OUI";"16 ligne(s) de même titre en 2026, sans lien source exact"
"2027";"QV27:PROJ:QV26-EXERCICE-DPS-DAP-2-668A88B6:2027-09-02:1900:Y2";"012B1.008";"Exercice DPS-DAP 2";"F7";"DPS";"Exercice";"012B1";"DAP:Y2";"FOBA:2";"2027-09-02";"Jeudi";"19:00";"21:30";"À définir";"C for";"Aucune session distincte";"1";"A_POSITIONNER";"classeur ligne 572";"HUMAN_REVIEW";"";"OK_CALENDRIER_LOCAL";"OUI";"16 ligne(s) de même titre en 2026, sans lien source exact"
"2027";"QV27:PROJ:QV26-EXERCICE-DPS-DAP-2-668A88B6:2027-09-02:1900:Y3";"012B1.008";"Exercice DPS-DAP 2";"F7";"DPS";"Exercice";"012B1";"DAP:Y3";"FOBA:2";"2027-09-02";"Jeudi";"19:00";"21:30";"À définir";"C for";"Aucune session distincte";"1";"A_POSITIONNER";"classeur ligne 573";"HUMAN_REVIEW";"";"OK_CALENDRIER_LOCAL";"OUI";"16 ligne(s) de même titre en 2026, sans lien source exact"
"2027";"QV27:PROJ:QV26-EXERCICE-DPS-DAP-2-668A88B6:2027-09-02:1900:Y4";"012B1.008";"Exercice DPS-DAP 2";"F7";"DPS";"Exercice";"012B1";"DAP:Y4";"FOBA:2";"2027-09-02";"Jeudi";"19:00";"21:30";"À définir";"C for";"Aucune session distincte";"1";"A_POSITIONNER";"classeur ligne 574";"HUMAN_REVIEW";"";"OK_CALENDRIER_LOCAL";"OUI";"16 ligne(s) de même titre en 2026, sans lien source exact"
"2027";"QV27:PROJ:QV26-EXERCICE-DPS-DAP-2-668A88B6:2027-09-29:1900:B1";"012B1.008";"Exercice DPS-DAP 2";"F7";"DPS";"Exercice";"012B1";"DPS:B1";"FOBA:2";"2027-09-29";"Mercredi";"19:00";"21:30";"Caserne B1";"C for";"Aucune session distincte";"1";"A_POSITIONNER";"classeur ligne 690";"RECONDUIT";"";"OK_CALENDRIER_LOCAL";"NON";"Classeur 2026 ligne 690 ; date 2027 proposée, non validée par ce gate"
"2027";"QV27:PROJ:QV26-EXERCICE-DPS-DAP-2-668A88B6:2027-09-29:1900:Y1";"012B1.008";"Exercice DPS-DAP 2";"F7";"DPS";"Exercice";"012B1";"DAP:Y1";"FOBA:2";"2027-09-29";"Mercredi";"19:00";"21:30";"À définir";"C for";"Aucune session distincte";"1";"A_POSITIONNER";"classeur ligne 691";"HUMAN_REVIEW";"";"OK_CALENDRIER_LOCAL";"OUI";"16 ligne(s) de même titre en 2026, sans lien source exact"
"2027";"QV27:PROJ:QV26-EXERCICE-DPS-DAP-2-668A88B6:2027-10-07:1900:B1";"012B1.008";"Exercice DPS-DAP 2";"F7";"DPS";"Exercice";"012B1";"DPS:B1";"FOBA:2";"2027-10-07";"Jeudi";"19:00";"21:30";"Caserne B1";"C for";"Aucune session distincte";"1";"A_POSITIONNER";"classeur ligne 720";"RECONDUIT";"";"OK_CALENDRIER_LOCAL";"NON";"Classeur 2026 ligne 720 ; date 2027 proposée, non validée par ce gate"
"2027";"QV27:PROJ:QV26-EXERCICE-DPS-DAP-2-668A88B6:2027-10-07:1900:Y1";"012B1.008";"Exercice DPS-DAP 2";"F7";"DPS";"Exercice";"012B1";"DAP:Y1";"FOBA:2";"2027-10-07";"Jeudi";"19:00";"21:30";"À définir";"C for";"Aucune session distincte";"1";"A_POSITIONNER";"classeur ligne 722";"HUMAN_REVIEW";"";"OK_CALENDRIER_LOCAL";"OUI";"16 ligne(s) de même titre en 2026, sans lien source exact"
"2027";"QV27:PROJ:QV26-JOURNEE-DES-FAMILLES-20BDA6AB:2027-09-04:0800:Y2";"";"Journée des familles";"F3";"";"Événement";"";"DAP:Y2";"FOBA:1";"2027-09-04";"Samedi";"08:00";"16:00";"Local Y2";"C sct";"Aucune session distincte";"1";"A_POSITIONNER";"classeur ligne 581";"RECONDUIT";"";"OK_CALENDRIER_LOCAL";"NON";"Classeur 2026 ligne 581 ; date 2027 proposée, non validée par ce gate"
"2027";"QV27:PROJ:QV26-NETTOYAGE-ANNUEL-CASERNE-0350F0E0:2027-06-24:1800:C1";"040B1.001";"Nettoyage annuel caserne";"F4";"";"Événement";"040B1";"DPS:C1";"";"2027-06-24";"Jeudi";"18:00";"21:30";"Caserne C1";"C log";"Aucune session distincte";"1";"A_POSITIONNER";"classeur ligne 460";"HUMAN_REVIEW";"";"OK_CALENDRIER_LOCAL";"OUI";"4 ligne(s) de même titre en 2026, sans lien source exact"
"2027";"QV27:PROJ:QV26-NETTOYAGE-ANNUEL-CASERNE-0350F0E0:2027-06-24:1800:B1";"040B1.001";"Nettoyage annuel caserne";"F4";"";"Événement";"040B1";"DPS:B1";"";"2027-06-24";"Jeudi";"18:00";"21:30";"Caserne B1";"C log";"Aucune session distincte";"1";"A_POSITIONNER";"classeur ligne 462";"RECONDUIT";"";"OK_CALENDRIER_LOCAL";"NON";"Classeur 2026 ligne 462 ; date 2027 proposée, non validée par ce gate"
"2027";"QV27:PROJ:QV26-NETTOYAGE-ANNUEL-CASERNE-0350F0E0:2027-06-24:1800:B2";"040B1.001";"Nettoyage annuel caserne";"F4";"";"Événement";"040B1";"DPS:B2";"";"2027-06-24";"Jeudi";"18:00";"21:30";"Caserne B2";"C log";"Aucune session distincte";"1";"A_POSITIONNER";"classeur ligne 463";"HUMAN_REVIEW";"";"OK_CALENDRIER_LOCAL";"OUI";"4 ligne(s) de même titre en 2026, sans lien source exact"
"2027";"QV27:PROJ:QV26-PREPARATION-XMAS-39727CE7:2027-11-24:1800:C1";"040B1.002";"Préparation Xmas";"F4";"";"Événement";"040B1";"DPS:C1";"";"2027-11-24";"Mercredi";"18:00";"21:00";"Caserne C1";"C log";"Aucune session distincte";"1";"A_POSITIONNER";"classeur ligne 815";"HUMAN_REVIEW";"";"OK_CALENDRIER_LOCAL";"OUI";"4 ligne(s) de même titre en 2026, sans lien source exact"
"2027";"QV27:PROJ:QV26-PREPARATION-XMAS-39727CE7:2027-11-24:1800:B1";"040B1.002";"Préparation Xmas";"F4";"";"Événement";"040B1";"DPS:B1";"";"2027-11-24";"Mercredi";"18:00";"21:00";"Caserne B1";"C log";"Aucune session distincte";"1";"A_POSITIONNER";"classeur ligne 816";"RECONDUIT";"";"OK_CALENDRIER_LOCAL";"NON";"Classeur 2026 ligne 816 ; date 2027 proposée, non validée par ce gate"
"2027";"QV27:PROJ:QV26-PREPARATION-XMAS-39727CE7:2027-11-24:1800:B2";"040B1.002";"Préparation Xmas";"F4";"";"Événement";"040B1";"DPS:B2";"";"2027-11-24";"Mercredi";"18:00";"21:00";"Caserne B2";"C log";"Aucune session distincte";"1";"A_POSITIONNER";"classeur ligne 817";"HUMAN_REVIEW";"";"OK_CALENDRIER_LOCAL";"OUI";"4 ligne(s) de même titre en 2026, sans lien source exact"
"2027";"QV27:PROJ:QV26-RECONNAISSANCE-DPS-C5EFD73F:2027-12-02:1800:G1";"0173F7.001";"Reconnaissance DPS";"F7";"DPS";"Événement";"0173F7";"DPS:G1";"";"2027-12-02";"Jeudi";"18:00";"20:30";"Caserne G1";"C op";"Aucune session distincte";"1";"A_POSITIONNER";"classeur ligne 831";"RECONDUIT";"";"OK_CALENDRIER_LOCAL";"NON";"Classeur 2026 ligne 831 ; date 2027 proposée, non validée par ce gate"
"2027";"QV27:PROJ:QV26-RECONNAISSANCE-DPS-C5EFD73F:2027-12-09:1900:C1";"0173F7.001";"Reconnaissance DPS";"F7";"DPS";"Événement";"0173F7";"DPS:C1";"";"2027-12-09";"Jeudi";"19:00";"21:30";"Caserne C1";"C op";"Aucune session distincte";"1";"A_POSITIONNER";"classeur ligne 840";"RECONDUIT";"";"OK_CALENDRIER_LOCAL";"NON";"Classeur 2026 ligne 840 ; date 2027 proposée, non validée par ce gate"
"2027";"QV27:PROJ:QV26-RECONNAISSANCE-DPS-C5EFD73F:2027-12-09:1900:B1";"0173F7.001";"Reconnaissance DPS";"F7";"DPS";"Événement";"0173F7";"DPS:B1";"";"2027-12-09";"Jeudi";"19:00";"21:30";"Caserne B1";"C op";"Aucune session distincte";"1";"A_POSITIONNER";"classeur ligne 841";"RECONDUIT";"";"OK_CALENDRIER_LOCAL";"NON";"Classeur 2026 ligne 841 ; date 2027 proposée, non validée par ce gate"
"2027";"QV27:PROJ:QV26-RECONNAISSANCE-DPS-C5EFD73F:2027-12-09:1900:B2";"0173F7.001";"Reconnaissance DPS";"F7";"DPS";"Événement";"0173F7";"DPS:B2";"";"2027-12-09";"Jeudi";"19:00";"21:30";"Caserne B2";"C op";"Aucune session distincte";"1";"A_POSITIONNER";"classeur ligne 842";"RECONDUIT";"";"OK_CALENDRIER_LOCAL";"NON";"Classeur 2026 ligne 842 ; date 2027 proposée, non validée par ce gate"
"2027";"QV27:PROJ:QV26-RECRUTEMENT-CANTONAL-62C39398:2027-11-04:1900:C1";"070F0.008";"Recrutement cantonal";"F0";"DPS";"Événement";"070F0";"DPS:C1";"";"2027-11-04";"Jeudi";"19:00";"21:00";"Caserne C1";"Cdt";"Aucune session distincte";"1";"A_POSITIONNER";"classeur ligne 770";"RECONDUIT";"";"OK_CALENDRIER_LOCAL";"NON";"Classeur 2026 ligne 770 ; date 2027 proposée, non validée par ce gate"
"2027";"QV27:PROJ:QV26-RECRUTEMENT-CANTONAL-62C39398:2027-11-04:1900:B1";"070F0.008";"Recrutement cantonal";"F0";"DPS";"Événement";"070F0";"DPS:B1";"";"2027-11-04";"Jeudi";"19:00";"21:00";"Caserne B1";"Cdt";"Aucune session distincte";"1";"A_POSITIONNER";"classeur ligne 771";"RECONDUIT";"";"OK_CALENDRIER_LOCAL";"NON";"Classeur 2026 ligne 771 ; date 2027 proposée, non validée par ce gate"
"2027";"QV27:PROJ:QV26-RECRUTEMENT-CANTONAL-62C39398:2027-11-04:1900:B2";"070F0.008";"Recrutement cantonal";"F0";"DPS";"Événement";"070F0";"DPS:B2";"";"2027-11-04";"Jeudi";"19:00";"21:00";"Caserne B2";"Cdt";"Aucune session distincte";"1";"A_POSITIONNER";"classeur ligne 772";"RECONDUIT";"";"OK_CALENDRIER_LOCAL";"NON";"Classeur 2026 ligne 772 ; date 2027 proposée, non validée par ce gate"
"2027";"QV27:PROJ:QV26-RECRUTEMENT-CANTONAL-62C39398:2027-11-04:1900:Y1";"070F0.008";"Recrutement cantonal";"F0";"DPS";"Événement";"070F0";"DAP:Y1";"";"2027-11-04";"Jeudi";"19:00";"21:00";"Local Y1";"Cdt";"Aucune session distincte";"1";"A_POSITIONNER";"classeur ligne 773";"RECONDUIT";"";"OK_CALENDRIER_LOCAL";"NON";"Classeur 2026 ligne 773 ; date 2027 proposée, non validée par ce gate"
"2027";"QV27:PROJ:QV26-RECRUTEMENT-CANTONAL-62C39398:2027-11-04:1900:Y2";"070F0.008";"Recrutement cantonal";"F0";"DPS";"Événement";"070F0";"DAP:Y2";"";"2027-11-04";"Jeudi";"19:00";"21:00";"Local Y2";"Cdt";"Aucune session distincte";"1";"A_POSITIONNER";"classeur ligne 774";"RECONDUIT";"";"OK_CALENDRIER_LOCAL";"NON";"Classeur 2026 ligne 774 ; date 2027 proposée, non validée par ce gate"
"2027";"QV27:PROJ:QV26-RECRUTEMENT-CANTONAL-62C39398:2027-11-04:1900:Y3";"070F0.008";"Recrutement cantonal";"F0";"DPS";"Événement";"070F0";"DAP:Y3";"";"2027-11-04";"Jeudi";"19:00";"21:00";"Local Y3";"Cdt";"Aucune session distincte";"1";"A_POSITIONNER";"classeur ligne 775";"RECONDUIT";"";"OK_CALENDRIER_LOCAL";"NON";"Classeur 2026 ligne 775 ; date 2027 proposée, non validée par ce gate"
"2027";"QV27:PROJ:QV26-RECRUTEMENT-CANTONAL-62C39398:2027-11-04:1900:Y4";"070F0.008";"Recrutement cantonal";"F0";"DPS";"Événement";"070F0";"DAP:Y4";"";"2027-11-04";"Jeudi";"19:00";"21:00";"Local Y4";"Cdt";"Aucune session distincte";"1";"A_POSITIONNER";"classeur ligne 776";"RECONDUIT";"";"OK_CALENDRIER_LOCAL";"NON";"Classeur 2026 ligne 776 ; date 2027 proposée, non validée par ce gate"
"2027";"QV27:PROJ:QV26-COURS-DE-CADRES-EXERCICE-DAP-4-CF22E79B:2027-09-28:1900:Y3";"013Y1.004";"Cours de cadres exercice DAP 4";"F7";"DAP";"Exercice";"013Y1";"DAP:Y3";"";"2027-09-28";"Mardi";"19:00";"21:30";"Local Y3";"C sct";"Aucune session distincte";"1";"A_POSITIONNER";"classeur ligne 681";"HUMAN_REVIEW";"";"OK_CALENDRIER_LOCAL";"OUI";"4 ligne(s) de même titre en 2026, sans lien source exact"
"2027";"QV27:PROJ:QV26-RECONNAISSANCE-DAP-BAA3FFE5:2027-06-10:1900:Y4";"0174F7.001";"Reconnaissance DAP";"F7";"DAP";"Événement";"0174F7";"DAP:Y4";"";"2027-06-10";"Jeudi";"19:00";"21:30";"Local Y4";"C op";"Aucune session distincte";"1";"A_POSITIONNER";"classeur ligne 404";"RECONDUIT";"";"OK_CALENDRIER_LOCAL";"NON";"Classeur 2026 ligne 404 ; date 2027 proposée, non validée par ce gate"
"2027";"QV27:PROJ:QV26-RECONNAISSANCE-DAP-BAA3FFE5:2027-06-17:1900:Y2";"0174F7.001";"Reconnaissance DAP";"F7";"DAP";"Événement";"0174F7";"DAP:Y2";"";"2027-06-17";"Jeudi";"19:00";"21:30";"Local Y2";"C op";"Aucune session distincte";"1";"A_POSITIONNER";"classeur ligne 435";"RECONDUIT";"";"OK_CALENDRIER_LOCAL";"NON";"Classeur 2026 ligne 435 ; date 2027 proposée, non validée par ce gate"
"2027";"QV27:PROJ:QV26-SEANCE-INTERNE-CADRES-JSP-21EF2225:2027-09-14:1800:B1";"010JB1.011";"Séance interne cadres JSP";"F7";"JSP";"Événement";"010JB1";"JSP:B1";"JSP:1";"2027-09-14";"Mardi";"18:00";"21:00";"Caserne B1";"C site JSP";"Aucune session distincte";"1";"A_POSITIONNER";"classeur ligne 623";"RECONDUIT";"";"OK_CALENDRIER_LOCAL";"NON";"Classeur 2026 ligne 623 ; date 2027 proposée, non validée par ce gate"
"2027";"QV27:PROJ:QV26-EXERCICE-TRUCK-1-1-202AC9BA:2027-04-20:1900:C1";"01521F7.013";"Exercice TRUCK 1.1";"F7";"AUTO";"Exercice";"01521F7";"DPS:C1";"AUTO:1";"2027-04-20";"Mardi";"19:00";"21:30";"Caserne C1";"Of auto";"Aucune session distincte";"1";"A_POSITIONNER";"classeur ligne 244";"RECONDUIT";"";"OK_CALENDRIER_LOCAL";"NON";"Classeur 2026 ligne 244 ; date 2027 proposée, non validée par ce gate"
"2027";"QV27:PROJ:QV26-EXERCICE-TRUCK-1-1-202AC9BA:2027-04-20:1900:B1";"01521F7.013";"Exercice TRUCK 1.1";"F7";"AUTO";"Exercice";"01521F7";"DPS:B1";"AUTO:1";"2027-04-20";"Mardi";"19:00";"21:30";"Caserne B1";"Of auto";"Aucune session distincte";"1";"A_POSITIONNER";"classeur ligne 246";"RECONDUIT";"";"OK_CALENDRIER_LOCAL";"NON";"Classeur 2026 ligne 246 ; date 2027 proposée, non validée par ce gate"
"2027";"QV27:PROJ:QV26-EXERCICE-TRUCK-1-2-B2637E39:2027-04-29:1900:C1";"01521F7.014";"Exercice TRUCK 1.2";"F7";"AUTO";"Exercice";"01521F7";"DPS:C1";"AUTO:1";"2027-04-29";"Jeudi";"19:00";"21:30";"Caserne C1";"Of auto";"Aucune session distincte";"1";"A_POSITIONNER";"classeur ligne 270";"RECONDUIT";"";"OK_CALENDRIER_LOCAL";"NON";"Classeur 2026 ligne 270 ; date 2027 proposée, non validée par ce gate"
"2027";"QV27:PROJ:QV26-EXERCICE-TRUCK-1-2-B2637E39:2027-04-29:1900:B1";"01521F7.014";"Exercice TRUCK 1.2";"F7";"AUTO";"Exercice";"01521F7";"DPS:B1";"AUTO:1";"2027-04-29";"Jeudi";"19:00";"21:30";"Caserne B1";"Of auto";"Aucune session distincte";"1";"A_POSITIONNER";"classeur ligne 272";"RECONDUIT";"";"OK_CALENDRIER_LOCAL";"NON";"Classeur 2026 ligne 272 ; date 2027 proposée, non validée par ce gate"
"2027";"QV27:PROJ:QV26-EXERCICE-TRUCK-1-3-94F967E5:2027-05-20:1900:C1";"01521F7.015";"Exercice TRUCK 1.3";"F7";"AUTO";"Exercice";"01521F7";"DPS:C1";"AUTO:1";"2027-05-20";"Jeudi";"19:00";"21:30";"Caserne C1";"Of auto";"Aucune session distincte";"1";"A_POSITIONNER";"classeur ligne 332";"RECONDUIT";"";"OK_CALENDRIER_LOCAL";"NON";"Classeur 2026 ligne 332 ; date 2027 proposée, non validée par ce gate"
"2027";"QV27:PROJ:QV26-SEANCE-CADRES-F5-6-A6B9A14F:2027-06-10:1800:G1-B1";"070F56.003";"Séance cadres F5/6";"F6";"";"Événement";"070F56";"DPS:G1";"";"2027-06-10";"Jeudi";"18:00";"20:00";"Caserne G1";"Of spéc";"Aucune session distincte";"1";"A_POSITIONNER";"classeur ligne 398";"RECONDUIT";"";"OK_CALENDRIER_LOCAL";"NON";"Classeur 2026 ligne 398 ; date 2027 proposée, non validée par ce gate"
"2027";"QV27:PROJ:QV26-SEANCE-CADRES-F5-6-A6B9A14F:2027-06-10:1800:G1-B1";"070F56.003";"Séance cadres F5/6";"F6";"";"Événement";"070F56";"DPS:B1";"";"2027-06-10";"Jeudi";"18:00";"20:00";"Caserne G1";"Of spéc";"Aucune session distincte";"1";"A_POSITIONNER";"classeur ligne 398";"RECONDUIT";"";"OK_CALENDRIER_LOCAL";"NON";"Classeur 2026 ligne 398 ; date 2027 proposée, non validée par ce gate"
"2027";"QV27:PROJ:QV26-SEANCE-CADRES-F5-6-A6B9A14F:2027-10-28:1800:G1-B1";"070F56.003";"Séance cadres F5/6";"F6";"";"Événement";"070F56";"DPS:G1";"";"2027-10-28";"Jeudi";"18:00";"20:00";"Caserne G1";"Of spéc";"Aucune session distincte";"1";"A_POSITIONNER";"classeur ligne 747";"RECONDUIT";"";"OK_CALENDRIER_LOCAL";"NON";"Classeur 2026 ligne 747 ; date 2027 proposée, non validée par ce gate"
"2027";"QV27:PROJ:QV26-SEANCE-CADRES-F5-6-A6B9A14F:2027-10-28:1800:G1-B1";"070F56.003";"Séance cadres F5/6";"F6";"";"Événement";"070F56";"DPS:B1";"";"2027-10-28";"Jeudi";"18:00";"20:00";"Caserne G1";"Of spéc";"Aucune session distincte";"1";"A_POSITIONNER";"classeur ligne 747";"RECONDUIT";"";"OK_CALENDRIER_LOCAL";"NON";"Classeur 2026 ligne 747 ; date 2027 proposée, non validée par ce gate"
"2027";"QV27:PROJ:QV26-SEANCE-DIRECTION-JSP-32B2ACA4:2027-02-23:1830:Caserne-G1";"010JSP.021";"Séance Direction JSP";"F7";"JSP";"Événement";"010JSP";"JSP:G1";"JSP:1";"2027-02-23";"Mardi";"18:30";"20:30";"Caserne G1";"C JSP";"Aucune session distincte";"1";"A_POSITIONNER";"classeur ligne 43";"RECONDUIT";"";"OK_CALENDRIER_LOCAL";"NON";"Classeur 2026 ligne 43 ; date 2027 proposée, non validée par ce gate"
"2027";"QV27:PROJ:QV26-SEANCE-DIRECTION-JSP-32B2ACA4:2027-02-23:1830:Caserne-G1";"010JSP.021";"Séance Direction JSP";"F7";"JSP";"Événement";"010JSP";"JSP:C1";"JSP:1";"2027-02-23";"Mardi";"18:30";"20:30";"Caserne G1";"C JSP";"Aucune session distincte";"1";"A_POSITIONNER";"classeur ligne 43";"RECONDUIT";"";"OK_CALENDRIER_LOCAL";"NON";"Classeur 2026 ligne 43 ; date 2027 proposée, non validée par ce gate"
"2027";"QV27:PROJ:QV26-SEANCE-DIRECTION-JSP-32B2ACA4:2027-02-23:1830:Caserne-G1";"010JSP.021";"Séance Direction JSP";"F7";"JSP";"Événement";"010JSP";"JSP:B1";"JSP:1";"2027-02-23";"Mardi";"18:30";"20:30";"Caserne G1";"C JSP";"Aucune session distincte";"1";"A_POSITIONNER";"classeur ligne 43";"RECONDUIT";"";"OK_CALENDRIER_LOCAL";"NON";"Classeur 2026 ligne 43 ; date 2027 proposée, non validée par ce gate"
"2027";"QV27:PROJ:QV26-SEANCE-DIRECTION-JSP-32B2ACA4:2027-03-10:1830:Caserne-G1";"010JSP.021";"Séance Direction JSP";"F7";"JSP";"Événement";"010JSP";"JSP:G1";"JSP:1";"2027-03-10";"Mercredi";"18:30";"20:30";"Caserne G1";"C JSP";"Aucune session distincte";"1";"A_POSITIONNER";"classeur ligne 124";"RECONDUIT";"";"OK_CALENDRIER_LOCAL";"NON";"Classeur 2026 ligne 124 ; date 2027 proposée, non validée par ce gate"
"2027";"QV27:PROJ:QV26-SEANCE-DIRECTION-JSP-32B2ACA4:2027-03-10:1830:Caserne-G1";"010JSP.021";"Séance Direction JSP";"F7";"JSP";"Événement";"010JSP";"JSP:C1";"JSP:1";"2027-03-10";"Mercredi";"18:30";"20:30";"Caserne G1";"C JSP";"Aucune session distincte";"1";"A_POSITIONNER";"classeur ligne 124";"RECONDUIT";"";"OK_CALENDRIER_LOCAL";"NON";"Classeur 2026 ligne 124 ; date 2027 proposée, non validée par ce gate"
"2027";"QV27:PROJ:QV26-SEANCE-DIRECTION-JSP-32B2ACA4:2027-03-10:1830:Caserne-G1";"010JSP.021";"Séance Direction JSP";"F7";"JSP";"Événement";"010JSP";"JSP:B1";"JSP:1";"2027-03-10";"Mercredi";"18:30";"20:30";"Caserne G1";"C JSP";"Aucune session distincte";"1";"A_POSITIONNER";"classeur ligne 124";"RECONDUIT";"";"OK_CALENDRIER_LOCAL";"NON";"Classeur 2026 ligne 124 ; date 2027 proposée, non validée par ce gate"
"2027";"QV27:PROJ:QV26-SEANCE-DIRECTION-JSP-32B2ACA4:2027-04-20:1830:Caserne-G1";"010JSP.021";"Séance Direction JSP";"F7";"JSP";"Événement";"010JSP";"JSP:G1";"JSP:1";"2027-04-20";"Mardi";"18:30";"20:30";"Caserne G1";"C JSP";"Aucune session distincte";"1";"A_POSITIONNER";"classeur ligne 242";"RECONDUIT";"";"OK_CALENDRIER_LOCAL";"NON";"Classeur 2026 ligne 242 ; date 2027 proposée, non validée par ce gate"
"2027";"QV27:PROJ:QV26-SEANCE-DIRECTION-JSP-32B2ACA4:2027-04-20:1830:Caserne-G1";"010JSP.021";"Séance Direction JSP";"F7";"JSP";"Événement";"010JSP";"JSP:C1";"JSP:1";"2027-04-20";"Mardi";"18:30";"20:30";"Caserne G1";"C JSP";"Aucune session distincte";"1";"A_POSITIONNER";"classeur ligne 242";"RECONDUIT";"";"OK_CALENDRIER_LOCAL";"NON";"Classeur 2026 ligne 242 ; date 2027 proposée, non validée par ce gate"
"2027";"QV27:PROJ:QV26-SEANCE-DIRECTION-JSP-32B2ACA4:2027-04-20:1830:Caserne-G1";"010JSP.021";"Séance Direction JSP";"F7";"JSP";"Événement";"010JSP";"JSP:B1";"JSP:1";"2027-04-20";"Mardi";"18:30";"20:30";"Caserne G1";"C JSP";"Aucune session distincte";"1";"A_POSITIONNER";"classeur ligne 242";"RECONDUIT";"";"OK_CALENDRIER_LOCAL";"NON";"Classeur 2026 ligne 242 ; date 2027 proposée, non validée par ce gate"
"2027";"QV27:PROJ:QV26-SEANCE-DIRECTION-JSP-32B2ACA4:2027-05-17:1830:Caserne-G1";"010JSP.021";"Séance Direction JSP";"F7";"JSP";"Événement";"010JSP";"JSP:G1";"JSP:1";"2027-05-17";"Lundi";"18:30";"20:30";"Caserne G1";"C JSP";"Aucune session distincte";"1";"A_POSITIONNER";"classeur ligne 316";"RECONDUIT";"FERIE";"HUMAN_REVIEW_CALENDAR:FERIE";"OUI";"Classeur 2026 ligne 316 ; date 2027 proposée, non validée par ce gate"
"2027";"QV27:PROJ:QV26-SEANCE-DIRECTION-JSP-32B2ACA4:2027-05-17:1830:Caserne-G1";"010JSP.021";"Séance Direction JSP";"F7";"JSP";"Événement";"010JSP";"JSP:C1";"JSP:1";"2027-05-17";"Lundi";"18:30";"20:30";"Caserne G1";"C JSP";"Aucune session distincte";"1";"A_POSITIONNER";"classeur ligne 316";"RECONDUIT";"FERIE";"HUMAN_REVIEW_CALENDAR:FERIE";"OUI";"Classeur 2026 ligne 316 ; date 2027 proposée, non validée par ce gate"
"2027";"QV27:PROJ:QV26-SEANCE-DIRECTION-JSP-32B2ACA4:2027-05-17:1830:Caserne-G1";"010JSP.021";"Séance Direction JSP";"F7";"JSP";"Événement";"010JSP";"JSP:B1";"JSP:1";"2027-05-17";"Lundi";"18:30";"20:30";"Caserne G1";"C JSP";"Aucune session distincte";"1";"A_POSITIONNER";"classeur ligne 316";"RECONDUIT";"FERIE";"HUMAN_REVIEW_CALENDAR:FERIE";"OUI";"Classeur 2026 ligne 316 ; date 2027 proposée, non validée par ce gate"
"2027";"QV27:PROJ:QV26-SEANCE-DIRECTION-JSP-32B2ACA4:2027-06-22:1830:Caserne-G1";"010JSP.021";"Séance Direction JSP";"F7";"JSP";"Événement";"010JSP";"JSP:G1";"JSP:1";"2027-06-22";"Mardi";"18:30";"20:30";"Caserne G1";"C JSP";"Aucune session distincte";"1";"A_POSITIONNER";"classeur ligne 453";"RECONDUIT";"";"OK_CALENDRIER_LOCAL";"NON";"Classeur 2026 ligne 453 ; date 2027 proposée, non validée par ce gate"
"2027";"QV27:PROJ:QV26-SEANCE-DIRECTION-JSP-32B2ACA4:2027-06-22:1830:Caserne-G1";"010JSP.021";"Séance Direction JSP";"F7";"JSP";"Événement";"010JSP";"JSP:C1";"JSP:1";"2027-06-22";"Mardi";"18:30";"20:30";"Caserne G1";"C JSP";"Aucune session distincte";"1";"A_POSITIONNER";"classeur ligne 453";"RECONDUIT";"";"OK_CALENDRIER_LOCAL";"NON";"Classeur 2026 ligne 453 ; date 2027 proposée, non validée par ce gate"
"2027";"QV27:PROJ:QV26-SEANCE-DIRECTION-JSP-32B2ACA4:2027-06-22:1830:Caserne-G1";"010JSP.021";"Séance Direction JSP";"F7";"JSP";"Événement";"010JSP";"JSP:B1";"JSP:1";"2027-06-22";"Mardi";"18:30";"20:30";"Caserne G1";"C JSP";"Aucune session distincte";"1";"A_POSITIONNER";"classeur ligne 453";"RECONDUIT";"";"OK_CALENDRIER_LOCAL";"NON";"Classeur 2026 ligne 453 ; date 2027 proposée, non validée par ce gate"
"2027";"QV27:PROJ:QV26-SEANCE-DIRECTION-JSP-32B2ACA4:2027-08-19:1830:Caserne-G1";"010JSP.021";"Séance Direction JSP";"F7";"JSP";"Événement";"010JSP";"JSP:G1";"JSP:1";"2027-08-19";"Jeudi";"18:30";"20:30";"Caserne G1";"C JSP";"Aucune session distincte";"1";"A_POSITIONNER";"classeur ligne 514";"RECONDUIT";"VACANCES_SCOLAIRES";"HUMAN_REVIEW_CALENDAR:VACANCES_SCOLAIRES";"OUI";"Classeur 2026 ligne 514 ; date 2027 proposée, non validée par ce gate"
"2027";"QV27:PROJ:QV26-SEANCE-DIRECTION-JSP-32B2ACA4:2027-08-19:1830:Caserne-G1";"010JSP.021";"Séance Direction JSP";"F7";"JSP";"Événement";"010JSP";"JSP:C1";"JSP:1";"2027-08-19";"Jeudi";"18:30";"20:30";"Caserne G1";"C JSP";"Aucune session distincte";"1";"A_POSITIONNER";"classeur ligne 514";"RECONDUIT";"VACANCES_SCOLAIRES";"HUMAN_REVIEW_CALENDAR:VACANCES_SCOLAIRES";"OUI";"Classeur 2026 ligne 514 ; date 2027 proposée, non validée par ce gate"
"2027";"QV27:PROJ:QV26-SEANCE-DIRECTION-JSP-32B2ACA4:2027-08-19:1830:Caserne-G1";"010JSP.021";"Séance Direction JSP";"F7";"JSP";"Événement";"010JSP";"JSP:B1";"JSP:1";"2027-08-19";"Jeudi";"18:30";"20:30";"Caserne G1";"C JSP";"Aucune session distincte";"1";"A_POSITIONNER";"classeur ligne 514";"RECONDUIT";"VACANCES_SCOLAIRES";"HUMAN_REVIEW_CALENDAR:VACANCES_SCOLAIRES";"OUI";"Classeur 2026 ligne 514 ; date 2027 proposée, non validée par ce gate"
"2027";"QV27:PROJ:QV26-SEANCE-DIRECTION-JSP-32B2ACA4:2027-09-22:1830:Caserne-G1";"010JSP.021";"Séance Direction JSP";"F7";"JSP";"Événement";"010JSP";"JSP:G1";"JSP:1";"2027-09-22";"Mercredi";"18:30";"20:30";"Caserne G1";"C JSP";"Aucune session distincte";"1";"A_POSITIONNER";"classeur ligne 660";"RECONDUIT";"";"OK_CALENDRIER_LOCAL";"NON";"Classeur 2026 ligne 660 ; date 2027 proposée, non validée par ce gate"
"2027";"QV27:PROJ:QV26-SEANCE-DIRECTION-JSP-32B2ACA4:2027-09-22:1830:Caserne-G1";"010JSP.021";"Séance Direction JSP";"F7";"JSP";"Événement";"010JSP";"JSP:C1";"JSP:1";"2027-09-22";"Mercredi";"18:30";"20:30";"Caserne G1";"C JSP";"Aucune session distincte";"1";"A_POSITIONNER";"classeur ligne 660";"RECONDUIT";"";"OK_CALENDRIER_LOCAL";"NON";"Classeur 2026 ligne 660 ; date 2027 proposée, non validée par ce gate"
"2027";"QV27:PROJ:QV26-SEANCE-DIRECTION-JSP-32B2ACA4:2027-09-22:1830:Caserne-G1";"010JSP.021";"Séance Direction JSP";"F7";"JSP";"Événement";"010JSP";"JSP:B1";"JSP:1";"2027-09-22";"Mercredi";"18:30";"20:30";"Caserne G1";"C JSP";"Aucune session distincte";"1";"A_POSITIONNER";"classeur ligne 660";"RECONDUIT";"";"OK_CALENDRIER_LOCAL";"NON";"Classeur 2026 ligne 660 ; date 2027 proposée, non validée par ce gate"
"2027";"QV27:PROJ:QV26-SEANCE-DIRECTION-JSP-32B2ACA4:2027-10-25:1830:Caserne-G1";"010JSP.021";"Séance Direction JSP";"F7";"JSP";"Événement";"010JSP";"JSP:G1";"JSP:1";"2027-10-25";"Lundi";"18:30";"20:30";"Caserne G1";"C JSP";"Aucune session distincte";"1";"A_POSITIONNER";"classeur ligne 733";"RECONDUIT";"";"OK_CALENDRIER_LOCAL";"NON";"Classeur 2026 ligne 733 ; date 2027 proposée, non validée par ce gate"
"2027";"QV27:PROJ:QV26-SEANCE-DIRECTION-JSP-32B2ACA4:2027-10-25:1830:Caserne-G1";"010JSP.021";"Séance Direction JSP";"F7";"JSP";"Événement";"010JSP";"JSP:C1";"JSP:1";"2027-10-25";"Lundi";"18:30";"20:30";"Caserne G1";"C JSP";"Aucune session distincte";"1";"A_POSITIONNER";"classeur ligne 733";"RECONDUIT";"";"OK_CALENDRIER_LOCAL";"NON";"Classeur 2026 ligne 733 ; date 2027 proposée, non validée par ce gate"
"2027";"QV27:PROJ:QV26-SEANCE-DIRECTION-JSP-32B2ACA4:2027-10-25:1830:Caserne-G1";"010JSP.021";"Séance Direction JSP";"F7";"JSP";"Événement";"010JSP";"JSP:B1";"JSP:1";"2027-10-25";"Lundi";"18:30";"20:30";"Caserne G1";"C JSP";"Aucune session distincte";"1";"A_POSITIONNER";"classeur ligne 733";"RECONDUIT";"";"OK_CALENDRIER_LOCAL";"NON";"Classeur 2026 ligne 733 ; date 2027 proposée, non validée par ce gate"
"2027";"QV27:PROJ:QV26-SEANCE-DIRECTION-JSP-32B2ACA4:2027-11-24:1830:Caserne-G1";"010JSP.021";"Séance Direction JSP";"F7";"JSP";"Événement";"010JSP";"JSP:G1";"JSP:1";"2027-11-24";"Mercredi";"18:30";"20:30";"Caserne G1";"C JSP";"Aucune session distincte";"1";"A_POSITIONNER";"classeur ligne 818";"RECONDUIT";"";"OK_CALENDRIER_LOCAL";"NON";"Classeur 2026 ligne 818 ; date 2027 proposée, non validée par ce gate"
"2027";"QV27:PROJ:QV26-SEANCE-DIRECTION-JSP-32B2ACA4:2027-11-24:1830:Caserne-G1";"010JSP.021";"Séance Direction JSP";"F7";"JSP";"Événement";"010JSP";"JSP:C1";"JSP:1";"2027-11-24";"Mercredi";"18:30";"20:30";"Caserne G1";"C JSP";"Aucune session distincte";"1";"A_POSITIONNER";"classeur ligne 818";"RECONDUIT";"";"OK_CALENDRIER_LOCAL";"NON";"Classeur 2026 ligne 818 ; date 2027 proposée, non validée par ce gate"
"2027";"QV27:PROJ:QV26-SEANCE-DIRECTION-JSP-32B2ACA4:2027-11-24:1830:Caserne-G1";"010JSP.021";"Séance Direction JSP";"F7";"JSP";"Événement";"010JSP";"JSP:B1";"JSP:1";"2027-11-24";"Mercredi";"18:30";"20:30";"Caserne G1";"C JSP";"Aucune session distincte";"1";"A_POSITIONNER";"classeur ligne 818";"RECONDUIT";"";"OK_CALENDRIER_LOCAL";"NON";"Classeur 2026 ligne 818 ; date 2027 proposée, non validée par ce gate"
"2027";"QV27:PROJ:QV26-SEANCE-ECHELONS-II-III-ET-IV-CF4E7AAB:2027-08-30:1830:G1-C1-B1-B2-Y1-Y2-Y3-Y4";"070F1.007";"Séance échelons II, III et IV";"F1/8";"";"Événement";"070F1";"DPS:G1";"ECH:II, ECH:III, ECH:IV";"2027-08-30";"Lundi";"18:30";"21:00";"Caserne G1";"Cdt";"Aucune session distincte";"1";"A_POSITIONNER";"classeur ligne 557";"RECONDUIT";"";"OK_CALENDRIER_LOCAL";"NON";"Classeur 2026 ligne 557 ; date 2027 proposée, non validée par ce gate"
"2027";"QV27:PROJ:QV26-SEANCE-ECHELONS-II-III-ET-IV-CF4E7AAB:2027-08-30:1830:G1-C1-B1-B2-Y1-Y2-Y3-Y4";"070F1.007";"Séance échelons II, III et IV";"F1/8";"";"Événement";"070F1";"DPS:C1";"ECH:II, ECH:III, ECH:IV";"2027-08-30";"Lundi";"18:30";"21:00";"Caserne G1";"Cdt";"Aucune session distincte";"1";"A_POSITIONNER";"classeur ligne 557";"RECONDUIT";"";"OK_CALENDRIER_LOCAL";"NON";"Classeur 2026 ligne 557 ; date 2027 proposée, non validée par ce gate"
"2027";"QV27:PROJ:QV26-SEANCE-ECHELONS-II-III-ET-IV-CF4E7AAB:2027-08-30:1830:G1-C1-B1-B2-Y1-Y2-Y3-Y4";"070F1.007";"Séance échelons II, III et IV";"F1/8";"";"Événement";"070F1";"DPS:B1";"ECH:II, ECH:III, ECH:IV";"2027-08-30";"Lundi";"18:30";"21:00";"Caserne G1";"Cdt";"Aucune session distincte";"1";"A_POSITIONNER";"classeur ligne 557";"RECONDUIT";"";"OK_CALENDRIER_LOCAL";"NON";"Classeur 2026 ligne 557 ; date 2027 proposée, non validée par ce gate"
"2027";"QV27:PROJ:QV26-SEANCE-ECHELONS-II-III-ET-IV-CF4E7AAB:2027-08-30:1830:G1-C1-B1-B2-Y1-Y2-Y3-Y4";"070F1.007";"Séance échelons II, III et IV";"F1/8";"";"Événement";"070F1";"DPS:B2";"ECH:II, ECH:III, ECH:IV";"2027-08-30";"Lundi";"18:30";"21:00";"Caserne G1";"Cdt";"Aucune session distincte";"1";"A_POSITIONNER";"classeur ligne 557";"RECONDUIT";"";"OK_CALENDRIER_LOCAL";"NON";"Classeur 2026 ligne 557 ; date 2027 proposée, non validée par ce gate"
"2027";"QV27:PROJ:QV26-SEANCE-ECHELONS-II-III-ET-IV-CF4E7AAB:2027-08-30:1830:G1-C1-B1-B2-Y1-Y2-Y3-Y4";"070F1.007";"Séance échelons II, III et IV";"F1/8";"";"Événement";"070F1";"DAP:Y1";"ECH:II, ECH:III, ECH:IV";"2027-08-30";"Lundi";"18:30";"21:00";"Caserne G1";"Cdt";"Aucune session distincte";"1";"A_POSITIONNER";"classeur ligne 557";"RECONDUIT";"";"OK_CALENDRIER_LOCAL";"NON";"Classeur 2026 ligne 557 ; date 2027 proposée, non validée par ce gate"
"2027";"QV27:PROJ:QV26-SEANCE-ECHELONS-II-III-ET-IV-CF4E7AAB:2027-08-30:1830:G1-C1-B1-B2-Y1-Y2-Y3-Y4";"070F1.007";"Séance échelons II, III et IV";"F1/8";"";"Événement";"070F1";"DAP:Y2";"ECH:II, ECH:III, ECH:IV";"2027-08-30";"Lundi";"18:30";"21:00";"Caserne G1";"Cdt";"Aucune session distincte";"1";"A_POSITIONNER";"classeur ligne 557";"RECONDUIT";"";"OK_CALENDRIER_LOCAL";"NON";"Classeur 2026 ligne 557 ; date 2027 proposée, non validée par ce gate"
"2027";"QV27:PROJ:QV26-SEANCE-ECHELONS-II-III-ET-IV-CF4E7AAB:2027-08-30:1830:G1-C1-B1-B2-Y1-Y2-Y3-Y4";"070F1.007";"Séance échelons II, III et IV";"F1/8";"";"Événement";"070F1";"DAP:Y3";"ECH:II, ECH:III, ECH:IV";"2027-08-30";"Lundi";"18:30";"21:00";"Caserne G1";"Cdt";"Aucune session distincte";"1";"A_POSITIONNER";"classeur ligne 557";"RECONDUIT";"";"OK_CALENDRIER_LOCAL";"NON";"Classeur 2026 ligne 557 ; date 2027 proposée, non validée par ce gate"
"2027";"QV27:PROJ:QV26-SEANCE-ECHELONS-II-III-ET-IV-CF4E7AAB:2027-08-30:1830:G1-C1-B1-B2-Y1-Y2-Y3-Y4";"070F1.007";"Séance échelons II, III et IV";"F1/8";"";"Événement";"070F1";"DAP:Y4";"ECH:II, ECH:III, ECH:IV";"2027-08-30";"Lundi";"18:30";"21:00";"Caserne G1";"Cdt";"Aucune session distincte";"1";"A_POSITIONNER";"classeur ligne 557";"RECONDUIT";"";"OK_CALENDRIER_LOCAL";"NON";"Classeur 2026 ligne 557 ; date 2027 proposée, non validée par ce gate"
"2027";"QV27:PROJ:QV26-SEANCE-CADRES-JSP-1591AA8A:2027-12-06:1800:Caserne-G1";"010JG1.001";"Séance cadres JSP";"F7";"JSP";"Événement";"010JG1";"JSP:G1";"JSP:1";"2027-12-06";"Lundi";"18:00";"20:00";"Caserne G1";"C JSP";"Aucune session distincte";"1";"A_POSITIONNER";"classeur ligne 835";"HUMAN_REVIEW";"";"OK_CALENDRIER_LOCAL";"OUI";"Aucune correspondance 2026 exacte prouvée"
"2027";"QV27:PROJ:QV26-SEANCE-CADRES-JSP-1591AA8A:2027-12-06:1800:Caserne-G1";"010JG1.001";"Séance cadres JSP";"F7";"JSP";"Événement";"010JG1";"JSP:C1";"JSP:1";"2027-12-06";"Lundi";"18:00";"20:00";"Caserne G1";"C JSP";"Aucune session distincte";"1";"A_POSITIONNER";"classeur ligne 835";"HUMAN_REVIEW";"";"OK_CALENDRIER_LOCAL";"OUI";"Aucune correspondance 2026 exacte prouvée"
"2027";"QV27:PROJ:QV26-SEANCE-CADRES-JSP-1591AA8A:2027-12-06:1800:Caserne-G1";"010JG1.001";"Séance cadres JSP";"F7";"JSP";"Événement";"010JG1";"JSP:B1";"JSP:1";"2027-12-06";"Lundi";"18:00";"20:00";"Caserne G1";"C JSP";"Aucune session distincte";"1";"A_POSITIONNER";"classeur ligne 835";"HUMAN_REVIEW";"";"OK_CALENDRIER_LOCAL";"OUI";"Aucune correspondance 2026 exacte prouvée"
"2027";"QV27:PROJ:QV26-SEANCE-CHEFS-DE-SECTION-DPS-C8C3DCAB:2027-06-10:1900:B1";"070F23.001";"Séance chefs de section DPS";"F1";"";"Événement";"070F23";"DPS:B1";"";"2027-06-10";"Jeudi";"19:00";"21:30";"Caserne B1";"C site";"Aucune session distincte";"1";"A_POSITIONNER";"classeur ligne 400";"RECONDUIT";"";"OK_CALENDRIER_LOCAL";"NON";"Classeur 2026 ligne 400 ; date 2027 proposée, non validée par ce gate"
"2027";"QV27:PROJ:QV26-SEANCE-CHEFS-DE-SECTION-DPS-C8C3DCAB:2027-06-21:1800:G1";"070F23.001";"Séance chefs de section DPS";"F1";"";"Événement";"070F23";"DPS:G1";"";"2027-06-21";"Lundi";"18:00";"20:30";"Caserne G1";"C site";"Aucune session distincte";"1";"A_POSITIONNER";"classeur ligne 449";"RECONDUIT";"";"OK_CALENDRIER_LOCAL";"NON";"Classeur 2026 ligne 449 ; date 2027 proposée, non validée par ce gate"
"2027";"QV27:PROJ:QV26-SEANCE-CHEFS-DE-SECTION-DPS-C8C3DCAB:2027-09-08:1800:G1";"070F23.001";"Séance chefs de section DPS";"F1";"";"Événement";"070F23";"DPS:G1";"";"2027-09-08";"Mercredi";"18:00";"20:30";"Caserne G1";"C site";"Aucune session distincte";"1";"A_POSITIONNER";"classeur ligne 598";"RECONDUIT";"";"OK_CALENDRIER_LOCAL";"NON";"Classeur 2026 ligne 598 ; date 2027 proposée, non validée par ce gate"
"2027";"QV27:PROJ:QV26-SEANCE-CHEFS-DE-SECTION-DPS-C8C3DCAB:2027-09-08:1900:B1";"070F23.001";"Séance chefs de section DPS";"F1";"";"Événement";"070F23";"DPS:B1";"";"2027-09-08";"Mercredi";"19:00";"21:30";"Caserne B1";"C site";"Aucune session distincte";"1";"A_POSITIONNER";"classeur ligne 602";"RECONDUIT";"";"OK_CALENDRIER_LOCAL";"NON";"Classeur 2026 ligne 602 ; date 2027 proposée, non validée par ce gate"
"2027";"QV27:PROJ:QV26-SEANCE-CHEFS-DE-SECTION-DPS-C1-CF8F657A:2027-03-04:1900:C1";"070F23.002";"Séance chefs de section DPS C1";"F1";"";"Événement";"070F23";"DPS:C1";"";"2027-03-04";"Jeudi";"19:00";"21:30";"Caserne C1";"C site";"Aucune session distincte";"1";"A_POSITIONNER";"classeur ligne 91";"HUMAN_REVIEW";"";"OK_CALENDRIER_LOCAL";"OUI";"Aucune correspondance 2026 exacte prouvée"
"2027";"QV27:PROJ:QV26-SEANCE-CHEFS-DE-SECTION-DPS-C1-CF8F657A:2027-03-04:1900:B2";"070F23.002";"Séance chefs de section DPS C1";"F1";"";"Événement";"070F23";"DPS:B2";"";"2027-03-04";"Jeudi";"19:00";"21:30";"Caserne C1";"C site";"Aucune session distincte";"1";"A_POSITIONNER";"classeur ligne 92";"HUMAN_REVIEW";"";"OK_CALENDRIER_LOCAL";"OUI";"Aucune correspondance 2026 exacte prouvée"
"2027";"QV27:PROJ:QV26-SEANCE-CHEFS-DE-SECTION-DPS-C1-CF8F657A:2027-06-10:1900:C1";"070F23.002";"Séance chefs de section DPS C1";"F1";"";"Événement";"070F23";"DPS:C1";"";"2027-06-10";"Jeudi";"19:00";"21:30";"Caserne C1";"C site";"Aucune session distincte";"1";"A_POSITIONNER";"classeur ligne 399";"HUMAN_REVIEW";"";"OK_CALENDRIER_LOCAL";"OUI";"Aucune correspondance 2026 exacte prouvée"
"2027";"QV27:PROJ:QV26-SEANCE-CHEFS-DE-SECTION-DPS-C1-CF8F657A:2027-06-10:1900:B2";"070F23.002";"Séance chefs de section DPS C1";"F1";"";"Événement";"070F23";"DPS:B2";"";"2027-06-10";"Jeudi";"19:00";"21:30";"Caserne B2";"C site";"Aucune session distincte";"1";"A_POSITIONNER";"classeur ligne 401";"HUMAN_REVIEW";"";"OK_CALENDRIER_LOCAL";"OUI";"Aucune correspondance 2026 exacte prouvée"
"2027";"QV27:PROJ:QV26-SEANCE-CHEFS-DE-SECTION-DPS-C1-CF8F657A:2027-09-08:1900:C1";"070F23.002";"Séance chefs de section DPS C1";"F1";"";"Événement";"070F23";"DPS:C1";"";"2027-09-08";"Mercredi";"19:00";"21:30";"Caserne C1";"C site";"Aucune session distincte";"1";"A_POSITIONNER";"classeur ligne 601";"HUMAN_REVIEW";"";"OK_CALENDRIER_LOCAL";"OUI";"Aucune correspondance 2026 exacte prouvée"
"2027";"QV27:PROJ:QV26-SEANCE-CHEFS-DE-SECTION-DPS-C1-CF8F657A:2027-09-08:1900:B2";"070F23.002";"Séance chefs de section DPS C1";"F1";"";"Événement";"070F23";"DPS:B2";"";"2027-09-08";"Mercredi";"19:00";"21:30";"Caserne B2";"C site";"Aucune session distincte";"1";"A_POSITIONNER";"classeur ligne 603";"HUMAN_REVIEW";"";"OK_CALENDRIER_LOCAL";"OUI";"Aucune correspondance 2026 exacte prouvée"
"2027";"QV27:PROJ:QV26-CURSUS-JSP-MODULE-1-418B11F9:2027-01-25:1800:Caserne-G1";"010JSP.008";"Cursus JSP - module 1";"F7";"JSP";"Formation";"010JSP";"JSP:G1";"JSP:1";"2027-01-25";"Lundi";"18:00";"20:00";"Caserne G1";"Resp for JSP";"Aucune session distincte";"1";"A_POSITIONNER";"classeur ligne 6";"HUMAN_REVIEW";"";"OK_CALENDRIER_LOCAL";"OUI";"Aucune correspondance 2026 exacte prouvée"
"2027";"QV27:PROJ:QV26-CURSUS-JSP-MODULE-1-418B11F9:2027-01-25:1800:Caserne-G1";"010JSP.008";"Cursus JSP - module 1";"F7";"JSP";"Formation";"010JSP";"JSP:C1";"JSP:1";"2027-01-25";"Lundi";"18:00";"20:00";"Caserne G1";"Resp for JSP";"Aucune session distincte";"1";"A_POSITIONNER";"classeur ligne 6";"HUMAN_REVIEW";"";"OK_CALENDRIER_LOCAL";"OUI";"Aucune correspondance 2026 exacte prouvée"
"2027";"QV27:PROJ:QV26-CURSUS-JSP-MODULE-1-418B11F9:2027-01-25:1800:Caserne-G1";"010JSP.008";"Cursus JSP - module 1";"F7";"JSP";"Formation";"010JSP";"JSP:B1";"JSP:1";"2027-01-25";"Lundi";"18:00";"20:00";"Caserne G1";"Resp for JSP";"Aucune session distincte";"1";"A_POSITIONNER";"classeur ligne 6";"HUMAN_REVIEW";"";"OK_CALENDRIER_LOCAL";"OUI";"Aucune correspondance 2026 exacte prouvée"
"2027";"QV27:PROJ:QV26-SEANCE-CODIR-92921E7C:2027-02-26:0800:Caserne-G1";"070F0.003";"Séance Codir";"F0";"";"Séance";"070F0";"SDIS";"";"2027-02-26";"Vendredi";"08:00";"09:30";"Caserne G1";"PrésidentE Codir";"Aucune session distincte";"1";"A_POSITIONNER";"classeur ligne 54";"RECONDUIT";"";"OK_CALENDRIER_LOCAL";"NON";"Classeur 2026 ligne 54 ; date 2027 proposée, non validée par ce gate"
"2027";"QV27:PROJ:QV26-SEANCE-CODIR-92921E7C:2027-03-19:0800:Caserne-G1";"070F0.003";"Séance Codir";"F0";"";"Séance";"070F0";"SDIS";"";"2027-03-19";"Vendredi";"08:00";"09:30";"Caserne G1";"PrésidentE Codir";"Aucune session distincte";"1";"A_POSITIONNER";"classeur ligne 169";"RECONDUIT";"";"OK_CALENDRIER_LOCAL";"NON";"Classeur 2026 ligne 169 ; date 2027 proposée, non validée par ce gate"
"2027";"QV27:PROJ:QV26-SEANCE-CODIR-92921E7C:2027-04-23:0800:Caserne-G1";"070F0.003";"Séance Codir";"F0";"";"Séance";"070F0";"SDIS";"";"2027-04-23";"Vendredi";"08:00";"09:30";"Caserne G1";"PrésidentE Codir";"Aucune session distincte";"1";"A_POSITIONNER";"classeur ligne 254";"RECONDUIT";"";"OK_CALENDRIER_LOCAL";"NON";"Classeur 2026 ligne 254 ; date 2027 proposée, non validée par ce gate"
"2027";"QV27:PROJ:QV26-SEANCE-CODIR-92921E7C:2027-05-26:1800:Belmont-sur-Yverdon";"070F0.003";"Séance Codir";"F0";"";"Séance";"070F0";"SDIS";"";"2027-05-26";"Mercredi";"18:00";"19:00";"Belmont-sur-Yverdon";"PrésidentE Codir";"Aucune session distincte";"1";"A_POSITIONNER";"classeur ligne 346";"RECONDUIT";"";"OK_CALENDRIER_LOCAL";"NON";"Classeur 2026 ligne 346 ; date 2027 proposée, non validée par ce gate"
"2027";"QV27:PROJ:QV26-SEANCE-CODIR-92921E7C:2027-08-27:0800:Caserne-G1";"070F0.003";"Séance Codir";"F0";"";"Séance";"070F0";"SDIS";"";"2027-08-27";"Vendredi";"08:00";"09:30";"Caserne G1";"PrésidentE Codir";"Aucune session distincte";"1";"A_POSITIONNER";"classeur ligne 545";"RECONDUIT";"";"OK_CALENDRIER_LOCAL";"NON";"Classeur 2026 ligne 545 ; date 2027 proposée, non validée par ce gate"
"2027";"QV27:PROJ:QV26-SEANCE-CODIR-92921E7C:2027-09-16:1800:Ursins";"070F0.003";"Séance Codir";"F0";"";"Séance";"070F0";"SDIS";"";"2027-09-16";"Jeudi";"18:00";"19:00";"Ursins";"PrésidentE Codir";"Aucune session distincte";"1";"A_POSITIONNER";"classeur ligne 631";"RECONDUIT";"";"OK_CALENDRIER_LOCAL";"NON";"Classeur 2026 ligne 631 ; date 2027 proposée, non validée par ce gate"
"2027";"QV27:PROJ:QV26-SEANCE-CODIR-92921E7C:2027-10-29:0800:Caserne-G1";"070F0.003";"Séance Codir";"F0";"";"Séance";"070F0";"SDIS";"";"2027-10-29";"Vendredi";"08:00";"09:30";"Caserne G1";"PrésidentE Codir";"Aucune session distincte";"1";"A_POSITIONNER";"classeur ligne 748";"RECONDUIT";"";"OK_CALENDRIER_LOCAL";"NON";"Classeur 2026 ligne 748 ; date 2027 proposée, non validée par ce gate"
"2027";"QV27:PROJ:QV26-EXERCICE-JSP-2-0DDB59DA:2027-03-06:0800:G1";"010JC1.002";"Exercice JSP 2";"F7";"JSP";"Exercice";"010JC1";"JSP:G1";"JSP:1";"2027-03-06";"Samedi";"08:00";"11:30";"Caserne G1";"Resp for JSP";"Aucune session distincte";"1";"A_POSITIONNER";"classeur ligne 100";"HUMAN_REVIEW";"";"OK_CALENDRIER_LOCAL";"OUI";"1 ligne(s) de même titre en 2026, sans lien source exact"
"2027";"QV27:PROJ:QV26-SEANCE-DES-CHEFS-DE-SECTION-DAP-B47254AE:2027-06-14:1900:G1-Y1-Y2-Y3-Y4";"070F23.004";"Séance des chefs de section DAP";"F1";"";"Événement";"070F23";"DPS:G1";"";"2027-06-14";"Lundi";"19:00";"22:00";"Caserne G1";"C DAP";"Aucune session distincte";"1";"A_POSITIONNER";"classeur ligne 420";"RECONDUIT";"";"OK_CALENDRIER_LOCAL";"NON";"Classeur 2026 ligne 420 ; date 2027 proposée, non validée par ce gate"
"2027";"QV27:PROJ:QV26-SEANCE-DES-CHEFS-DE-SECTION-DAP-B47254AE:2027-06-14:1900:G1-Y1-Y2-Y3-Y4";"070F23.004";"Séance des chefs de section DAP";"F1";"";"Événement";"070F23";"DAP:Y1";"";"2027-06-14";"Lundi";"19:00";"22:00";"Caserne G1";"C DAP";"Aucune session distincte";"1";"A_POSITIONNER";"classeur ligne 420";"RECONDUIT";"";"OK_CALENDRIER_LOCAL";"NON";"Classeur 2026 ligne 420 ; date 2027 proposée, non validée par ce gate"
"2027";"QV27:PROJ:QV26-SEANCE-DES-CHEFS-DE-SECTION-DAP-B47254AE:2027-06-14:1900:G1-Y1-Y2-Y3-Y4";"070F23.004";"Séance des chefs de section DAP";"F1";"";"Événement";"070F23";"DAP:Y2";"";"2027-06-14";"Lundi";"19:00";"22:00";"Caserne G1";"C DAP";"Aucune session distincte";"1";"A_POSITIONNER";"classeur ligne 420";"RECONDUIT";"";"OK_CALENDRIER_LOCAL";"NON";"Classeur 2026 ligne 420 ; date 2027 proposée, non validée par ce gate"
"2027";"QV27:PROJ:QV26-SEANCE-DES-CHEFS-DE-SECTION-DAP-B47254AE:2027-06-14:1900:G1-Y1-Y2-Y3-Y4";"070F23.004";"Séance des chefs de section DAP";"F1";"";"Événement";"070F23";"DAP:Y3";"";"2027-06-14";"Lundi";"19:00";"22:00";"Caserne G1";"C DAP";"Aucune session distincte";"1";"A_POSITIONNER";"classeur ligne 420";"RECONDUIT";"";"OK_CALENDRIER_LOCAL";"NON";"Classeur 2026 ligne 420 ; date 2027 proposée, non validée par ce gate"
"2027";"QV27:PROJ:QV26-SEANCE-DES-CHEFS-DE-SECTION-DAP-B47254AE:2027-06-14:1900:G1-Y1-Y2-Y3-Y4";"070F23.004";"Séance des chefs de section DAP";"F1";"";"Événement";"070F23";"DAP:Y4";"";"2027-06-14";"Lundi";"19:00";"22:00";"Caserne G1";"C DAP";"Aucune session distincte";"1";"A_POSITIONNER";"classeur ligne 420";"RECONDUIT";"";"OK_CALENDRIER_LOCAL";"NON";"Classeur 2026 ligne 420 ; date 2027 proposée, non validée par ce gate"
"2027";"QV27:PROJ:QV26-SEANCE-DES-CHEFS-DE-SECTION-DAP-B47254AE:2027-09-13:1900:G1-Y1-Y2-Y3-Y4";"070F23.004";"Séance des chefs de section DAP";"F1";"";"Événement";"070F23";"DPS:G1";"";"2027-09-13";"Lundi";"19:00";"22:00";"Caserne G1";"C DAP";"Aucune session distincte";"1";"A_POSITIONNER";"classeur ligne 620";"RECONDUIT";"";"OK_CALENDRIER_LOCAL";"NON";"Classeur 2026 ligne 620 ; date 2027 proposée, non validée par ce gate"
"2027";"QV27:PROJ:QV26-SEANCE-DES-CHEFS-DE-SECTION-DAP-B47254AE:2027-09-13:1900:G1-Y1-Y2-Y3-Y4";"070F23.004";"Séance des chefs de section DAP";"F1";"";"Événement";"070F23";"DAP:Y1";"";"2027-09-13";"Lundi";"19:00";"22:00";"Caserne G1";"C DAP";"Aucune session distincte";"1";"A_POSITIONNER";"classeur ligne 620";"RECONDUIT";"";"OK_CALENDRIER_LOCAL";"NON";"Classeur 2026 ligne 620 ; date 2027 proposée, non validée par ce gate"
"2027";"QV27:PROJ:QV26-SEANCE-DES-CHEFS-DE-SECTION-DAP-B47254AE:2027-09-13:1900:G1-Y1-Y2-Y3-Y4";"070F23.004";"Séance des chefs de section DAP";"F1";"";"Événement";"070F23";"DAP:Y2";"";"2027-09-13";"Lundi";"19:00";"22:00";"Caserne G1";"C DAP";"Aucune session distincte";"1";"A_POSITIONNER";"classeur ligne 620";"RECONDUIT";"";"OK_CALENDRIER_LOCAL";"NON";"Classeur 2026 ligne 620 ; date 2027 proposée, non validée par ce gate"
"2027";"QV27:PROJ:QV26-SEANCE-DES-CHEFS-DE-SECTION-DAP-B47254AE:2027-09-13:1900:G1-Y1-Y2-Y3-Y4";"070F23.004";"Séance des chefs de section DAP";"F1";"";"Événement";"070F23";"DAP:Y3";"";"2027-09-13";"Lundi";"19:00";"22:00";"Caserne G1";"C DAP";"Aucune session distincte";"1";"A_POSITIONNER";"classeur ligne 620";"RECONDUIT";"";"OK_CALENDRIER_LOCAL";"NON";"Classeur 2026 ligne 620 ; date 2027 proposée, non validée par ce gate"
"2027";"QV27:PROJ:QV26-SEANCE-DES-CHEFS-DE-SECTION-DAP-B47254AE:2027-09-13:1900:G1-Y1-Y2-Y3-Y4";"070F23.004";"Séance des chefs de section DAP";"F1";"";"Événement";"070F23";"DAP:Y4";"";"2027-09-13";"Lundi";"19:00";"22:00";"Caserne G1";"C DAP";"Aucune session distincte";"1";"A_POSITIONNER";"classeur ligne 620";"RECONDUIT";"";"OK_CALENDRIER_LOCAL";"NON";"Classeur 2026 ligne 620 ; date 2027 proposée, non validée par ce gate"
"2027";"QV27:PROJ:QV26-CURSUS-JSP-MODULE-2-B519D633:2027-02-02:1800:Caserne-G1";"010JSP.009";"Cursus JSP - module 2";"F7";"JSP";"Formation";"010JSP";"JSP:G1";"JSP:1";"2027-02-02";"Mardi";"18:00";"20:00";"Caserne G1";"Resp for JSP";"Aucune session distincte";"1";"A_POSITIONNER";"classeur ligne 8";"HUMAN_REVIEW";"";"OK_CALENDRIER_LOCAL";"OUI";"Aucune correspondance 2026 exacte prouvée"
"2027";"QV27:PROJ:QV26-CURSUS-JSP-MODULE-2-B519D633:2027-02-02:1800:Caserne-G1";"010JSP.009";"Cursus JSP - module 2";"F7";"JSP";"Formation";"010JSP";"JSP:C1";"JSP:1";"2027-02-02";"Mardi";"18:00";"20:00";"Caserne G1";"Resp for JSP";"Aucune session distincte";"1";"A_POSITIONNER";"classeur ligne 8";"HUMAN_REVIEW";"";"OK_CALENDRIER_LOCAL";"OUI";"Aucune correspondance 2026 exacte prouvée"
"2027";"QV27:PROJ:QV26-CURSUS-JSP-MODULE-2-B519D633:2027-02-02:1800:Caserne-G1";"010JSP.009";"Cursus JSP - module 2";"F7";"JSP";"Formation";"010JSP";"JSP:B1";"JSP:1";"2027-02-02";"Mardi";"18:00";"20:00";"Caserne G1";"Resp for JSP";"Aucune session distincte";"1";"A_POSITIONNER";"classeur ligne 8";"HUMAN_REVIEW";"";"OK_CALENDRIER_LOCAL";"OUI";"Aucune correspondance 2026 exacte prouvée"
"2027";"QV27:PROJ:QV26-SEANCE-COMMUNICATION-F5-6-EC40FEBC:2027-03-03:1800:G1-Y1";"070F56.004";"Séance communication F5/6";"F6";"";"Événement";"070F56";"DPS:G1";"";"2027-03-03";"Mercredi";"18:00";"20:00";"Caserne G1";"Of spéc";"Aucune session distincte";"1";"A_POSITIONNER";"classeur ligne 80";"RECONDUIT";"";"OK_CALENDRIER_LOCAL";"NON";"Classeur 2026 ligne 80 ; date 2027 proposée, non validée par ce gate"
"2027";"QV27:PROJ:QV26-SEANCE-COMMUNICATION-F5-6-EC40FEBC:2027-03-03:1800:G1-Y1";"070F56.004";"Séance communication F5/6";"F6";"";"Événement";"070F56";"DAP:Y1";"";"2027-03-03";"Mercredi";"18:00";"20:00";"Caserne G1";"Of spéc";"Aucune session distincte";"1";"A_POSITIONNER";"classeur ligne 80";"RECONDUIT";"";"OK_CALENDRIER_LOCAL";"NON";"Classeur 2026 ligne 80 ; date 2027 proposée, non validée par ce gate"
"2027";"QV27:PROJ:QV26-SEANCE-COMMUNICATION-F5-6-EC40FEBC:2027-03-31:1800:G1-Y1";"070F56.004";"Séance communication F5/6";"F6";"";"Événement";"070F56";"DPS:G1";"";"2027-03-31";"Mercredi";"18:00";"20:00";"Caserne G1";"Of spéc";"Aucune session distincte";"1";"A_POSITIONNER";"classeur ligne 212";"RECONDUIT";"VACANCES_SCOLAIRES";"HUMAN_REVIEW_CALENDAR:VACANCES_SCOLAIRES";"OUI";"Classeur 2026 ligne 212 ; date 2027 proposée, non validée par ce gate"
"2027";"QV27:PROJ:QV26-SEANCE-COMMUNICATION-F5-6-EC40FEBC:2027-03-31:1800:G1-Y1";"070F56.004";"Séance communication F5/6";"F6";"";"Événement";"070F56";"DAP:Y1";"";"2027-03-31";"Mercredi";"18:00";"20:00";"Caserne G1";"Of spéc";"Aucune session distincte";"1";"A_POSITIONNER";"classeur ligne 212";"RECONDUIT";"VACANCES_SCOLAIRES";"HUMAN_REVIEW_CALENDAR:VACANCES_SCOLAIRES";"OUI";"Classeur 2026 ligne 212 ; date 2027 proposée, non validée par ce gate"
"2027";"QV27:PROJ:QV26-SEANCE-COMMUNICATION-F5-6-EC40FEBC:2027-05-05:1800:G1-Y1";"070F56.004";"Séance communication F5/6";"F6";"";"Événement";"070F56";"DPS:G1";"";"2027-05-05";"Mercredi";"18:00";"20:00";"Caserne G1";"Of spéc";"Aucune session distincte";"1";"A_POSITIONNER";"classeur ligne 290";"RECONDUIT";"VEILLE_FERIE";"HUMAN_REVIEW_CALENDAR:VEILLE_FERIE";"OUI";"Classeur 2026 ligne 290 ; date 2027 proposée, non validée par ce gate"
"2027";"QV27:PROJ:QV26-SEANCE-COMMUNICATION-F5-6-EC40FEBC:2027-05-05:1800:G1-Y1";"070F56.004";"Séance communication F5/6";"F6";"";"Événement";"070F56";"DAP:Y1";"";"2027-05-05";"Mercredi";"18:00";"20:00";"Caserne G1";"Of spéc";"Aucune session distincte";"1";"A_POSITIONNER";"classeur ligne 290";"RECONDUIT";"VEILLE_FERIE";"HUMAN_REVIEW_CALENDAR:VEILLE_FERIE";"OUI";"Classeur 2026 ligne 290 ; date 2027 proposée, non validée par ce gate"
"2027";"QV27:PROJ:QV26-SEANCE-COMMUNICATION-F5-6-EC40FEBC:2027-06-02:1800:G1-Y1";"070F56.004";"Séance communication F5/6";"F6";"";"Événement";"070F56";"DPS:G1";"";"2027-06-02";"Mercredi";"18:00";"20:00";"Caserne G1";"Of spéc";"Aucune session distincte";"1";"A_POSITIONNER";"classeur ligne 371";"RECONDUIT";"";"OK_CALENDRIER_LOCAL";"NON";"Classeur 2026 ligne 371 ; date 2027 proposée, non validée par ce gate"
"2027";"QV27:PROJ:QV26-SEANCE-COMMUNICATION-F5-6-EC40FEBC:2027-06-02:1800:G1-Y1";"070F56.004";"Séance communication F5/6";"F6";"";"Événement";"070F56";"DAP:Y1";"";"2027-06-02";"Mercredi";"18:00";"20:00";"Caserne G1";"Of spéc";"Aucune session distincte";"1";"A_POSITIONNER";"classeur ligne 371";"RECONDUIT";"";"OK_CALENDRIER_LOCAL";"NON";"Classeur 2026 ligne 371 ; date 2027 proposée, non validée par ce gate"
"2027";"QV27:PROJ:QV26-SEANCE-COMMUNICATION-F5-6-EC40FEBC:2027-08-18:1800:G1-Y1";"070F56.004";"Séance communication F5/6";"F6";"";"Événement";"070F56";"DPS:G1";"";"2027-08-18";"Mercredi";"18:00";"20:00";"Caserne G1";"Of spéc";"Aucune session distincte";"1";"A_POSITIONNER";"classeur ligne 508";"RECONDUIT";"VACANCES_SCOLAIRES";"HUMAN_REVIEW_CALENDAR:VACANCES_SCOLAIRES";"OUI";"Classeur 2026 ligne 508 ; date 2027 proposée, non validée par ce gate"
"2027";"QV27:PROJ:QV26-SEANCE-COMMUNICATION-F5-6-EC40FEBC:2027-08-18:1800:G1-Y1";"070F56.004";"Séance communication F5/6";"F6";"";"Événement";"070F56";"DAP:Y1";"";"2027-08-18";"Mercredi";"18:00";"20:00";"Caserne G1";"Of spéc";"Aucune session distincte";"1";"A_POSITIONNER";"classeur ligne 508";"RECONDUIT";"VACANCES_SCOLAIRES";"HUMAN_REVIEW_CALENDAR:VACANCES_SCOLAIRES";"OUI";"Classeur 2026 ligne 508 ; date 2027 proposée, non validée par ce gate"
"2027";"QV27:PROJ:QV26-SEANCE-COMMUNICATION-F5-6-EC40FEBC:2027-09-29:1800:G1-Y1";"070F56.004";"Séance communication F5/6";"F6";"";"Événement";"070F56";"DPS:G1";"";"2027-09-29";"Mercredi";"18:00";"20:00";"Caserne G1";"Of spéc";"Aucune session distincte";"1";"A_POSITIONNER";"classeur ligne 688";"RECONDUIT";"";"OK_CALENDRIER_LOCAL";"NON";"Classeur 2026 ligne 688 ; date 2027 proposée, non validée par ce gate"
"2027";"QV27:PROJ:QV26-SEANCE-COMMUNICATION-F5-6-EC40FEBC:2027-09-29:1800:G1-Y1";"070F56.004";"Séance communication F5/6";"F6";"";"Événement";"070F56";"DAP:Y1";"";"2027-09-29";"Mercredi";"18:00";"20:00";"Caserne G1";"Of spéc";"Aucune session distincte";"1";"A_POSITIONNER";"classeur ligne 688";"RECONDUIT";"";"OK_CALENDRIER_LOCAL";"NON";"Classeur 2026 ligne 688 ; date 2027 proposée, non validée par ce gate"
"2027";"QV27:PROJ:QV26-SEANCE-COMMUNICATION-F5-6-EC40FEBC:2027-11-03:1800:G1-Y1";"070F56.004";"Séance communication F5/6";"F6";"";"Événement";"070F56";"DPS:G1";"";"2027-11-03";"Mercredi";"18:00";"20:00";"Caserne G1";"Of spéc";"Aucune session distincte";"1";"A_POSITIONNER";"classeur ligne 766";"RECONDUIT";"";"OK_CALENDRIER_LOCAL";"NON";"Classeur 2026 ligne 766 ; date 2027 proposée, non validée par ce gate"
"2027";"QV27:PROJ:QV26-SEANCE-COMMUNICATION-F5-6-EC40FEBC:2027-11-03:1800:G1-Y1";"070F56.004";"Séance communication F5/6";"F6";"";"Événement";"070F56";"DAP:Y1";"";"2027-11-03";"Mercredi";"18:00";"20:00";"Caserne G1";"Of spéc";"Aucune session distincte";"1";"A_POSITIONNER";"classeur ligne 766";"RECONDUIT";"";"OK_CALENDRIER_LOCAL";"NON";"Classeur 2026 ligne 766 ; date 2027 proposée, non validée par ce gate"
"2027";"QV27:PROJ:QV26-SEANCE-COMMUNICATION-F5-6-EC40FEBC:2027-12-01:1800:G1-Y1";"070F56.004";"Séance communication F5/6";"F6";"";"Événement";"070F56";"DPS:G1";"";"2027-12-01";"Mercredi";"18:00";"20:00";"Caserne G1";"Of spéc";"Aucune session distincte";"1";"A_POSITIONNER";"classeur ligne 830";"RECONDUIT";"";"OK_CALENDRIER_LOCAL";"NON";"Classeur 2026 ligne 830 ; date 2027 proposée, non validée par ce gate"
"2027";"QV27:PROJ:QV26-SEANCE-COMMUNICATION-F5-6-EC40FEBC:2027-12-01:1800:G1-Y1";"070F56.004";"Séance communication F5/6";"F6";"";"Événement";"070F56";"DAP:Y1";"";"2027-12-01";"Mercredi";"18:00";"20:00";"Caserne G1";"Of spéc";"Aucune session distincte";"1";"A_POSITIONNER";"classeur ligne 830";"RECONDUIT";"";"OK_CALENDRIER_LOCAL";"NON";"Classeur 2026 ligne 830 ; date 2027 proposée, non validée par ce gate"
"2027";"QV27:PROJ:QV26-ASSEMBLEE-CI-FCF435B1:2027-09-16:1930:-d-finir";"070F0.001";"Assemblée CI";"F0";"";"";"070F0";"SDIS";"";"2027-09-16";"Jeudi";"19:30";"21:00";"À définir";"PrésidentE CI";"Aucune session distincte";"1";"A_POSITIONNER";"classeur ligne 638";"RECONDUIT";"";"OK_CALENDRIER_LOCAL";"NON";"Classeur 2026 ligne 638 ; date 2027 proposée, non validée par ce gate"
"2027";"QV27:PROJ:QV26-SEANCE-CODIR-REPAS-81897EA7:2027-12-10:1030:Caserne-G1";"070F0.004";"Séance Codir + repas";"F0";"";"Séance";"070F0";"SDIS";"";"2027-12-10";"Vendredi";"10:30";"12:00";"Caserne G1";"PrésidentE Codir";"Aucune session distincte";"1";"A_POSITIONNER";"classeur ligne 843";"RECONDUIT";"";"OK_CALENDRIER_LOCAL";"NON";"Classeur 2026 ligne 843 ; date 2027 proposée, non validée par ce gate"
"2027";"QV27:PROJ:QV26-SEANCE-COSEC-B710F41E:2027-03-23:1830:SSP";"070F0.005";"Séance COSEC";"F0";"";"Séance";"070F0";"SDIS";"";"2027-03-23";"Mardi";"18:30";"21:00";"SSP";"Cdt";"Aucune session distincte";"1";"INSUFFICIENT_INFORMATION";"classeur ligne 185";"HUMAN_REVIEW";"";"OK_CALENDRIER_LOCAL";"OUI";"Aucune correspondance 2026 exacte prouvée"
"2027";"QV27:PROJ:QV26-SEANCE-COSEC-B710F41E:2027-05-20:1830:Caserne-G1";"070F0.005";"Séance COSEC";"F0";"";"Séance";"070F0";"SDIS";"";"2027-05-20";"Jeudi";"18:30";"21:00";"Caserne G1";"Cdt";"Aucune session distincte";"1";"INSUFFICIENT_INFORMATION";"classeur ligne 329";"HUMAN_REVIEW";"";"OK_CALENDRIER_LOCAL";"OUI";"Aucune correspondance 2026 exacte prouvée"
"2027";"QV27:PROJ:QV26-SEANCE-COSEC-B710F41E:2027-09-14:1830:SSP";"070F0.005";"Séance COSEC";"F0";"";"Séance";"070F0";"SDIS";"";"2027-09-14";"Mardi";"18:30";"21:00";"SSP";"Cdt";"Aucune session distincte";"1";"INSUFFICIENT_INFORMATION";"classeur ligne 624";"HUMAN_REVIEW";"";"OK_CALENDRIER_LOCAL";"OUI";"Aucune correspondance 2026 exacte prouvée"
"2027";"QV27:PROJ:QV26-SEANCE-COSEC-B710F41E:2027-11-23:1830:Caserne-G1";"070F0.005";"Séance COSEC";"F0";"";"Séance";"070F0";"SDIS";"";"2027-11-23";"Mardi";"18:30";"21:00";"Caserne G1";"Cdt";"Aucune session distincte";"1";"INSUFFICIENT_INFORMATION";"classeur ligne 812";"HUMAN_REVIEW";"";"OK_CALENDRIER_LOCAL";"OUI";"Aucune correspondance 2026 exacte prouvée"
"2027";"QV27:PROJ:QV26-SEANCE-CRDIS-B8654449:2027-09-22:0930:Caserne-G1";"070F0.006";"Séance CRDIS";"F0";"";"Séance";"070F0";"SDIS";"";"2027-09-22";"Mercredi";"09:30";"14:00";"Caserne G1";"Cdt";"Aucune session distincte";"1";"A_POSITIONNER";"classeur ligne 655";"RECONDUIT";"";"OK_CALENDRIER_LOCAL";"NON";"Classeur 2026 ligne 655 ; date 2027 proposée, non validée par ce gate"
"2027";"QV27:PROJ:QV26-TABLE-OUVERTE-AVEC-LE-COMMANDANT-23F40B54:2027-11-09:1700:Caserne-G1";"070F1.001";"Table ouverte avec le Commandant";"F0";"";"";"070F1";"SDIS";"";"2027-11-09";"Mardi";"17:00";"20:00";"Caserne G1";"Cdt";"Aucune session distincte";"1";"A_POSITIONNER";"classeur ligne 787";"RECONDUIT";"";"OK_CALENDRIER_LOCAL";"NON";"Classeur 2026 ligne 787 ; date 2027 proposée, non validée par ce gate"
"2027";"QV27:CONDUITE:G1:N04b:2027-03-13:1030";"0152F7.001";"Conduite, formation continue";"F7";"AUTO";"Conduite";"0152F7";"DPS:G1";"N04b, AUTO:1, AUTO:3";"2027-03-13";"Samedi";"10:30";"11:30";"Caserne G1";"Chef section DPS";"Aucune session distincte";"1";"A_POSITIONNER";"";"MODIFIÉ_VOLONTAIREMENT";"";"OK_CALENDRIER_LOCAL";"NON";"Règle MOA : deux conduites par demi-section DPS"
"2027";"QV27:CONDUITE:G1:N04b:2027-07-31:1030";"0152F7.003";"Conduite, formation continue";"F7";"AUTO";"Conduite";"0152F7";"DPS:G1";"N04b, AUTO:1, AUTO:3";"2027-07-31";"Samedi";"10:30";"11:30";"Caserne G1";"Chef section DPS";"Aucune session distincte";"1";"A_POSITIONNER";"";"MODIFIÉ_VOLONTAIREMENT";"WEEKEND_FERIE|VEILLE_FERIE|VACANCES_SCOLAIRES";"HUMAN_REVIEW_CALENDAR:WEEKEND_FERIE|VEILLE_FERIE|VACANCES_SCOLAIRES";"OUI";"Règle MOA : deux conduites par demi-section DPS"
"2027";"QV27:CONDUITE:G1:N03b:2027-03-20:1030";"0152F7.004";"Conduite, formation continue";"F7";"AUTO";"Conduite";"0152F7";"DPS:G1";"N03b, AUTO:1, AUTO:3";"2027-03-20";"Samedi";"10:30";"11:30";"Caserne G1";"Chef section DPS";"Aucune session distincte";"1";"A_POSITIONNER";"";"MODIFIÉ_VOLONTAIREMENT";"";"OK_CALENDRIER_LOCAL";"NON";"Règle MOA : deux conduites par demi-section DPS"
"2027";"QV27:CONDUITE:G1:N03b:2027-08-07:1030";"0152F7.005";"Conduite, formation continue";"F7";"AUTO";"Conduite";"0152F7";"DPS:G1";"N03b, AUTO:1, AUTO:3";"2027-08-07";"Samedi";"10:30";"11:30";"Caserne G1";"Chef section DPS";"Aucune session distincte";"1";"A_POSITIONNER";"";"MODIFIÉ_VOLONTAIREMENT";"VACANCES_SCOLAIRES";"HUMAN_REVIEW_CALENDAR:CONDUITE_APRES_INSTRUCTION_VACANCES";"OUI";"Règle MOA : deux conduites par demi-section DPS"
"2027";"QV27:CONDUITE:G1:N02b:2027-03-27:1030";"0152F7.006";"Conduite, formation continue";"F7";"AUTO";"Conduite";"0152F7";"DPS:G1";"N02b, AUTO:1, AUTO:3";"2027-03-27";"Samedi";"10:30";"11:30";"Caserne G1";"Chef section DPS";"Aucune session distincte";"1";"A_POSITIONNER";"";"MODIFIÉ_VOLONTAIREMENT";"WEEKEND_FERIE|VACANCES_SCOLAIRES";"HUMAN_REVIEW_CALENDAR:WEEKEND_FERIE|VACANCES_SCOLAIRES";"OUI";"Règle MOA : deux conduites par demi-section DPS"
"2027";"QV27:CONDUITE:G1:N02b:2027-08-14:1030";"0152F7.007";"Conduite, formation continue";"F7";"AUTO";"Conduite";"0152F7";"DPS:G1";"N02b, AUTO:1, AUTO:3";"2027-08-14";"Samedi";"10:30";"11:30";"Caserne G1";"Chef section DPS";"Aucune session distincte";"1";"A_POSITIONNER";"";"MODIFIÉ_VOLONTAIREMENT";"VACANCES_SCOLAIRES";"HUMAN_REVIEW_CALENDAR:CONDUITE_APRES_INSTRUCTION_VACANCES";"OUI";"Règle MOA : deux conduites par demi-section DPS"
"2027";"QV27:CONDUITE:G1:N01b:2027-04-03:1030";"0152F7.008";"Conduite, formation continue";"F7";"AUTO";"Conduite";"0152F7";"DPS:G1";"N01b, AUTO:1, AUTO:3";"2027-04-03";"Samedi";"10:30";"11:30";"Caserne G1";"Chef section DPS";"Aucune session distincte";"1";"A_POSITIONNER";"";"MODIFIÉ_VOLONTAIREMENT";"VACANCES_SCOLAIRES";"HUMAN_REVIEW_CALENDAR:CONDUITE_APRES_INSTRUCTION_VACANCES";"OUI";"Règle MOA : deux conduites par demi-section DPS"
"2027";"QV27:CONDUITE:G1:N01b:2027-08-21:1030";"0152F7.009";"Conduite, formation continue";"F7";"AUTO";"Conduite";"0152F7";"DPS:G1";"N01b, AUTO:1, AUTO:3";"2027-08-21";"Samedi";"10:30";"11:30";"Caserne G1";"Chef section DPS";"Aucune session distincte";"1";"A_POSITIONNER";"";"MODIFIÉ_VOLONTAIREMENT";"VACANCES_SCOLAIRES";"HUMAN_REVIEW_CALENDAR:CONDUITE_APRES_INSTRUCTION_VACANCES";"OUI";"Règle MOA : deux conduites par demi-section DPS"
"2027";"QV27:CONDUITE:G1:N05a:2027-04-10:1030";"0152F7.010";"Conduite, formation continue";"F7";"AUTO";"Conduite";"0152F7";"DPS:G1";"N05a, AUTO:1, AUTO:3";"2027-04-10";"Samedi";"10:30";"11:30";"Caserne G1";"Chef section DPS";"Aucune session distincte";"1";"A_POSITIONNER";"";"MODIFIÉ_VOLONTAIREMENT";"VACANCES_SCOLAIRES";"HUMAN_REVIEW_CALENDAR:CONDUITE_APRES_INSTRUCTION_VACANCES";"OUI";"Règle MOA : deux conduites par demi-section DPS"
"2027";"QV27:CONDUITE:G1:N05a:2027-08-28:1030";"0152F7.011";"Conduite, formation continue";"F7";"AUTO";"Conduite";"0152F7";"DPS:G1";"N05a, AUTO:1, AUTO:3";"2027-08-28";"Samedi";"10:30";"11:30";"Caserne G1";"Chef section DPS";"Aucune session distincte";"1";"A_POSITIONNER";"";"MODIFIÉ_VOLONTAIREMENT";"";"OK_CALENDRIER_LOCAL";"NON";"Règle MOA : deux conduites par demi-section DPS"
"2027";"QV27:CONDUITE:G1:N04a:2027-09-04:1030";"0152F7.012";"Conduite, formation continue";"F7";"AUTO";"Conduite";"0152F7";"DPS:G1";"N04a, AUTO:1, AUTO:3";"2027-09-04";"Samedi";"10:30";"11:30";"Caserne G1";"Chef section DPS";"Aucune session distincte";"1";"A_POSITIONNER";"";"MODIFIÉ_VOLONTAIREMENT";"";"OK_CALENDRIER_LOCAL";"NON";"Règle MOA : deux conduites par demi-section DPS"
"2027";"QV27:CONDUITE:G1:N03a:2027-02-13:1030";"0152F7.013";"Conduite, formation continue";"F7";"AUTO";"Conduite";"0152F7";"DPS:G1";"N03a, AUTO:1, AUTO:3";"2027-02-13";"Samedi";"10:30";"11:30";"Caserne G1";"Chef section DPS";"Aucune session distincte";"1";"A_POSITIONNER";"";"MODIFIÉ_VOLONTAIREMENT";"VACANCES_SCOLAIRES";"HUMAN_REVIEW_CALENDAR:CONDUITE_APRES_INSTRUCTION_VACANCES";"OUI";"Règle MOA : deux conduites par demi-section DPS"
"2027";"QV27:CONDUITE:G1:N03a:2027-07-03:1030";"0152F7.014";"Conduite, formation continue";"F7";"AUTO";"Conduite";"0152F7";"DPS:G1";"N03a, AUTO:1, AUTO:3";"2027-07-03";"Samedi";"10:30";"11:30";"Caserne G1";"Chef section DPS";"Aucune session distincte";"1";"A_POSITIONNER";"";"MODIFIÉ_VOLONTAIREMENT";"VACANCES_SCOLAIRES";"HUMAN_REVIEW_CALENDAR:CONDUITE_APRES_INSTRUCTION_VACANCES";"OUI";"Règle MOA : deux conduites par demi-section DPS"
"2027";"QV27:CONDUITE:G1:N02a:2027-02-20:1030";"0152F7.015";"Conduite, formation continue";"F7";"AUTO";"Conduite";"0152F7";"DPS:G1";"N02a, AUTO:1, AUTO:3";"2027-02-20";"Samedi";"10:30";"11:30";"Caserne G1";"Chef section DPS";"Aucune session distincte";"1";"A_POSITIONNER";"";"MODIFIÉ_VOLONTAIREMENT";"";"OK_CALENDRIER_LOCAL";"NON";"Règle MOA : deux conduites par demi-section DPS"
"2027";"QV27:CONDUITE:G1:N02a:2027-07-10:1030";"0152F7.016";"Conduite, formation continue";"F7";"AUTO";"Conduite";"0152F7";"DPS:G1";"N02a, AUTO:1, AUTO:3";"2027-07-10";"Samedi";"10:30";"11:30";"Caserne G1";"Chef section DPS";"Aucune session distincte";"1";"A_POSITIONNER";"";"MODIFIÉ_VOLONTAIREMENT";"VACANCES_SCOLAIRES";"HUMAN_REVIEW_CALENDAR:CONDUITE_APRES_INSTRUCTION_VACANCES";"OUI";"Règle MOA : deux conduites par demi-section DPS"
"2027";"QV27:CONDUITE:G1:N01a:2027-02-27:1030";"0152F7.017";"Conduite, formation continue";"F7";"AUTO";"Conduite";"0152F7";"DPS:G1";"N01a, AUTO:1, AUTO:3";"2027-02-27";"Samedi";"10:30";"11:30";"Caserne G1";"Chef section DPS";"Aucune session distincte";"1";"A_POSITIONNER";"";"MODIFIÉ_VOLONTAIREMENT";"";"OK_CALENDRIER_LOCAL";"NON";"Règle MOA : deux conduites par demi-section DPS"
"2027";"QV27:CONDUITE:G1:N01a:2027-07-17:1030";"0152F7.018";"Conduite, formation continue";"F7";"AUTO";"Conduite";"0152F7";"DPS:G1";"N01a, AUTO:1, AUTO:3";"2027-07-17";"Samedi";"10:30";"11:30";"Caserne G1";"Chef section DPS";"Aucune session distincte";"1";"A_POSITIONNER";"";"MODIFIÉ_VOLONTAIREMENT";"VACANCES_SCOLAIRES";"HUMAN_REVIEW_CALENDAR:CONDUITE_APRES_INSTRUCTION_VACANCES";"OUI";"Règle MOA : deux conduites par demi-section DPS"
"2027";"QV27:CONDUITE:G1:N05b:2027-03-06:1030";"0152F7.019";"Conduite, formation continue";"F7";"AUTO";"Conduite";"0152F7";"DPS:G1";"N05b, AUTO:1, AUTO:3";"2027-03-06";"Samedi";"10:30";"11:30";"Caserne G1";"Chef section DPS";"Aucune session distincte";"1";"A_POSITIONNER";"";"MODIFIÉ_VOLONTAIREMENT";"";"OK_CALENDRIER_LOCAL";"NON";"Règle MOA : deux conduites par demi-section DPS"
"2027";"QV27:CONDUITE:G1:N05b:2027-07-24:1030";"0152F7.020";"Conduite, formation continue";"F7";"AUTO";"Conduite";"0152F7";"DPS:G1";"N05b, AUTO:1, AUTO:3";"2027-07-24";"Samedi";"10:30";"11:30";"Caserne G1";"Chef section DPS";"Aucune session distincte";"1";"A_POSITIONNER";"";"MODIFIÉ_VOLONTAIREMENT";"VACANCES_SCOLAIRES";"HUMAN_REVIEW_CALENDAR:CONDUITE_APRES_INSTRUCTION_VACANCES";"OUI";"Règle MOA : deux conduites par demi-section DPS"
"2027";"QV27:CONDUITE:C1:N03b:2027-03-06:1030";"0152F7.021";"Conduite, formation continue";"F7";"AUTO";"Conduite";"0152F7";"DPS:C1";"N03b, AUTO:1, AUTO:3";"2027-03-06";"Samedi";"10:30";"11:30";"Caserne C1";"Chef section DPS";"Aucune session distincte";"1";"A_POSITIONNER";"";"MODIFIÉ_VOLONTAIREMENT";"";"OK_CALENDRIER_LOCAL";"NON";"Règle MOA : deux conduites par demi-section DPS"
"2027";"QV27:CONDUITE:C1:N03b:2027-08-21:1030";"0152F7.022";"Conduite, formation continue";"F7";"AUTO";"Conduite";"0152F7";"DPS:C1";"N03b, AUTO:1, AUTO:3";"2027-08-21";"Samedi";"10:30";"11:30";"Caserne C1";"Chef section DPS";"Aucune session distincte";"1";"A_POSITIONNER";"";"MODIFIÉ_VOLONTAIREMENT";"VACANCES_SCOLAIRES";"HUMAN_REVIEW_CALENDAR:CONDUITE_APRES_INSTRUCTION_VACANCES";"OUI";"Règle MOA : deux conduites par demi-section DPS"
"2027";"QV27:CONDUITE:C1:N02b:2027-03-13:1030";"0152F7.023";"Conduite, formation continue";"F7";"AUTO";"Conduite";"0152F7";"DPS:C1";"N02b, AUTO:1, AUTO:3";"2027-03-13";"Samedi";"10:30";"11:30";"Caserne C1";"Chef section DPS";"Aucune session distincte";"1";"A_POSITIONNER";"";"MODIFIÉ_VOLONTAIREMENT";"";"OK_CALENDRIER_LOCAL";"NON";"Règle MOA : deux conduites par demi-section DPS"
"2027";"QV27:CONDUITE:C1:N02b:2027-08-28:1030";"0152F7.024";"Conduite, formation continue";"F7";"AUTO";"Conduite";"0152F7";"DPS:C1";"N02b, AUTO:1, AUTO:3";"2027-08-28";"Samedi";"10:30";"11:30";"Caserne C1";"Chef section DPS";"Aucune session distincte";"1";"A_POSITIONNER";"";"MODIFIÉ_VOLONTAIREMENT";"";"OK_CALENDRIER_LOCAL";"NON";"Règle MOA : deux conduites par demi-section DPS"
"2027";"QV27:CONDUITE:C1:N01b:2027-09-04:1030";"0152F7.025";"Conduite, formation continue";"F7";"AUTO";"Conduite";"0152F7";"DPS:C1";"N01b, AUTO:1, AUTO:3";"2027-09-04";"Samedi";"10:30";"11:30";"Caserne C1";"Chef section DPS";"Aucune session distincte";"1";"A_POSITIONNER";"";"MODIFIÉ_VOLONTAIREMENT";"";"OK_CALENDRIER_LOCAL";"NON";"Règle MOA : deux conduites par demi-section DPS"
"2027";"QV27:CONDUITE:C1:N03a:2027-02-13:1030";"0152F7.026";"Conduite, formation continue";"F7";"AUTO";"Conduite";"0152F7";"DPS:C1";"N03a, AUTO:1, AUTO:3";"2027-02-13";"Samedi";"10:30";"11:30";"Caserne C1";"Chef section DPS";"Aucune session distincte";"1";"A_POSITIONNER";"";"MODIFIÉ_VOLONTAIREMENT";"VACANCES_SCOLAIRES";"HUMAN_REVIEW_CALENDAR:CONDUITE_APRES_INSTRUCTION_VACANCES";"OUI";"Règle MOA : deux conduites par demi-section DPS"
"2027";"QV27:CONDUITE:C1:N03a:2027-09-11:1030";"0152F7.027";"Conduite, formation continue";"F7";"AUTO";"Conduite";"0152F7";"DPS:C1";"N03a, AUTO:1, AUTO:3";"2027-09-11";"Samedi";"10:30";"11:30";"Caserne C1";"Chef section DPS";"Aucune session distincte";"1";"A_POSITIONNER";"";"MODIFIÉ_VOLONTAIREMENT";"";"OK_CALENDRIER_LOCAL";"NON";"Règle MOA : deux conduites par demi-section DPS"
"2027";"QV27:CONDUITE:C1:N02a:2027-02-20:1030";"0152F7.028";"Conduite, formation continue";"F7";"AUTO";"Conduite";"0152F7";"DPS:C1";"N02a, AUTO:1, AUTO:3";"2027-02-20";"Samedi";"10:30";"11:30";"Caserne C1";"Chef section DPS";"Aucune session distincte";"1";"A_POSITIONNER";"";"MODIFIÉ_VOLONTAIREMENT";"";"OK_CALENDRIER_LOCAL";"NON";"Règle MOA : deux conduites par demi-section DPS"
"2027";"QV27:CONDUITE:C1:N02a:2027-09-18:1030";"0152F7.029";"Conduite, formation continue";"F7";"AUTO";"Conduite";"0152F7";"DPS:C1";"N02a, AUTO:1, AUTO:3";"2027-09-18";"Samedi";"10:30";"11:30";"Caserne C1";"Chef section DPS";"Aucune session distincte";"1";"A_POSITIONNER";"";"MODIFIÉ_VOLONTAIREMENT";"WEEKEND_FERIE";"HUMAN_REVIEW_CALENDAR:WEEKEND_FERIE";"OUI";"Règle MOA : deux conduites par demi-section DPS"
"2027";"QV27:CONDUITE:C1:N01a:2027-02-27:1030";"0152F7.030";"Conduite, formation continue";"F7";"AUTO";"Conduite";"0152F7";"DPS:C1";"N01a, AUTO:1, AUTO:3";"2027-02-27";"Samedi";"10:30";"11:30";"Caserne C1";"Chef section DPS";"Aucune session distincte";"1";"A_POSITIONNER";"";"MODIFIÉ_VOLONTAIREMENT";"";"OK_CALENDRIER_LOCAL";"NON";"Règle MOA : deux conduites par demi-section DPS"
"2027";"QV27:CONDUITE:C1:N01a:2027-09-25:1030";"0152F7.031";"Conduite, formation continue";"F7";"AUTO";"Conduite";"0152F7";"DPS:C1";"N01a, AUTO:1, AUTO:3";"2027-09-25";"Samedi";"10:30";"11:30";"Caserne C1";"Chef section DPS";"Aucune session distincte";"1";"A_POSITIONNER";"";"MODIFIÉ_VOLONTAIREMENT";"";"OK_CALENDRIER_LOCAL";"NON";"Règle MOA : deux conduites par demi-section DPS"
"2027";"QV27:CONDUITE:B1:N03b:2027-03-06:1030";"0152F7.032";"Conduite, formation continue";"F7";"AUTO";"Conduite";"0152F7";"DPS:B1";"N03b, AUTO:1, AUTO:3";"2027-03-06";"Samedi";"10:30";"11:30";"Caserne B1";"Chef section DPS";"Aucune session distincte";"1";"A_POSITIONNER";"";"MODIFIÉ_VOLONTAIREMENT";"";"OK_CALENDRIER_LOCAL";"NON";"Règle MOA : deux conduites par demi-section DPS"
"2027";"QV27:CONDUITE:B1:N03b:2027-08-21:1030";"0152F7.033";"Conduite, formation continue";"F7";"AUTO";"Conduite";"0152F7";"DPS:B1";"N03b, AUTO:1, AUTO:3";"2027-08-21";"Samedi";"10:30";"11:30";"Caserne B1";"Chef section DPS";"Aucune session distincte";"1";"A_POSITIONNER";"";"MODIFIÉ_VOLONTAIREMENT";"VACANCES_SCOLAIRES";"HUMAN_REVIEW_CALENDAR:CONDUITE_APRES_INSTRUCTION_VACANCES";"OUI";"Règle MOA : deux conduites par demi-section DPS"
"2027";"QV27:CONDUITE:B1:N02b:2027-03-13:1030";"0152F7.034";"Conduite, formation continue";"F7";"AUTO";"Conduite";"0152F7";"DPS:B1";"N02b, AUTO:1, AUTO:3";"2027-03-13";"Samedi";"10:30";"11:30";"Caserne B1";"Chef section DPS";"Aucune session distincte";"1";"A_POSITIONNER";"";"MODIFIÉ_VOLONTAIREMENT";"";"OK_CALENDRIER_LOCAL";"NON";"Règle MOA : deux conduites par demi-section DPS"
"2027";"QV27:CONDUITE:B1:N02b:2027-08-28:1030";"0152F7.035";"Conduite, formation continue";"F7";"AUTO";"Conduite";"0152F7";"DPS:B1";"N02b, AUTO:1, AUTO:3";"2027-08-28";"Samedi";"10:30";"11:30";"Caserne B1";"Chef section DPS";"Aucune session distincte";"1";"A_POSITIONNER";"";"MODIFIÉ_VOLONTAIREMENT";"";"OK_CALENDRIER_LOCAL";"NON";"Règle MOA : deux conduites par demi-section DPS"
"2027";"QV27:CONDUITE:B1:N01b:2027-09-04:1030";"0152F7.036";"Conduite, formation continue";"F7";"AUTO";"Conduite";"0152F7";"DPS:B1";"N01b, AUTO:1, AUTO:3";"2027-09-04";"Samedi";"10:30";"11:30";"Caserne B1";"Chef section DPS";"Aucune session distincte";"1";"A_POSITIONNER";"";"MODIFIÉ_VOLONTAIREMENT";"";"OK_CALENDRIER_LOCAL";"NON";"Règle MOA : deux conduites par demi-section DPS"
"2027";"QV27:CONDUITE:B1:N03a:2027-02-13:1030";"0152F7.037";"Conduite, formation continue";"F7";"AUTO";"Conduite";"0152F7";"DPS:B1";"N03a, AUTO:1, AUTO:3";"2027-02-13";"Samedi";"10:30";"11:30";"Caserne B1";"Chef section DPS";"Aucune session distincte";"1";"A_POSITIONNER";"";"MODIFIÉ_VOLONTAIREMENT";"VACANCES_SCOLAIRES";"HUMAN_REVIEW_CALENDAR:CONDUITE_APRES_INSTRUCTION_VACANCES";"OUI";"Règle MOA : deux conduites par demi-section DPS"
"2027";"QV27:CONDUITE:B1:N03a:2027-09-11:1030";"0152F7.038";"Conduite, formation continue";"F7";"AUTO";"Conduite";"0152F7";"DPS:B1";"N03a, AUTO:1, AUTO:3";"2027-09-11";"Samedi";"10:30";"11:30";"Caserne B1";"Chef section DPS";"Aucune session distincte";"1";"A_POSITIONNER";"";"MODIFIÉ_VOLONTAIREMENT";"";"OK_CALENDRIER_LOCAL";"NON";"Règle MOA : deux conduites par demi-section DPS"
"2027";"QV27:CONDUITE:B1:N02a:2027-02-20:1030";"0152F7.039";"Conduite, formation continue";"F7";"AUTO";"Conduite";"0152F7";"DPS:B1";"N02a, AUTO:1, AUTO:3";"2027-02-20";"Samedi";"10:30";"11:30";"Caserne B1";"Chef section DPS";"Aucune session distincte";"1";"A_POSITIONNER";"";"MODIFIÉ_VOLONTAIREMENT";"";"OK_CALENDRIER_LOCAL";"NON";"Règle MOA : deux conduites par demi-section DPS"
"2027";"QV27:CONDUITE:B1:N02a:2027-09-18:1030";"0152F7.040";"Conduite, formation continue";"F7";"AUTO";"Conduite";"0152F7";"DPS:B1";"N02a, AUTO:1, AUTO:3";"2027-09-18";"Samedi";"10:30";"11:30";"Caserne B1";"Chef section DPS";"Aucune session distincte";"1";"A_POSITIONNER";"";"MODIFIÉ_VOLONTAIREMENT";"WEEKEND_FERIE";"HUMAN_REVIEW_CALENDAR:WEEKEND_FERIE";"OUI";"Règle MOA : deux conduites par demi-section DPS"
"2027";"QV27:CONDUITE:B1:N01a:2027-02-27:1030";"0152F7.041";"Conduite, formation continue";"F7";"AUTO";"Conduite";"0152F7";"DPS:B1";"N01a, AUTO:1, AUTO:3";"2027-02-27";"Samedi";"10:30";"11:30";"Caserne B1";"Chef section DPS";"Aucune session distincte";"1";"A_POSITIONNER";"";"MODIFIÉ_VOLONTAIREMENT";"";"OK_CALENDRIER_LOCAL";"NON";"Règle MOA : deux conduites par demi-section DPS"
"2027";"QV27:CONDUITE:B1:N01a:2027-09-25:1030";"0152F7.042";"Conduite, formation continue";"F7";"AUTO";"Conduite";"0152F7";"DPS:B1";"N01a, AUTO:1, AUTO:3";"2027-09-25";"Samedi";"10:30";"11:30";"Caserne B1";"Chef section DPS";"Aucune session distincte";"1";"A_POSITIONNER";"";"MODIFIÉ_VOLONTAIREMENT";"";"OK_CALENDRIER_LOCAL";"NON";"Règle MOA : deux conduites par demi-section DPS"
"2027";"QV27:CONDUITE:B2:N03b:2027-03-06:1030";"0152F7.043";"Conduite, formation continue";"F7";"AUTO";"Conduite";"0152F7";"DPS:B2";"N03b, AUTO:1, AUTO:3";"2027-03-06";"Samedi";"10:30";"11:30";"Caserne C1";"Chef section DPS";"Aucune session distincte";"1";"A_POSITIONNER";"";"MODIFIÉ_VOLONTAIREMENT";"";"OK_CALENDRIER_LOCAL";"NON";"Règle MOA : deux conduites par demi-section DPS"
"2027";"QV27:CONDUITE:B2:N03b:2027-08-21:1030";"0152F7.044";"Conduite, formation continue";"F7";"AUTO";"Conduite";"0152F7";"DPS:B2";"N03b, AUTO:1, AUTO:3";"2027-08-21";"Samedi";"10:30";"11:30";"Caserne C1";"Chef section DPS";"Aucune session distincte";"1";"A_POSITIONNER";"";"MODIFIÉ_VOLONTAIREMENT";"VACANCES_SCOLAIRES";"HUMAN_REVIEW_CALENDAR:CONDUITE_APRES_INSTRUCTION_VACANCES";"OUI";"Règle MOA : deux conduites par demi-section DPS"
"2027";"QV27:CONDUITE:B2:N02b:2027-03-13:1030";"0152F7.045";"Conduite, formation continue";"F7";"AUTO";"Conduite";"0152F7";"DPS:B2";"N02b, AUTO:1, AUTO:3";"2027-03-13";"Samedi";"10:30";"11:30";"Caserne C1";"Chef section DPS";"Aucune session distincte";"1";"A_POSITIONNER";"";"MODIFIÉ_VOLONTAIREMENT";"";"OK_CALENDRIER_LOCAL";"NON";"Règle MOA : deux conduites par demi-section DPS"
"2027";"QV27:CONDUITE:B2:N02b:2027-08-28:1030";"0152F7.046";"Conduite, formation continue";"F7";"AUTO";"Conduite";"0152F7";"DPS:B2";"N02b, AUTO:1, AUTO:3";"2027-08-28";"Samedi";"10:30";"11:30";"Caserne C1";"Chef section DPS";"Aucune session distincte";"1";"A_POSITIONNER";"";"MODIFIÉ_VOLONTAIREMENT";"";"OK_CALENDRIER_LOCAL";"NON";"Règle MOA : deux conduites par demi-section DPS"
"2027";"QV27:CONDUITE:B2:N01b:2027-09-04:1030";"0152F7.047";"Conduite, formation continue";"F7";"AUTO";"Conduite";"0152F7";"DPS:B2";"N01b, AUTO:1, AUTO:3";"2027-09-04";"Samedi";"10:30";"11:30";"Caserne C1";"Chef section DPS";"Aucune session distincte";"1";"A_POSITIONNER";"";"MODIFIÉ_VOLONTAIREMENT";"";"OK_CALENDRIER_LOCAL";"NON";"Règle MOA : deux conduites par demi-section DPS"
"2027";"QV27:CONDUITE:B2:N03a:2027-02-13:1030";"0152F7.048";"Conduite, formation continue";"F7";"AUTO";"Conduite";"0152F7";"DPS:B2";"N03a, AUTO:1, AUTO:3";"2027-02-13";"Samedi";"10:30";"11:30";"Caserne C1";"Chef section DPS";"Aucune session distincte";"1";"A_POSITIONNER";"";"MODIFIÉ_VOLONTAIREMENT";"VACANCES_SCOLAIRES";"HUMAN_REVIEW_CALENDAR:CONDUITE_APRES_INSTRUCTION_VACANCES";"OUI";"Règle MOA : deux conduites par demi-section DPS"
"2027";"QV27:CONDUITE:B2:N03a:2027-09-11:1030";"0152F7.049";"Conduite, formation continue";"F7";"AUTO";"Conduite";"0152F7";"DPS:B2";"N03a, AUTO:1, AUTO:3";"2027-09-11";"Samedi";"10:30";"11:30";"Caserne C1";"Chef section DPS";"Aucune session distincte";"1";"A_POSITIONNER";"";"MODIFIÉ_VOLONTAIREMENT";"";"OK_CALENDRIER_LOCAL";"NON";"Règle MOA : deux conduites par demi-section DPS"
"2027";"QV27:CONDUITE:B2:N02a:2027-02-20:1030";"0152F7.050";"Conduite, formation continue";"F7";"AUTO";"Conduite";"0152F7";"DPS:B2";"N02a, AUTO:1, AUTO:3";"2027-02-20";"Samedi";"10:30";"11:30";"Caserne C1";"Chef section DPS";"Aucune session distincte";"1";"A_POSITIONNER";"";"MODIFIÉ_VOLONTAIREMENT";"";"OK_CALENDRIER_LOCAL";"NON";"Règle MOA : deux conduites par demi-section DPS"
"2027";"QV27:CONDUITE:B2:N02a:2027-09-18:1030";"0152F7.051";"Conduite, formation continue";"F7";"AUTO";"Conduite";"0152F7";"DPS:B2";"N02a, AUTO:1, AUTO:3";"2027-09-18";"Samedi";"10:30";"11:30";"Caserne C1";"Chef section DPS";"Aucune session distincte";"1";"A_POSITIONNER";"";"MODIFIÉ_VOLONTAIREMENT";"WEEKEND_FERIE";"HUMAN_REVIEW_CALENDAR:WEEKEND_FERIE";"OUI";"Règle MOA : deux conduites par demi-section DPS"
"2027";"QV27:CONDUITE:B2:N01a:2027-02-27:1030";"0152F7.052";"Conduite, formation continue";"F7";"AUTO";"Conduite";"0152F7";"DPS:B2";"N01a, AUTO:1, AUTO:3";"2027-02-27";"Samedi";"10:30";"11:30";"Caserne C1";"Chef section DPS";"Aucune session distincte";"1";"A_POSITIONNER";"";"MODIFIÉ_VOLONTAIREMENT";"";"OK_CALENDRIER_LOCAL";"NON";"Règle MOA : deux conduites par demi-section DPS"
"2027";"QV27:CONDUITE:B2:N01a:2027-09-25:1030";"0152F7.053";"Conduite, formation continue";"F7";"AUTO";"Conduite";"0152F7";"DPS:B2";"N01a, AUTO:1, AUTO:3";"2027-09-25";"Samedi";"10:30";"11:30";"Caserne C1";"Chef section DPS";"Aucune session distincte";"1";"A_POSITIONNER";"";"MODIFIÉ_VOLONTAIREMENT";"";"OK_CALENDRIER_LOCAL";"NON";"Règle MOA : deux conduites par demi-section DPS"
"2027";"QV27:DAPCOND:2027-03-03:Y2:1830";"01522F7.001";"Conduite, formation continue";"F7";"AUTO";"Conduite";"01522F7";"DAP:Y2";"AUTO:3";"2027-03-03";"Mercredi";"18:30";"21:30";"Local Y2";"Of auto";"Aucune session distincte";"1";"A_POSITIONNER";"classeur ligne 81";"MODIFIÉ_VOLONTAIREMENT";"";"OK_CALENDRIER_LOCAL";"NON";"Règle MOA DAP : quatre soirées par Y"
"2027";"QV27:DAPCOND:2027-03-03:Y4:1830";"01522F7.004";"Conduite, formation continue";"F7";"AUTO";"Conduite";"01522F7";"DAP:Y4";"AUTO:3";"2027-03-03";"Mercredi";"18:30";"21:30";"Local Y4";"Of auto";"Aucune session distincte";"1";"A_POSITIONNER";"classeur ligne 82";"MODIFIÉ_VOLONTAIREMENT";"";"OK_CALENDRIER_LOCAL";"NON";"Règle MOA DAP : quatre soirées par Y"
"2027";"QV27:DAPCOND:2027-03-04:Y2:1830";"01522F7.005";"Conduite, formation continue";"F7";"AUTO";"Conduite";"01522F7";"DAP:Y2";"AUTO:3";"2027-03-04";"Jeudi";"18:30";"21:30";"Local Y2";"Of auto";"Aucune session distincte";"1";"A_POSITIONNER";"classeur ligne 88";"MODIFIÉ_VOLONTAIREMENT";"";"OK_CALENDRIER_LOCAL";"NON";"Règle MOA DAP : quatre soirées par Y"
"2027";"QV27:DAPCOND:2027-03-04:Y3:1830";"01522F7.006";"Conduite, formation continue";"F7";"AUTO";"Conduite";"01522F7";"DAP:Y3";"AUTO:3";"2027-03-04";"Jeudi";"18:30";"21:30";"Local Y3";"Of auto";"Aucune session distincte";"1";"A_POSITIONNER";"classeur ligne 89";"MODIFIÉ_VOLONTAIREMENT";"";"OK_CALENDRIER_LOCAL";"NON";"Règle MOA DAP : quatre soirées par Y"
"2027";"QV27:DAPCOND:2027-03-04:Y4:1830";"01522F7.007";"Conduite, formation continue";"F7";"AUTO";"Conduite";"01522F7";"DAP:Y4";"AUTO:3";"2027-03-04";"Jeudi";"18:30";"21:30";"Local Y4";"Of auto";"Aucune session distincte";"1";"A_POSITIONNER";"classeur ligne 90";"MODIFIÉ_VOLONTAIREMENT";"";"OK_CALENDRIER_LOCAL";"NON";"Règle MOA DAP : quatre soirées par Y"
"2027";"QV27:DAPCOND:2027-03-09:Y3:1830";"01522F7.008";"Conduite, formation continue";"F7";"AUTO";"Conduite";"01522F7";"DAP:Y3";"AUTO:3";"2027-03-09";"Mardi";"18:30";"21:30";"Local Y3";"Of auto";"Aucune session distincte";"1";"A_POSITIONNER";"classeur ligne 116";"MODIFIÉ_VOLONTAIREMENT";"";"OK_CALENDRIER_LOCAL";"NON";"Règle MOA DAP : quatre soirées par Y"
"2027";"QV27:DAPCOND:2027-03-10:Y2:1830";"01522F7.014";"Conduite, formation continue";"F7";"AUTO";"Conduite";"01522F7";"DAP:Y2";"AUTO:3";"2027-03-10";"Mercredi";"18:30";"21:30";"Local Y2";"Of auto";"Aucune session distincte";"1";"A_POSITIONNER";"classeur ligne 125";"MODIFIÉ_VOLONTAIREMENT";"";"OK_CALENDRIER_LOCAL";"NON";"Règle MOA DAP : quatre soirées par Y"
"2027";"QV27:DAPCOND:2027-03-17:Y2:1830";"01522F7.015";"Conduite, formation continue";"F7";"AUTO";"Conduite";"01522F7";"DAP:Y2";"AUTO:3";"2027-03-17";"Mercredi";"18:30";"21:30";"Local Y2";"Of auto";"Aucune session distincte";"1";"A_POSITIONNER";"classeur ligne 159";"MODIFIÉ_VOLONTAIREMENT";"";"OK_CALENDRIER_LOCAL";"NON";"Règle MOA DAP : quatre soirées par Y"
"2027";"QV27:DAPCOND:2027-03-17:Y3:1830";"01522F7.016";"Conduite, formation continue";"F7";"AUTO";"Conduite";"01522F7";"DAP:Y3";"AUTO:3";"2027-03-17";"Mercredi";"18:30";"21:30";"Local Y3";"Of auto";"Aucune session distincte";"1";"A_POSITIONNER";"classeur ligne 160";"MODIFIÉ_VOLONTAIREMENT";"";"OK_CALENDRIER_LOCAL";"NON";"Règle MOA DAP : quatre soirées par Y"
"2027";"QV27:DAPCOND:2027-03-17:Y4:1830";"01522F7.017";"Conduite, formation continue";"F7";"AUTO";"Conduite";"01522F7";"DAP:Y4";"AUTO:3";"2027-03-17";"Mercredi";"18:30";"21:30";"Local Y4";"Of auto";"Aucune session distincte";"1";"A_POSITIONNER";"classeur ligne 161";"MODIFIÉ_VOLONTAIREMENT";"";"OK_CALENDRIER_LOCAL";"NON";"Règle MOA DAP : quatre soirées par Y"
"2027";"QV27:DAPCOND:2027-03-18:Y4:1830";"01522F7.018";"Conduite, formation continue";"F7";"AUTO";"Conduite";"01522F7";"DAP:Y4";"AUTO:3";"2027-03-18";"Jeudi";"18:30";"21:30";"Local Y4";"Of auto";"Aucune session distincte";"1";"A_POSITIONNER";"classeur ligne 165";"MODIFIÉ_VOLONTAIREMENT";"";"OK_CALENDRIER_LOCAL";"NON";"Règle MOA DAP : quatre soirées par Y"
"2027";"QV27:DAPCOND:2027-03-25:Y3:1830";"01522F7.019";"Conduite, formation continue";"F7";"AUTO";"Conduite";"01522F7";"DAP:Y3";"AUTO:3";"2027-03-25";"Jeudi";"18:30";"21:30";"Local Y3";"Of auto";"Aucune session distincte";"1";"A_POSITIONNER";"classeur ligne 194";"MODIFIÉ_VOLONTAIREMENT";"VEILLE_FERIE";"HUMAN_REVIEW_CALENDAR:VEILLE_FERIE";"OUI";"Règle MOA DAP : quatre soirées par Y"
"2027";"QV27:DAPCOND:2027-04-26:Y1:1830";"01522F7.020";"Conduite, formation continue";"F7";"AUTO";"Conduite";"01522F7";"DAP:Y1";"AUTO:3";"2027-04-26";"Lundi";"18:30";"21:30";"Local Y1";"Of auto";"Aucune session distincte";"1";"A_POSITIONNER";"classeur ligne 260";"MODIFIÉ_VOLONTAIREMENT";"";"OK_CALENDRIER_LOCAL";"NON";"Règle MOA DAP : quatre soirées par Y"
"2027";"QV27:DAPCOND:2027-05-03:Y1:1830";"01522F7.021";"Conduite, formation continue";"F7";"AUTO";"Conduite";"01522F7";"DAP:Y1";"AUTO:3";"2027-05-03";"Lundi";"18:30";"21:30";"Local Y1";"Of auto";"Aucune session distincte";"1";"A_POSITIONNER";"classeur ligne 282";"MODIFIÉ_VOLONTAIREMENT";"";"OK_CALENDRIER_LOCAL";"NON";"Règle MOA DAP : quatre soirées par Y"
"2027";"QV27:DAPCOND:2027-05-10:Y1:1830";"01522F7.022";"Conduite, formation continue";"F7";"AUTO";"Conduite";"01522F7";"DAP:Y1";"AUTO:3";"2027-05-10";"Lundi";"18:30";"21:30";"Local Y1";"Of auto";"Aucune session distincte";"1";"A_POSITIONNER";"classeur ligne 307";"MODIFIÉ_VOLONTAIREMENT";"";"OK_CALENDRIER_LOCAL";"NON";"Règle MOA DAP : quatre soirées par Y"
"2027";"QV27:DAPCOND:2027-05-17:Y1:1830";"01522F7.023";"Conduite, formation continue";"F7";"AUTO";"Conduite";"01522F7";"DAP:Y1";"AUTO:3";"2027-05-17";"Lundi";"18:30";"21:30";"Local Y1";"Of auto";"Aucune session distincte";"1";"A_POSITIONNER";"classeur ligne 317";"MODIFIÉ_VOLONTAIREMENT";"FERIE";"HUMAN_REVIEW_CALENDAR:FERIE";"OUI";"Règle MOA DAP : quatre soirées par Y"
