"oi";"domaine";"famille";"type";"activite";"occurrences_2026";"occurrences_2027";"ecart";"sessions_2027";"couvertures_oi_2027";"classification";"explication"
"DAP:Y1";"F2/3 / DPS";"DPS";"Événement";"8 km du SDIS";"1";"1";"0";"1";"1";"RECONDUIT";"Lignes source 2026 avec cet OI : 1 ; identifiants 2027 : 1"
"DAP:Y1";"F1/8 / DPS";"SDIS / DPS";"Événement";"Cérémonie de promotion et nomination";"1";"1";"0";"1";"1";"RECONDUIT";"Lignes source 2026 avec cet OI : 1 ; identifiants 2027 : 1"
"DAP:Y1";"F3";"FVSP";"";"Concours de la FVSP";"1";"0";"-1";"0";"0";"HUMAN_REVIEW";"Lignes source 2026 avec cet OI : 1 ; identifiants 2027 : 0"
"DAP:Y1";"F7";"AUTO";"Conduite";"Conduite, formation continue";"5";"4";"-1";"4";"4";"RECONDUIT|NON_RECONDUIT_VOLONTAIREMENT|MODIFIÉ_VOLONTAIREMENT";"Lignes source 2026 avec cet OI : 5 ; identifiants 2027 : 4"
"DAP:Y1";"F7";"FOCO / DAP";"Cours / Exercice";"Cours de cadres exercice DAP 1";"1";"1";"0";"1";"1";"RECONDUIT";"Lignes source 2026 avec cet OI : 1 ; identifiants 2027 : 1"
"DAP:Y1";"F7";"FOCO / DAP";"Cours / Exercice";"Cours de cadres exercice DAP 2";"1";"1";"0";"1";"1";"RECONDUIT";"Lignes source 2026 avec cet OI : 1 ; identifiants 2027 : 1"
"DAP:Y1";"F7";"FOCO / DAP";"Cours / Exercice";"Cours de cadres exercice DAP 3";"1";"1";"0";"1";"1";"RECONDUIT";"Lignes source 2026 avec cet OI : 1 ; identifiants 2027 : 1"
"DAP:Y1";"F7";"FOCO / DAP";"Cours / Exercice";"Cours de cadres exercice DAP 4";"1";"1";"0";"1";"1";"RECONDUIT";"Lignes source 2026 avec cet OI : 1 ; identifiants 2027 : 1"
"DAP:Y1";"F7";"FOCO / DPS";"Cours / Exercice";"Cours de cadres exercice DPS-DAP 1";"1";"1";"0";"1";"1";"RECONDUIT|HUMAN_REVIEW";"Lignes source 2026 avec cet OI : 1 ; identifiants 2027 : 1"
"DAP:Y1";"F7";"FOCO / DPS";"Cours / Exercice";"Cours de cadres exercice DPS-DAP 2 - reconnaissance lieux";"1";"1";"0";"1";"1";"RECONDUIT|HUMAN_REVIEW";"Lignes source 2026 avec cet OI : 1 ; identifiants 2027 : 1"
"DAP:Y1";"F7";"AUTO";"Formation";"Cours de cadres moniteurs AUTO";"0";"2";"2";"2";"2";"NOUVEAU_2027";"Aucun titre identique dans les lignes datées 2026 ; examiner la règle source 2027"
"DAP:Y1";"F7";"FOSPEC";"Formation";"Cours de cadres recyclage BLS";"0";"1";"1";"1";"1";"HUMAN_REVIEW";"Aucun titre identique dans les lignes datées 2026 ; examiner la règle source 2027"
"DAP:Y1";"F7";"FOSPEC";"Cours";"Cours de cadres recyclage BLS | AED SN55i";"1";"0";"-1";"0";"0";"RECONDUIT";"Lignes source 2026 avec cet OI : 1 ; identifiants 2027 : 0"
"DAP:Y1";"F7";"FOCA / DPS";"Cours / Formation";"Cours de cadres SDIS Nord vaudois";"1";"1";"0";"1";"1";"RECONDUIT";"Lignes source 2026 avec cet OI : 1 ; identifiants 2027 : 1"
"DAP:Y1";"F7";"FOCA";"";"Cursus c groupe - module 1 | Conduite et leadership";"1";"0";"-1";"0";"0";"HUMAN_REVIEW";"Lignes source 2026 avec cet OI : 1 ; identifiants 2027 : 0"
"DAP:Y1";"F7";"FOCA";"";"Cursus c groupe - module 2 | Méthodologie didactique";"1";"0";"-1";"0";"0";"HUMAN_REVIEW";"Lignes source 2026 avec cet OI : 1 ; identifiants 2027 : 0"
"DAP:Y1";"F7";"FOCA";"";"Cursus c groupe - module 3 | Consolidation théorique et pratique";"1";"0";"-1";"0";"0";"HUMAN_REVIEW";"Lignes source 2026 avec cet OI : 1 ; identifiants 2027 : 0"
"DAP:Y1";"F7";"FOCA";"";"Cursus c groupe - module 4 | Consolidation théorique et pratique";"1";"0";"-1";"0";"0";"HUMAN_REVIEW";"Lignes source 2026 avec cet OI : 1 ; identifiants 2027 : 0"
"DAP:Y1";"F7";"FOCA";"";"Cursus CI DAP - module 1 | Leadership et bases légales";"1";"0";"-1";"0";"0";"HUMAN_REVIEW";"Lignes source 2026 avec cet OI : 1 ; identifiants 2027 : 0"
"DAP:Y1";"F7";"FOCA";"";"Cursus CI DAP - module 2 | Activités de conduite";"1";"0";"-1";"0";"0";"HUMAN_REVIEW";"Lignes source 2026 avec cet OI : 1 ; identifiants 2027 : 0"
"DAP:Y1";"F7";"FOCA";"";"Cursus CI DAP - module 3 | Interventions, aspects tactico-techniques";"1";"0";"-1";"0";"0";"HUMAN_REVIEW";"Lignes source 2026 avec cet OI : 1 ; identifiants 2027 : 0"
"DAP:Y1";"F7";"FOCA";"";"Cursus CI DAP - module 4 | Interventions varia";"1";"0";"-1";"0";"0";"HUMAN_REVIEW";"Lignes source 2026 avec cet OI : 1 ; identifiants 2027 : 0"
"DAP:Y1";"F7";"FOCA";"";"Cursus CI DAP - module 5 | Rapport d'intervention et fin d'engagement";"1";"0";"-1";"0";"0";"HUMAN_REVIEW";"Lignes source 2026 avec cet OI : 1 ; identifiants 2027 : 0"
"DAP:Y1";"F7";"FOCO / DAP";"Exercice";"Exercice DAP 1";"1";"1";"0";"1";"1";"RECONDUIT";"Lignes source 2026 avec cet OI : 1 ; identifiants 2027 : 1"
"DAP:Y1";"F7";"FOCO / DAP";"Exercice";"Exercice DAP 2";"1";"1";"0";"1";"1";"RECONDUIT";"Lignes source 2026 avec cet OI : 1 ; identifiants 2027 : 1"
"DAP:Y1";"F7";"FOCO / DAP";"Exercice";"Exercice DAP 3";"1";"1";"0";"1";"1";"RECONDUIT";"Lignes source 2026 avec cet OI : 1 ; identifiants 2027 : 1"
"DAP:Y1";"F7";"FOCO / DAP";"Exercice";"Exercice DAP 4";"1";"1";"0";"1";"1";"HUMAN_REVIEW";"Lignes source 2026 avec cet OI : 1 ; identifiants 2027 : 1"
"DAP:Y1";"F7";"FOCO";"Exercice";"Exercice DAP 5";"1";"0";"-1";"0";"0";"RECONDUIT";"Lignes source 2026 avec cet OI : 1 ; identifiants 2027 : 0"
"DAP:Y1";"F7";"FOCO / DPS";"Exercice";"Exercice DPS-DAP 1";"1";"1";"0";"1";"1";"RECONDUIT|HUMAN_REVIEW";"Lignes source 2026 avec cet OI : 1 ; identifiants 2027 : 1"
"DAP:Y1";"F7";"FOCO / DPS";"Exercice";"Exercice DPS-DAP 2";"2";"2";"0";"2";"2";"RECONDUIT|HUMAN_REVIEW";"Lignes source 2026 avec cet OI : 2 ; identifiants 2027 : 2"
"DAP:Y1";"F7";"FOSPEC";"Formation";"Formation antichute";"2";"2";"0";"2";"2";"RECONDUIT";"Lignes source 2026 avec cet OI : 2 ; identifiants 2027 : 2"
"DAP:Y1";"F7";"FOCA / DAP";"Formation";"Formation cadres DAP";"1";"2";"1";"2";"2";"HUMAN_REVIEW";"Lignes source 2026 avec cet OI : 1 ; identifiants 2027 : 2"
"DAP:Y1";"F7";"FOSPEC";"Formation";"Formation Travail en hauteur et antichute";"1";"1";"0";"1";"1";"RECONDUIT";"Lignes source 2026 avec cet OI : 1 ; identifiants 2027 : 1"
"DAP:Y1";"F1";"";"Événement";"Intégration personnel DAP";"0";"1";"1";"1";"1";"NOUVEAU_2027";"Aucun titre identique dans les lignes datées 2026 ; examiner la règle source 2027"
"DAP:Y1";"F1/8 / F3";"DAP";"Événement";"Journée des familles";"1";"1";"0";"1";"1";"RECONDUIT";"Lignes source 2026 avec cet OI : 1 ; identifiants 2027 : 1"
"DAP:Y1";"F3";"";"";"Préparation Revue Quinquennale | École de section";"";"0";"";"0";"0";"HUMAN_REVIEW";"3 ligne(s) 2026 de même titre, dont OI non coché ; écart par OI indéterminable"
"DAP:Y1";"F3";"";"Événement";"Rapport annuel";"0";"1";"1";"1";"1";"NOUVEAU_2027";"Aucun titre identique dans les lignes datées 2026 ; examiner la règle source 2027"
"DAP:Y1";"F7";"FOCA / DAP";"Événement";"Reconnaissance DAP";"1";"1";"0";"1";"1";"RECONDUIT";"Lignes source 2026 avec cet OI : 1 ; identifiants 2027 : 1"
"DAP:Y1";"F0";"SDIS / DPS";"Événement";"Recrutement cantonal";"1";"1";"0";"1";"1";"RECONDUIT";"Lignes source 2026 avec cet OI : 1 ; identifiants 2027 : 1"
"DAP:Y1";"F7";"FOSPEC";"Formation";"Recyclage BLS";"0";"6";"6";"6";"6";"HUMAN_REVIEW";"Aucun titre identique dans les lignes datées 2026 ; examiner la règle source 2027"
"DAP:Y1";"F7";"FOSPEC";"";"Recyclage BLS | AED SN55i";"6";"0";"-6";"0";"0";"RECONDUIT";"Lignes source 2026 avec cet OI : 6 ; identifiants 2027 : 0"
"DAP:Y1";"F3";"";"";"Revue Quinquennale SDIS Nord vaudois";"1";"0";"-1";"0";"0";"HUMAN_REVIEW";"Lignes source 2026 avec cet OI : 1 ; identifiants 2027 : 0"
"DAP:Y1";"F6";"";"Événement";"Séance audiovisuel et communication F5/6";"0";"1";"1";"1";"1";"NOUVEAU_2027";"Aucun titre identique dans les lignes datées 2026 ; examiner la règle source 2027"
"DAP:Y1";"F1/8 / DAP";"DAP";"Séance / Événement";"Séance cadres";"1";"1";"0";"1";"1";"RECONDUIT";"Lignes source 2026 avec cet OI : 1 ; identifiants 2027 : 1"
"DAP:Y1";"F5/6 / F6";"SIC";"Séance / Événement";"Séance communication F5/6";"8";"9";"1";"9";"9";"RECONDUIT|HUMAN_REVIEW";"Lignes source 2026 avec cet OI : 8 ; identifiants 2027 : 9"
"DAP:Y1";"F3";"";"Événement";"Séance de préparation concours de la FVSP";"0";"1";"1";"1";"1";"NOUVEAU_2027";"Aucun titre identique dans les lignes datées 2026 ; examiner la règle source 2027"
"DAP:Y1";"F2/3 / F3";"SDIS";"Séance / Événement";"Séance de préparation Téléthon";"1";"1";"0";"1";"1";"RECONDUIT";"Lignes source 2026 avec cet OI : 1 ; identifiants 2027 : 1"
"DAP:Y1";"F2/3 / F1";"DAP";"Séance / Événement";"Séance des chefs de section DAP";"2";"3";"1";"3";"3";"RECONDUIT|HUMAN_REVIEW";"Lignes source 2026 avec cet OI : 2 ; identifiants 2027 : 3"
"DAP:Y1";"F1/8";"SDIS";"Séance / Événement";"Séance échelons II, III et IV";"1";"2";"1";"2";"2";"RECONDUIT|HUMAN_REVIEW";"Lignes source 2026 avec cet OI : 1 ; identifiants 2027 : 2"
"DAP:Y1";"F1/8";"";"Événement";"Séance Fourriers DAP";"0";"1";"1";"1";"1";"NOUVEAU_2027";"Aucun titre identique dans les lignes datées 2026 ; examiner la règle source 2027"
"DAP:Y1";"DAP";"DAP";"Instruction";"Séance instruction DAP";"0";"1";"1";"1";"1";"NOUVEAU_2027";"Aucun titre identique dans les lignes datées 2026 ; examiner la règle source 2027"
"DAP:Y1";"F1";"DAP";"Événement";"Séance personnel DAP";"0";"1";"1";"1";"1";"NOUVEAU_2027";"Aucun titre identique dans les lignes datées 2026 ; examiner la règle source 2027"
"DAP:Y1";"F1/8";"DAP";"Séance";"Séance personnel DAP | Kick-off";"1";"0";"-1";"0";"0";"HUMAN_REVIEW";"Lignes source 2026 avec cet OI : 1 ; identifiants 2027 : 0"
"DAP:Y1";"F5/6 / F6";"SIC";"Séance / Événement";"Séance photo personnel DAP Y1";"1";"1";"0";"1";"1";"RECONDUIT";"Lignes source 2026 avec cet OI : 1 ; identifiants 2027 : 1"
"DAP:Y1";"F4";"";"Événement";"Séance responsables MAT SDIS";"0";"1";"1";"1";"1";"NOUVEAU_2027";"Aucun titre identique dans les lignes datées 2026 ; examiner la règle source 2027"
"DAP:Y1";"F0";"DAP";"Événement";"Soirée information DAP Y1";"1";"1";"0";"1";"1";"RECONDUIT";"Lignes source 2026 avec cet OI : 1 ; identifiants 2027 : 1"
"DAP:Y1";"F2/3 / F3";"SDIS";"Événement";"Téléthon";"1";"1";"0";"1";"1";"RECONDUIT";"Lignes source 2026 avec cet OI : 1 ; identifiants 2027 : 1"
"DAP:Y1";"F4";"DAP";"Événement";"Vision locale DAP";"1";"1";"0";"1";"1";"RECONDUIT";"Lignes source 2026 avec cet OI : 1 ; identifiants 2027 : 1"
"DAP:Y2";"F2/3 / DPS";"DPS";"Événement";"8 km du SDIS";"1";"1";"0";"1";"1";"RECONDUIT";"Lignes source 2026 avec cet OI : 1 ; identifiants 2027 : 1"
"DAP:Y2";"F1/8 / DPS";"SDIS / DPS";"Événement";"Cérémonie de promotion et nomination";"1";"1";"0";"1";"1";"RECONDUIT";"Lignes source 2026 avec cet OI : 1 ; identifiants 2027 : 1"
"DAP:Y2";"F3";"FVSP";"";"Concours de la FVSP";"1";"0";"-1";"0";"0";"HUMAN_REVIEW";"Lignes source 2026 avec cet OI : 1 ; identifiants 2027 : 0"
"DAP:Y2";"F7";"AUTO";"Conduite";"Conduite, formation continue";"4";"4";"0";"4";"4";"RECONDUIT|MODIFIÉ_VOLONTAIREMENT";"Lignes source 2026 avec cet OI : 4 ; identifiants 2027 : 4"
"DAP:Y2";"F7";"FOCO / DAP";"Cours / Exercice";"Cours de cadres exercice DAP 1";"1";"1";"0";"1";"1";"RECONDUIT|HUMAN_REVIEW";"Lignes source 2026 avec cet OI : 1 ; identifiants 2027 : 1"
"DAP:Y2";"F7";"FOCO / DAP";"Cours / Exercice";"Cours de cadres exercice DAP 2";"1";"1";"0";"1";"1";"RECONDUIT|HUMAN_REVIEW";"Lignes source 2026 avec cet OI : 1 ; identifiants 2027 : 1"
"DAP:Y2";"F7";"FOCO / DAP";"Cours / Exercice";"Cours de cadres exercice DAP 3";"1";"1";"0";"1";"1";"RECONDUIT|HUMAN_REVIEW";"Lignes source 2026 avec cet OI : 1 ; identifiants 2027 : 1"
"DAP:Y2";"F7";"FOCO / DAP";"Cours / Exercice";"Cours de cadres exercice DAP 4";"1";"1";"0";"1";"1";"RECONDUIT|HUMAN_REVIEW";"Lignes source 2026 avec cet OI : 1 ; identifiants 2027 : 1"
"DAP:Y2";"F7";"FOCO / DPS";"Cours / Exercice";"Cours de cadres exercice DPS-DAP 1";"1";"1";"0";"1";"1";"RECONDUIT|HUMAN_REVIEW";"Lignes source 2026 avec cet OI : 1 ; identifiants 2027 : 1"
"DAP:Y2";"F7";"FOCO / DPS";"Cours / Exercice";"Cours de cadres exercice DPS-DAP 2 - reconnaissance lieux";"1";"1";"0";"1";"1";"RECONDUIT|HUMAN_REVIEW";"Lignes source 2026 avec cet OI : 1 ; identifiants 2027 : 1"
"DAP:Y2";"F7";"AUTO";"Formation";"Cours de cadres moniteurs AUTO";"0";"2";"2";"2";"2";"NOUVEAU_2027";"Aucun titre identique dans les lignes datées 2026 ; examiner la règle source 2027"
"DAP:Y2";"F7";"FOCA / DPS";"Cours / Formation";"Cours de cadres SDIS Nord vaudois";"1";"1";"0";"1";"1";"RECONDUIT";"Lignes source 2026 avec cet OI : 1 ; identifiants 2027 : 1"
"DAP:Y2";"F7";"FOCA";"";"Cursus c groupe - module 1 | Conduite et leadership";"1";"0";"-1";"0";"0";"HUMAN_REVIEW";"Lignes source 2026 avec cet OI : 1 ; identifiants 2027 : 0"
"DAP:Y2";"F7";"FOCA";"";"Cursus c groupe - module 2 | Méthodologie didactique";"1";"0";"-1";"0";"0";"HUMAN_REVIEW";"Lignes source 2026 avec cet OI : 1 ; identifiants 2027 : 0"
"DAP:Y2";"F7";"FOCA";"";"Cursus c groupe - module 3 | Consolidation théorique et pratique";"1";"0";"-1";"0";"0";"HUMAN_REVIEW";"Lignes source 2026 avec cet OI : 1 ; identifiants 2027 : 0"
"DAP:Y2";"F7";"FOCA";"";"Cursus c groupe - module 4 | Consolidation théorique et pratique";"1";"0";"-1";"0";"0";"HUMAN_REVIEW";"Lignes source 2026 avec cet OI : 1 ; identifiants 2027 : 0"
"DAP:Y2";"F7";"FOCA";"";"Cursus CI DAP - module 1 | Leadership et bases légales";"1";"0";"-1";"0";"0";"HUMAN_REVIEW";"Lignes source 2026 avec cet OI : 1 ; identifiants 2027 : 0"
"DAP:Y2";"F7";"FOCA";"";"Cursus CI DAP - module 2 | Activités de conduite";"1";"0";"-1";"0";"0";"HUMAN_REVIEW";"Lignes source 2026 avec cet OI : 1 ; identifiants 2027 : 0"
"DAP:Y2";"F7";"FOCA";"";"Cursus CI DAP - module 3 | Interventions, aspects tactico-techniques";"1";"0";"-1";"0";"0";"HUMAN_REVIEW";"Lignes source 2026 avec cet OI : 1 ; identifiants 2027 : 0"
"DAP:Y2";"F7";"FOCA";"";"Cursus CI DAP - module 4 | Interventions varia";"1";"0";"-1";"0";"0";"HUMAN_REVIEW";"Lignes source 2026 avec cet OI : 1 ; identifiants 2027 : 0"
"DAP:Y2";"F7";"FOCA";"";"Cursus CI DAP - module 5 | Rapport d'intervention et fin d'engagement";"1";"0";"-1";"0";"0";"HUMAN_REVIEW";"Lignes source 2026 avec cet OI : 1 ; identifiants 2027 : 0"
"DAP:Y2";"F7";"FOCO / DAP";"Exercice";"Exercice DAP 1";"1";"1";"0";"1";"1";"RECONDUIT|HUMAN_REVIEW";"Lignes source 2026 avec cet OI : 1 ; identifiants 2027 : 1"
"DAP:Y2";"F7";"FOCO / DAP";"Exercice";"Exercice DAP 2";"1";"1";"0";"1";"1";"RECONDUIT|HUMAN_REVIEW";"Lignes source 2026 avec cet OI : 1 ; identifiants 2027 : 1"
"DAP:Y2";"F7";"FOCO / DAP";"Exercice";"Exercice DAP 3";"1";"1";"0";"1";"1";"RECONDUIT|HUMAN_REVIEW";"Lignes source 2026 avec cet OI : 1 ; identifiants 2027 : 1"
"DAP:Y2";"F7";"FOCO / DAP";"Exercice";"Exercice DAP 4";"1";"1";"0";"1";"1";"HUMAN_REVIEW";"Lignes source 2026 avec cet OI : 1 ; identifiants 2027 : 1"
"DAP:Y2";"F7";"FOCO";"Exercice";"Exercice DAP 5";"1";"0";"-1";"0";"0";"RECONDUIT";"Lignes source 2026 avec cet OI : 1 ; identifiants 2027 : 0"
"DAP:Y2";"F7";"FOCO / DPS";"Exercice";"Exercice DPS-DAP 1";"1";"1";"0";"1";"1";"RECONDUIT|HUMAN_REVIEW";"Lignes source 2026 avec cet OI : 1 ; identifiants 2027 : 1"
"DAP:Y2";"F7";"FOCO / DPS";"Exercice";"Exercice DPS-DAP 2";"2";"2";"0";"2";"2";"RECONDUIT|HUMAN_REVIEW";"Lignes source 2026 avec cet OI : 2 ; identifiants 2027 : 2"
"DAP:Y2";"F7";"FOSPEC";"Formation";"Formation antichute";"2";"2";"0";"2";"2";"RECONDUIT";"Lignes source 2026 avec cet OI : 2 ; identifiants 2027 : 2"
"DAP:Y2";"F7";"FOCA / DAP";"Formation";"Formation cadres DAP";"1";"2";"1";"2";"2";"HUMAN_REVIEW";"Lignes source 2026 avec cet OI : 1 ; identifiants 2027 : 2"
"DAP:Y2";"F7";"FOSPEC";"Formation";"Formation Travail en hauteur et antichute";"1";"1";"0";"1";"1";"RECONDUIT";"Lignes source 2026 avec cet OI : 1 ; identifiants 2027 : 1"
"DAP:Y2";"F1";"";"Événement";"Intégration personnel DAP";"0";"1";"1";"1";"1";"NOUVEAU_2027";"Aucun titre identique dans les lignes datées 2026 ; examiner la règle source 2027"
"DAP:Y2";"F1/8 / F3";"DAP";"Événement";"Journée des familles";"1";"1";"0";"1";"1";"RECONDUIT";"Lignes source 2026 avec cet OI : 1 ; identifiants 2027 : 1"
"DAP:Y2";"F3";"";"";"Préparation Revue Quinquennale | École de section";"";"0";"";"0";"0";"HUMAN_REVIEW";"3 ligne(s) 2026 de même titre, dont OI non coché ; écart par OI indéterminable"
"DAP:Y2";"F3";"";"Événement";"Rapport annuel";"0";"1";"1";"1";"1";"NOUVEAU_2027";"Aucun titre identique dans les lignes datées 2026 ; examiner la règle source 2027"
"DAP:Y2";"F7";"FOCA / DAP";"Événement";"Reconnaissance DAP";"1";"1";"0";"1";"1";"RECONDUIT";"Lignes source 2026 avec cet OI : 1 ; identifiants 2027 : 1"
"DAP:Y2";"F0";"SDIS / DPS";"Événement";"Recrutement cantonal";"1";"1";"0";"1";"1";"RECONDUIT";"Lignes source 2026 avec cet OI : 1 ; identifiants 2027 : 1"
"DAP:Y2";"F3";"";"";"Revue Quinquennale SDIS Nord vaudois";"1";"0";"-1";"0";"0";"HUMAN_REVIEW";"Lignes source 2026 avec cet OI : 1 ; identifiants 2027 : 0"
"DAP:Y2";"F1/8 / DAP";"DAP";"Séance / Événement";"Séance cadres";"1";"1";"0";"1";"1";"RECONDUIT";"Lignes source 2026 avec cet OI : 1 ; identifiants 2027 : 1"
"DAP:Y2";"F3";"";"Événement";"Séance de préparation concours de la FVSP";"0";"1";"1";"1";"1";"NOUVEAU_2027";"Aucun titre identique dans les lignes datées 2026 ; examiner la règle source 2027"
"DAP:Y2";"F2/3 / F3";"SDIS";"Séance / Événement";"Séance de préparation Téléthon";"1";"1";"0";"1";"1";"RECONDUIT";"Lignes source 2026 avec cet OI : 1 ; identifiants 2027 : 1"
"DAP:Y2";"F2/3 / F1";"DAP";"Séance / Événement";"Séance des chefs de section DAP";"2";"3";"1";"3";"3";"RECONDUIT|HUMAN_REVIEW";"Lignes source 2026 avec cet OI : 2 ; identifiants 2027 : 3"
"DAP:Y2";"F1/8";"SDIS";"Séance / Événement";"Séance échelons II, III et IV";"1";"2";"1";"2";"2";"RECONDUIT|HUMAN_REVIEW";"Lignes source 2026 avec cet OI : 1 ; identifiants 2027 : 2"
"DAP:Y2";"F1/8";"";"Événement";"Séance Fourriers DAP";"0";"1";"1";"1";"1";"NOUVEAU_2027";"Aucun titre identique dans les lignes datées 2026 ; examiner la règle source 2027"
"DAP:Y2";"DAP";"DAP";"Instruction";"Séance instruction DAP";"0";"1";"1";"1";"1";"NOUVEAU_2027";"Aucun titre identique dans les lignes datées 2026 ; examiner la règle source 2027"
"DAP:Y2";"F1";"DAP";"Événement";"Séance personnel DAP";"0";"1";"1";"1";"1";"NOUVEAU_2027";"Aucun titre identique dans les lignes datées 2026 ; examiner la règle source 2027"
"DAP:Y2";"F1/8";"DAP";"Séance";"Séance personnel DAP | Kick-off";"1";"0";"-1";"0";"0";"HUMAN_REVIEW";"Lignes source 2026 avec cet OI : 1 ; identifiants 2027 : 0"
"DAP:Y2";"F5/6 / F6";"SIC";"Séance / Événement";"Séance photo personnel DAP";"1";"1";"0";"1";"1";"RECONDUIT";"Lignes source 2026 avec cet OI : 1 ; identifiants 2027 : 1"
"DAP:Y2";"F4";"";"Événement";"Séance responsables MAT SDIS";"0";"1";"1";"1";"1";"NOUVEAU_2027";"Aucun titre identique dans les lignes datées 2026 ; examiner la règle source 2027"
"DAP:Y2";"F0";"DAP";"Événement";"Soirée information DAP Y2";"1";"1";"0";"1";"1";"RECONDUIT";"Lignes source 2026 avec cet OI : 1 ; identifiants 2027 : 1"
"DAP:Y2";"F2/3 / F3";"SDIS";"Événement";"Téléthon";"1";"1";"0";"1";"1";"RECONDUIT";"Lignes source 2026 avec cet OI : 1 ; identifiants 2027 : 1"
"DAP:Y2";"F4";"DAP";"Événement";"Vision locale DAP";"1";"1";"0";"1";"1";"RECONDUIT";"Lignes source 2026 avec cet OI : 1 ; identifiants 2027 : 1"
"DAP:Y3";"F2/3 / DPS";"DPS";"Événement";"8 km du SDIS";"1";"1";"0";"1";"1";"RECONDUIT";"Lignes source 2026 avec cet OI : 1 ; identifiants 2027 : 1"
"DAP:Y3";"F1/8 / DPS";"SDIS / DPS";"Événement";"Cérémonie de promotion et nomination";"1";"1";"0";"1";"1";"RECONDUIT";"Lignes source 2026 avec cet OI : 1 ; identifiants 2027 : 1"
"DAP:Y3";"F3";"FVSP";"";"Concours de la FVSP";"1";"0";"-1";"0";"0";"HUMAN_REVIEW";"Lignes source 2026 avec cet OI : 1 ; identifiants 2027 : 0"
"DAP:Y3";"F7";"AUTO";"Conduite";"Conduite, formation continue";"4";"4";"0";"4";"4";"RECONDUIT|MODIFIÉ_VOLONTAIREMENT";"Lignes source 2026 avec cet OI : 4 ; identifiants 2027 : 4"
"DAP:Y3";"F7";"FOCO / DAP";"Cours / Exercice";"Cours de cadres exercice DAP 1";"1";"1";"0";"1";"1";"RECONDUIT|HUMAN_REVIEW";"Lignes source 2026 avec cet OI : 1 ; identifiants 2027 : 1"
"DAP:Y3";"F7";"FOCO / DAP";"Cours / Exercice";"Cours de cadres exercice DAP 2";"1";"1";"0";"1";"1";"RECONDUIT|HUMAN_REVIEW";"Lignes source 2026 avec cet OI : 1 ; identifiants 2027 : 1"
"DAP:Y3";"F7";"FOCO / DAP";"Cours / Exercice";"Cours de cadres exercice DAP 3";"1";"1";"0";"1";"1";"RECONDUIT|HUMAN_REVIEW";"Lignes source 2026 avec cet OI : 1 ; identifiants 2027 : 1"
"DAP:Y3";"F7";"FOCO / DAP";"Cours / Exercice";"Cours de cadres exercice DAP 4";"1";"1";"0";"1";"1";"RECONDUIT|HUMAN_REVIEW";"Lignes source 2026 avec cet OI : 1 ; identifiants 2027 : 1"
"DAP:Y3";"F7";"FOCO / DPS";"Cours / Exercice";"Cours de cadres exercice DPS-DAP 1";"1";"1";"0";"1";"1";"RECONDUIT|HUMAN_REVIEW";"Lignes source 2026 avec cet OI : 1 ; identifiants 2027 : 1"
"DAP:Y3";"F7";"FOCO / DPS";"Cours / Exercice";"Cours de cadres exercice DPS-DAP 2 - reconnaissance lieux";"1";"1";"0";"1";"1";"RECONDUIT|HUMAN_REVIEW";"Lignes source 2026 avec cet OI : 1 ; identifiants 2027 : 1"
"DAP:Y3";"F7";"AUTO";"Formation";"Cours de cadres moniteurs AUTO";"0";"2";"2";"2";"2";"NOUVEAU_2027";"Aucun titre identique dans les lignes datées 2026 ; examiner la règle source 2027"
"DAP:Y3";"F7";"FOCA / DPS";"Cours / Formation";"Cours de cadres SDIS Nord vaudois";"1";"1";"0";"1";"1";"RECONDUIT";"Lignes source 2026 avec cet OI : 1 ; identifiants 2027 : 1"
"DAP:Y3";"F7";"FOCA";"";"Cursus c groupe - module 1 | Conduite et leadership";"1";"0";"-1";"0";"0";"HUMAN_REVIEW";"Lignes source 2026 avec cet OI : 1 ; identifiants 2027 : 0"
"DAP:Y3";"F7";"FOCA";"";"Cursus c groupe - module 2 | Méthodologie didactique";"1";"0";"-1";"0";"0";"HUMAN_REVIEW";"Lignes source 2026 avec cet OI : 1 ; identifiants 2027 : 0"
"DAP:Y3";"F7";"FOCA";"";"Cursus c groupe - module 3 | Consolidation théorique et pratique";"1";"0";"-1";"0";"0";"HUMAN_REVIEW";"Lignes source 2026 avec cet OI : 1 ; identifiants 2027 : 0"
"DAP:Y3";"F7";"FOCA";"";"Cursus c groupe - module 4 | Consolidation théorique et pratique";"1";"0";"-1";"0";"0";"HUMAN_REVIEW";"Lignes source 2026 avec cet OI : 1 ; identifiants 2027 : 0"
"DAP:Y3";"F7";"FOCA";"";"Cursus CI DAP - module 1 | Leadership et bases légales";"1";"0";"-1";"0";"0";"HUMAN_REVIEW";"Lignes source 2026 avec cet OI : 1 ; identifiants 2027 : 0"
"DAP:Y3";"F7";"FOCA";"";"Cursus CI DAP - module 2 | Activités de conduite";"1";"0";"-1";"0";"0";"HUMAN_REVIEW";"Lignes source 2026 avec cet OI : 1 ; identifiants 2027 : 0"
"DAP:Y3";"F7";"FOCA";"";"Cursus CI DAP - module 3 | Interventions, aspects tactico-techniques";"1";"0";"-1";"0";"0";"HUMAN_REVIEW";"Lignes source 2026 avec cet OI : 1 ; identifiants 2027 : 0"
"DAP:Y3";"F7";"FOCA";"";"Cursus CI DAP - module 4 | Interventions varia";"1";"0";"-1";"0";"0";"HUMAN_REVIEW";"Lignes source 2026 avec cet OI : 1 ; identifiants 2027 : 0"
"DAP:Y3";"F7";"FOCA";"";"Cursus CI DAP - module 5 | Rapport d'intervention et fin d'engagement";"1";"0";"-1";"0";"0";"HUMAN_REVIEW";"Lignes source 2026 avec cet OI : 1 ; identifiants 2027 : 0"
"DAP:Y3";"F7";"FOCO / DAP";"Exercice";"Exercice DAP 1";"1";"1";"0";"1";"1";"RECONDUIT|HUMAN_REVIEW";"Lignes source 2026 avec cet OI : 1 ; identifiants 2027 : 1"
"DAP:Y3";"F7";"FOCO / DAP";"Exercice";"Exercice DAP 2";"1";"1";"0";"1";"1";"RECONDUIT|HUMAN_REVIEW";"Lignes source 2026 avec cet OI : 1 ; identifiants 2027 : 1"
"DAP:Y3";"F7";"FOCO / DAP";"Exercice";"Exercice DAP 3";"1";"1";"0";"1";"1";"RECONDUIT|HUMAN_REVIEW";"Lignes source 2026 avec cet OI : 1 ; identifiants 2027 : 1"
"DAP:Y3";"F7";"FOCO / DAP";"Exercice";"Exercice DAP 4";"1";"1";"0";"1";"1";"HUMAN_REVIEW";"Lignes source 2026 avec cet OI : 1 ; identifiants 2027 : 1"
"DAP:Y3";"F7";"FOCO";"Exercice";"Exercice DAP 5";"1";"0";"-1";"0";"0";"RECONDUIT";"Lignes source 2026 avec cet OI : 1 ; identifiants 2027 : 0"
"DAP:Y3";"F7";"FOCO / DPS";"Exercice";"Exercice DPS-DAP 1";"1";"1";"0";"1";"1";"RECONDUIT|HUMAN_REVIEW";"Lignes source 2026 avec cet OI : 1 ; identifiants 2027 : 1"
"DAP:Y3";"F7";"FOCO / DPS";"Exercice";"Exercice DPS-DAP 2";"2";"2";"0";"2";"2";"RECONDUIT|HUMAN_REVIEW";"Lignes source 2026 avec cet OI : 2 ; identifiants 2027 : 2"
"DAP:Y3";"F7";"FOSPEC";"Formation";"Formation antichute";"2";"2";"0";"2";"2";"RECONDUIT";"Lignes source 2026 avec cet OI : 2 ; identifiants 2027 : 2"
"DAP:Y3";"F7";"FOCA / DAP";"Formation";"Formation cadres DAP";"1";"2";"1";"2";"2";"HUMAN_REVIEW";"Lignes source 2026 avec cet OI : 1 ; identifiants 2027 : 2"
"DAP:Y3";"F7";"FOSPEC";"Formation";"Formation Travail en hauteur et antichute";"1";"1";"0";"1";"1";"RECONDUIT";"Lignes source 2026 avec cet OI : 1 ; identifiants 2027 : 1"
"DAP:Y3";"F1";"";"Événement";"Intégration personnel DAP";"0";"1";"1";"1";"1";"NOUVEAU_2027";"Aucun titre identique dans les lignes datées 2026 ; examiner la règle source 2027"
"DAP:Y3";"F1/8 / F3";"DAP";"Événement";"Journée des familles";"1";"1";"0";"1";"1";"RECONDUIT";"Lignes source 2026 avec cet OI : 1 ; identifiants 2027 : 1"
"DAP:Y3";"F3";"";"";"Préparation Revue Quinquennale | École de section";"";"0";"";"0";"0";"HUMAN_REVIEW";"3 ligne(s) 2026 de même titre, dont OI non coché ; écart par OI indéterminable"
"DAP:Y3";"F3";"";"Événement";"Rapport annuel";"0";"1";"1";"1";"1";"NOUVEAU_2027";"Aucun titre identique dans les lignes datées 2026 ; examiner la règle source 2027"
"DAP:Y3";"F7";"FOCA / DAP";"Événement";"Reconnaissance DAP";"1";"1";"0";"1";"1";"RECONDUIT";"Lignes source 2026 avec cet OI : 1 ; identifiants 2027 : 1"
"DAP:Y3";"F0";"SDIS / DPS";"Événement";"Recrutement cantonal";"1";"1";"0";"1";"1";"RECONDUIT";"Lignes source 2026 avec cet OI : 1 ; identifiants 2027 : 1"
"DAP:Y3";"F3";"DPS";"Événement";"Répétition garde drapeau RA'25";"0";"1";"1";"1";"1";"NOUVEAU_2027";"Aucun titre identique dans les lignes datées 2026 ; examiner la règle source 2027"
"DAP:Y3";"F3";"";"";"Revue Quinquennale SDIS Nord vaudois";"1";"0";"-1";"0";"0";"HUMAN_REVIEW";"Lignes source 2026 avec cet OI : 1 ; identifiants 2027 : 0"
"DAP:Y3";"F1/8 / DAP";"DAP";"Séance / Événement";"Séance cadres";"1";"1";"0";"1";"1";"RECONDUIT";"Lignes source 2026 avec cet OI : 1 ; identifiants 2027 : 1"
"DAP:Y3";"F3";"";"Événement";"Séance de préparation concours de la FVSP";"0";"1";"1";"1";"1";"NOUVEAU_2027";"Aucun titre identique dans les lignes datées 2026 ; examiner la règle source 2027"
"DAP:Y3";"F2/3 / F3";"SDIS";"Séance / Événement";"Séance de préparation Téléthon";"1";"1";"0";"1";"1";"RECONDUIT";"Lignes source 2026 avec cet OI : 1 ; identifiants 2027 : 1"
"DAP:Y3";"F2/3 / F1";"DAP";"Séance / Événement";"Séance des chefs de section DAP";"2";"3";"1";"3";"3";"RECONDUIT|HUMAN_REVIEW";"Lignes source 2026 avec cet OI : 2 ; identifiants 2027 : 3"
"DAP:Y3";"F1/8";"SDIS";"Séance / Événement";"Séance échelons II, III et IV";"1";"2";"1";"2";"2";"RECONDUIT|HUMAN_REVIEW";"Lignes source 2026 avec cet OI : 1 ; identifiants 2027 : 2"
"DAP:Y3";"F1/8";"";"Événement";"Séance Fourriers DAP";"0";"1";"1";"1";"1";"NOUVEAU_2027";"Aucun titre identique dans les lignes datées 2026 ; examiner la règle source 2027"
"DAP:Y3";"DAP";"DAP";"Instruction";"Séance instruction DAP";"0";"1";"1";"1";"1";"NOUVEAU_2027";"Aucun titre identique dans les lignes datées 2026 ; examiner la règle source 2027"
"DAP:Y3";"F1";"DAP";"Événement";"Séance personnel DAP";"0";"1";"1";"1";"1";"NOUVEAU_2027";"Aucun titre identique dans les lignes datées 2026 ; examiner la règle source 2027"
"DAP:Y3";"F1/8";"DAP";"Séance";"Séance personnel DAP | Kick-off";"1";"0";"-1";"0";"0";"HUMAN_REVIEW";"Lignes source 2026 avec cet OI : 1 ; identifiants 2027 : 0"
"DAP:Y3";"F5/6 / F6";"SIC";"Séance / Événement";"Séance photo du personnel DAP";"1";"1";"0";"1";"1";"HUMAN_REVIEW";"Lignes source 2026 avec cet OI : 1 ; identifiants 2027 : 1"
"DAP:Y3";"F4";"";"Événement";"Séance responsables MAT SDIS";"0";"1";"1";"1";"1";"NOUVEAU_2027";"Aucun titre identique dans les lignes datées 2026 ; examiner la règle source 2027"
"DAP:Y3";"F0";"DAP";"Événement";"Soirée information DAP Y3";"1";"1";"0";"1";"1";"RECONDUIT";"Lignes source 2026 avec cet OI : 1 ; identifiants 2027 : 1"
"DAP:Y3";"F2/3 / F3";"SDIS";"Événement";"Téléthon";"1";"1";"0";"1";"1";"RECONDUIT";"Lignes source 2026 avec cet OI : 1 ; identifiants 2027 : 1"
"DAP:Y3";"F4";"DAP";"Événement";"Vision locale DAP";"1";"1";"0";"1";"1";"RECONDUIT";"Lignes source 2026 avec cet OI : 1 ; identifiants 2027 : 1"
"DAP:Y4";"F2/3 / DPS";"DPS";"Événement";"8 km du SDIS";"1";"1";"0";"1";"1";"RECONDUIT";"Lignes source 2026 avec cet OI : 1 ; identifiants 2027 : 1"
"DAP:Y4";"F1/8 / DPS";"SDIS / DPS";"Événement";"Cérémonie de promotion et nomination";"1";"1";"0";"1";"1";"RECONDUIT";"Lignes source 2026 avec cet OI : 1 ; identifiants 2027 : 1"
"DAP:Y4";"F3";"FVSP";"";"Concours de la FVSP";"1";"0";"-1";"0";"0";"HUMAN_REVIEW";"Lignes source 2026 avec cet OI : 1 ; identifiants 2027 : 0"
"DAP:Y4";"F7";"AUTO";"Conduite";"Conduite, formation continue";"4";"4";"0";"4";"4";"RECONDUIT|MODIFIÉ_VOLONTAIREMENT";"Lignes source 2026 avec cet OI : 4 ; identifiants 2027 : 4"
"DAP:Y4";"F7";"FOCO / DAP";"Cours / Exercice";"Cours de cadres exercice DAP 1";"1";"1";"0";"1";"1";"RECONDUIT|HUMAN_REVIEW";"Lignes source 2026 avec cet OI : 1 ; identifiants 2027 : 1"
"DAP:Y4";"F7";"FOCO / DAP";"Cours / Exercice";"Cours de cadres exercice DAP 2";"1";"1";"0";"1";"1";"RECONDUIT|HUMAN_REVIEW";"Lignes source 2026 avec cet OI : 1 ; identifiants 2027 : 1"
"DAP:Y4";"F7";"FOCO / DAP";"Cours / Exercice";"Cours de cadres exercice DAP 3";"1";"1";"0";"1";"1";"RECONDUIT|HUMAN_REVIEW";"Lignes source 2026 avec cet OI : 1 ; identifiants 2027 : 1"
"DAP:Y4";"F7";"FOCO / DAP";"Cours / Exercice";"Cours de cadres exercice DAP 4";"1";"1";"0";"1";"1";"RECONDUIT|HUMAN_REVIEW";"Lignes source 2026 avec cet OI : 1 ; identifiants 2027 : 1"
"DAP:Y4";"F7";"FOCO / DPS";"Cours / Exercice";"Cours de cadres exercice DPS-DAP 1";"1";"1";"0";"1";"1";"RECONDUIT|HUMAN_REVIEW";"Lignes source 2026 avec cet OI : 1 ; identifiants 2027 : 1"
"DAP:Y4";"F7";"FOCO / DPS";"Cours / Exercice";"Cours de cadres exercice DPS-DAP 2 - reconnaissance lieux";"1";"1";"0";"1";"1";"RECONDUIT|HUMAN_REVIEW";"Lignes source 2026 avec cet OI : 1 ; identifiants 2027 : 1"
"DAP:Y4";"F7";"AUTO";"Formation";"Cours de cadres moniteurs AUTO";"0";"2";"2";"2";"2";"NOUVEAU_2027";"Aucun titre identique dans les lignes datées 2026 ; examiner la règle source 2027"
"DAP:Y4";"F7";"FOCA / DPS";"Cours / Formation";"Cours de cadres SDIS Nord vaudois";"1";"1";"0";"1";"1";"RECONDUIT";"Lignes source 2026 avec cet OI : 1 ; identifiants 2027 : 1"
"DAP:Y4";"F7";"FOCA";"";"Cursus c groupe - module 1 | Conduite et leadership";"1";"0";"-1";"0";"0";"HUMAN_REVIEW";"Lignes source 2026 avec cet OI : 1 ; identifiants 2027 : 0"
"DAP:Y4";"F7";"FOCA";"";"Cursus c groupe - module 2 | Méthodologie didactique";"1";"0";"-1";"0";"0";"HUMAN_REVIEW";"Lignes source 2026 avec cet OI : 1 ; identifiants 2027 : 0"
"DAP:Y4";"F7";"FOCA";"";"Cursus c groupe - module 3 | Consolidation théorique et pratique";"1";"0";"-1";"0";"0";"HUMAN_REVIEW";"Lignes source 2026 avec cet OI : 1 ; identifiants 2027 : 0"
"DAP:Y4";"F7";"FOCA";"";"Cursus c groupe - module 4 | Consolidation théorique et pratique";"1";"0";"-1";"0";"0";"HUMAN_REVIEW";"Lignes source 2026 avec cet OI : 1 ; identifiants 2027 : 0"
"DAP:Y4";"F7";"FOCA";"";"Cursus CI DAP - module 1 | Leadership et bases légales";"1";"0";"-1";"0";"0";"HUMAN_REVIEW";"Lignes source 2026 avec cet OI : 1 ; identifiants 2027 : 0"
"DAP:Y4";"F7";"FOCA";"";"Cursus CI DAP - module 2 | Activités de conduite";"1";"0";"-1";"0";"0";"HUMAN_REVIEW";"Lignes source 2026 avec cet OI : 1 ; identifiants 2027 : 0"
"DAP:Y4";"F7";"FOCA";"";"Cursus CI DAP - module 3 | Interventions, aspects tactico-techniques";"1";"0";"-1";"0";"0";"HUMAN_REVIEW";"Lignes source 2026 avec cet OI : 1 ; identifiants 2027 : 0"
"DAP:Y4";"F7";"FOCA";"";"Cursus CI DAP - module 4 | Interventions varia";"1";"0";"-1";"0";"0";"HUMAN_REVIEW";"Lignes source 2026 avec cet OI : 1 ; identifiants 2027 : 0"
"DAP:Y4";"F7";"FOCA";"";"Cursus CI DAP - module 5 | Rapport d'intervention et fin d'engagement";"1";"0";"-1";"0";"0";"HUMAN_REVIEW";"Lignes source 2026 avec cet OI : 1 ; identifiants 2027 : 0"
"DAP:Y4";"F7";"FOCO / DAP";"Exercice";"Exercice DAP 1";"1";"1";"0";"1";"1";"RECONDUIT|HUMAN_REVIEW";"Lignes source 2026 avec cet OI : 1 ; identifiants 2027 : 1"
"DAP:Y4";"F7";"FOCO / DAP";"Exercice";"Exercice DAP 2";"1";"1";"0";"1";"1";"RECONDUIT|HUMAN_REVIEW";"Lignes source 2026 avec cet OI : 1 ; identifiants 2027 : 1"
"DAP:Y4";"F7";"FOCO / DAP";"Exercice";"Exercice DAP 3";"1";"1";"0";"1";"1";"RECONDUIT|HUMAN_REVIEW";"Lignes source 2026 avec cet OI : 1 ; identifiants 2027 : 1"
"DAP:Y4";"F7";"FOCO / DAP";"Exercice";"Exercice DAP 4";"1";"1";"0";"1";"1";"HUMAN_REVIEW";"Lignes source 2026 avec cet OI : 1 ; identifiants 2027 : 1"
"DAP:Y4";"F7";"FOCO";"Exercice";"Exercice DAP 5";"1";"0";"-1";"0";"0";"RECONDUIT";"Lignes source 2026 avec cet OI : 1 ; identifiants 2027 : 0"
"DAP:Y4";"F7";"FOCO / DPS";"Exercice";"Exercice DPS-DAP 1";"1";"1";"0";"1";"1";"RECONDUIT|HUMAN_REVIEW";"Lignes source 2026 avec cet OI : 1 ; identifiants 2027 : 1"
"DAP:Y4";"F7";"FOCO / DPS";"Exercice";"Exercice DPS-DAP 2";"2";"2";"0";"2";"2";"RECONDUIT|HUMAN_REVIEW";"Lignes source 2026 avec cet OI : 2 ; identifiants 2027 : 2"
"DAP:Y4";"F7";"FOCA / DAP";"Formation";"Formation cadres DAP";"1";"2";"1";"2";"2";"HUMAN_REVIEW";"Lignes source 2026 avec cet OI : 1 ; identifiants 2027 : 2"
"DAP:Y4";"F1";"";"Événement";"Intégration personnel DAP";"0";"1";"1";"1";"1";"NOUVEAU_2027";"Aucun titre identique dans les lignes datées 2026 ; examiner la règle source 2027"
"DAP:Y4";"F3";"";"";"Préparation Revue Quinquennale | École de section";"";"0";"";"0";"0";"HUMAN_REVIEW";"3 ligne(s) 2026 de même titre, dont OI non coché ; écart par OI indéterminable"
"DAP:Y4";"F3";"";"Événement";"Rapport annuel";"0";"1";"1";"1";"1";"NOUVEAU_2027";"Aucun titre identique dans les lignes datées 2026 ; examiner la règle source 2027"
"DAP:Y4";"F7";"FOCA / DAP";"Événement";"Reconnaissance DAP";"1";"1";"0";"1";"1";"RECONDUIT";"Lignes source 2026 avec cet OI : 1 ; identifiants 2027 : 1"
"DAP:Y4";"F0";"SDIS / DPS";"Événement";"Recrutement cantonal";"1";"1";"0";"1";"1";"RECONDUIT";"Lignes source 2026 avec cet OI : 1 ; identifiants 2027 : 1"
"DAP:Y4";"F3";"";"";"Revue Quinquennale SDIS Nord vaudois";"1";"0";"-1";"0";"0";"HUMAN_REVIEW";"Lignes source 2026 avec cet OI : 1 ; identifiants 2027 : 0"
"DAP:Y4";"F6";"";"Événement";"Séance audiovisuel et communication F5/6";"0";"1";"1";"1";"1";"NOUVEAU_2027";"Aucun titre identique dans les lignes datées 2026 ; examiner la règle source 2027"
"DAP:Y4";"F1/8 / DAP";"DAP";"Séance / Événement";"Séance cadres";"1";"1";"0";"1";"1";"RECONDUIT";"Lignes source 2026 avec cet OI : 1 ; identifiants 2027 : 1"
"DAP:Y4";"F3";"";"Événement";"Séance de préparation concours de la FVSP";"0";"1";"1";"1";"1";"NOUVEAU_2027";"Aucun titre identique dans les lignes datées 2026 ; examiner la règle source 2027"
"DAP:Y4";"F2/3 / F3";"SDIS";"Séance / Événement";"Séance de préparation Téléthon";"1";"1";"0";"1";"1";"RECONDUIT";"Lignes source 2026 avec cet OI : 1 ; identifiants 2027 : 1"
"DAP:Y4";"F2/3 / F1";"DAP";"Séance / Événement";"Séance des chefs de section DAP";"2";"3";"1";"3";"3";"RECONDUIT|HUMAN_REVIEW";"Lignes source 2026 avec cet OI : 2 ; identifiants 2027 : 3"
"DAP:Y4";"F1/8";"SDIS";"Séance / Événement";"Séance échelons II, III et IV";"1";"2";"1";"2";"2";"RECONDUIT|HUMAN_REVIEW";"Lignes source 2026 avec cet OI : 1 ; identifiants 2027 : 2"
"DAP:Y4";"F1/8";"";"Événement";"Séance Fourriers DAP";"0";"1";"1";"1";"1";"NOUVEAU_2027";"Aucun titre identique dans les lignes datées 2026 ; examiner la règle source 2027"
"DAP:Y4";"DAP";"DAP";"Instruction";"Séance instruction DAP";"0";"1";"1";"1";"1";"NOUVEAU_2027";"Aucun titre identique dans les lignes datées 2026 ; examiner la règle source 2027"
"DAP:Y4";"F1";"DAP";"Événement";"Séance personnel DAP";"0";"1";"1";"1";"1";"NOUVEAU_2027";"Aucun titre identique dans les lignes datées 2026 ; examiner la règle source 2027"
"DAP:Y4";"F1/8";"DAP";"Séance";"Séance personnel DAP | Kick-off";"1";"0";"-1";"0";"0";"HUMAN_REVIEW";"Lignes source 2026 avec cet OI : 1 ; identifiants 2027 : 0"
"DAP:Y4";"F5/6 / F6";"SIC";"Séance / Événement";"Séance photo personnel DAP";"1";"1";"0";"1";"1";"RECONDUIT";"Lignes source 2026 avec cet OI : 1 ; identifiants 2027 : 1"
"DAP:Y4";"F4";"";"Événement";"Séance responsables MAT SDIS";"0";"1";"1";"1";"1";"NOUVEAU_2027";"Aucun titre identique dans les lignes datées 2026 ; examiner la règle source 2027"
"DAP:Y4";"F0";"DAP";"Événement";"Soirée information DAP Y4";"1";"1";"0";"1";"1";"RECONDUIT";"Lignes source 2026 avec cet OI : 1 ; identifiants 2027 : 1"
"DAP:Y4";"F2/3 / F3";"SDIS";"Événement";"Téléthon";"1";"1";"0";"1";"1";"RECONDUIT";"Lignes source 2026 avec cet OI : 1 ; identifiants 2027 : 1"
"DAP:Y4";"F4";"DAP";"Événement";"Vision locale DAP";"1";"1";"0";"1";"1";"RECONDUIT";"Lignes source 2026 avec cet OI : 1 ; identifiants 2027 : 1"
"DPS:B1";"F2/3 / DPS";"DPS";"Événement";"8 km du SDIS";"1";"1";"0";"1";"1";"RECONDUIT";"Lignes source 2026 avec cet OI : 1 ; identifiants 2027 : 1"
"DPS:B1";"F7";"FOSPEC";"";"BLS | AED | Modules complémentaires SP 1 à 4";"2";"0";"-2";"0";"0";"HUMAN_REVIEW";"Lignes source 2026 avec cet OI : 2 ; identifiants 2027 : 0"
"DPS:B1";"F1/8 / DPS";"SDIS / DPS";"Événement";"Cérémonie de promotion et nomination";"1";"1";"0";"1";"1";"RECONDUIT";"Lignes source 2026 avec cet OI : 1 ; identifiants 2027 : 1"
"DPS:B1";"F3";"FVSP";"";"Concours de la FVSP";"1";"0";"-1";"0";"0";"HUMAN_REVIEW";"Lignes source 2026 avec cet OI : 1 ; identifiants 2027 : 0"
"DPS:B1";"F7";"AUTO";"Conduite";"Conduite, formation continue";"11";"12";"1";"12";"12";"MODIFIÉ_VOLONTAIREMENT";"Lignes source 2026 avec cet OI : 11 ; identifiants 2027 : 12"
"DPS:B1";"F7";"FOCO / DPS";"Cours / Exercice";"Cours de cadres exercice DPS 1";"1";"1";"0";"1";"1";"RECONDUIT";"Lignes source 2026 avec cet OI : 1 ; identifiants 2027 : 1"
"DPS:B1";"F7";"FOCO / DPS";"Cours / Exercice";"Cours de cadres exercice DPS 2";"1";"1";"0";"1";"1";"RECONDUIT";"Lignes source 2026 avec cet OI : 1 ; identifiants 2027 : 1"
"DPS:B1";"F7";"FOCO / DPS";"Cours / Exercice";"Cours de cadres exercice DPS 3";"1";"1";"0";"1";"1";"RECONDUIT";"Lignes source 2026 avec cet OI : 1 ; identifiants 2027 : 1"
"DPS:B1";"F7";"FOCO / DPS";"Cours / Exercice";"Cours de cadres exercice DPS-DAP 1";"1";"1";"0";"1";"1";"RECONDUIT";"Lignes source 2026 avec cet OI : 1 ; identifiants 2027 : 1"
"DPS:B1";"F7";"FOCO / DPS";"Cours / Exercice";"Cours de cadres exercice DPS-DAP 2 - reconnaissance lieux";"1";"1";"0";"1";"1";"RECONDUIT";"Lignes source 2026 avec cet OI : 1 ; identifiants 2027 : 1"
"DPS:B1";"F7";"AUTO";"Cours / Exercice";"Cours de cadres exercice TRUCK";"1";"1";"0";"1";"1";"RECONDUIT";"Lignes source 2026 avec cet OI : 1 ; identifiants 2027 : 1"
"DPS:B1";"F7";"DPS";"Formation";"Cours de cadres Formation groupée DPS";"0";"1";"1";"1";"1";"HUMAN_REVIEW";"Aucun titre identique dans les lignes datées 2026 ; examiner la règle source 2027"
"DPS:B1";"F7";"AUTRES";"Cours";"Cours de cadres Formation groupée DPS | OFSI | ABC";"1";"0";"-1";"0";"0";"RECONDUIT";"Lignes source 2026 avec cet OI : 1 ; identifiants 2027 : 0"
"DPS:B1";"F7";"FOCA / DPS";"Cours / Formation";"Cours de cadres interSDIS";"1";"1";"0";"1";"1";"RECONDUIT";"Lignes source 2026 avec cet OI : 1 ; identifiants 2027 : 1"
"DPS:B1";"F7";"FOSPEC";"Formation";"Cours de cadres recyclage BLS";"0";"1";"1";"1";"1";"HUMAN_REVIEW";"Aucun titre identique dans les lignes datées 2026 ; examiner la règle source 2027"
"DPS:B1";"F7";"FOSPEC";"Cours";"Cours de cadres recyclage BLS | AED SN55i";"1";"0";"-1";"0";"0";"RECONDUIT";"Lignes source 2026 avec cet OI : 1 ; identifiants 2027 : 0"
"DPS:B1";"F7";"FOCA / DPS";"Cours / Formation";"Cours de cadres SDIS Nord vaudois";"1";"1";"0";"1";"1";"RECONDUIT";"Lignes source 2026 avec cet OI : 1 ; identifiants 2027 : 1"
"DPS:B1";"F7";"FOCA";"";"Cursus « Notions d'administration publique » | module 4";"2";"0";"-2";"0";"0";"HUMAN_REVIEW";"Lignes source 2026 avec cet OI : 2 ; identifiants 2027 : 0"
"DPS:B1";"F7";"FOCA";"";"Cursus c groupe - module 1 | Conduite et leadership";"1";"0";"-1";"0";"0";"HUMAN_REVIEW";"Lignes source 2026 avec cet OI : 1 ; identifiants 2027 : 0"
"DPS:B1";"F7";"FOCA";"";"Cursus c groupe - module 2 | Méthodologie didactique";"1";"0";"-1";"0";"0";"HUMAN_REVIEW";"Lignes source 2026 avec cet OI : 1 ; identifiants 2027 : 0"
"DPS:B1";"F7";"FOCA";"";"Cursus c groupe - module 3 | Consolidation théorique et pratique";"1";"0";"-1";"0";"0";"HUMAN_REVIEW";"Lignes source 2026 avec cet OI : 1 ; identifiants 2027 : 0"
"DPS:B1";"F7";"FOCA";"";"Cursus c groupe - module 4 | Consolidation théorique et pratique";"1";"0";"-1";"0";"0";"HUMAN_REVIEW";"Lignes source 2026 avec cet OI : 1 ; identifiants 2027 : 0"
"DPS:B1";"F7";"FOCA";"";"Cursus CI DPS - module 1 | Le rôle et les valeurs du chef";"1";"0";"-1";"0";"0";"HUMAN_REVIEW";"Lignes source 2026 avec cet OI : 1 ; identifiants 2027 : 0"
"DPS:B1";"F7";"FOCA";"";"Cursus CI DPS - module 10 | Tests théoriques et pratiques";"2";"0";"-2";"0";"0";"HUMAN_REVIEW";"Lignes source 2026 avec cet OI : 2 ; identifiants 2027 : 0"
"DPS:B1";"F7";"FOCA";"";"Cursus CI DPS - module 2 | Bases légales et responsabilités";"1";"0";"-1";"0";"0";"HUMAN_REVIEW";"Lignes source 2026 avec cet OI : 1 ; identifiants 2027 : 0"
"DPS:B1";"F7";"FOCA";"";"Cursus CI DPS - module 3 | Activités de conduite";"1";"0";"-1";"0";"0";"HUMAN_REVIEW";"Lignes source 2026 avec cet OI : 1 ; identifiants 2027 : 0"
"DPS:B1";"F7";"FOCA";"";"Cursus CI DPS - module 4 | Tactique I";"1";"0";"-1";"0";"0";"HUMAN_REVIEW";"Lignes source 2026 avec cet OI : 1 ; identifiants 2027 : 0"
"DPS:B1";"F7";"FOCA";"";"Cursus CI DPS - module 5 | Rédaction de rapports";"1";"0";"-1";"0";"0";"HUMAN_REVIEW";"Lignes source 2026 avec cet OI : 1 ; identifiants 2027 : 0"
"DPS:B1";"F7";"FOCA";"";"Cursus CI DPS - module 6 | Tactique II";"1";"0";"-1";"0";"0";"HUMAN_REVIEW";"Lignes source 2026 avec cet OI : 1 ; identifiants 2027 : 0"
"DPS:B1";"F7";"FOCA";"";"Cursus CI DPS - module 7 | Spécificités des interventions I";"1";"0";"-1";"0";"0";"HUMAN_REVIEW";"Lignes source 2026 avec cet OI : 1 ; identifiants 2027 : 0"
"DPS:B1";"F7";"FOCA";"";"Cursus CI DPS - module 8 | Spécificités des interventions II";"1";"0";"-1";"0";"0";"HUMAN_REVIEW";"Lignes source 2026 avec cet OI : 1 ; identifiants 2027 : 0"
"DPS:B1";"F7";"FOCA";"";"Cursus CI DPS - module 9 | Rétablissement et débriefing";"1";"0";"-1";"0";"0";"HUMAN_REVIEW";"Lignes source 2026 avec cet OI : 1 ; identifiants 2027 : 0"
"DPS:B1";"F7";"AUTO";"";"Cursus élévateur à timon S2 - module 1";"1";"0";"-1";"0";"0";"HUMAN_REVIEW";"Lignes source 2026 avec cet OI : 1 ; identifiants 2027 : 0"
"DPS:B1";"F7";"FOCO / DPS";"Exercice";"Exercice DPS 1";"1";"1";"0";"1";"1";"RECONDUIT";"Lignes source 2026 avec cet OI : 1 ; identifiants 2027 : 1"
"DPS:B1";"F7";"FOCO / DPS";"Exercice";"Exercice DPS 2";"1";"1";"0";"1";"1";"RECONDUIT";"Lignes source 2026 avec cet OI : 1 ; identifiants 2027 : 1"
"DPS:B1";"F7";"FOCO / DPS";"Exercice";"Exercice DPS 3";"1";"1";"0";"1";"1";"RECONDUIT";"Lignes source 2026 avec cet OI : 1 ; identifiants 2027 : 1"
"DPS:B1";"F7";"FOCO / DPS";"Exercice";"Exercice DPS-DAP 1";"2";"2";"0";"2";"2";"RECONDUIT";"Lignes source 2026 avec cet OI : 2 ; identifiants 2027 : 2"
"DPS:B1";"F7";"FOCO / DPS";"Exercice";"Exercice DPS-DAP 2";"4";"4";"0";"4";"4";"RECONDUIT";"Lignes source 2026 avec cet OI : 4 ; identifiants 2027 : 4"
"DPS:B1";"F7";"DPS";"Exercice";"Exercice engagement Incyte Biosciences";"";"1";"";"1";"1";"RECONDUIT";"1 ligne(s) 2026 de même titre, dont OI non coché ; écart par OI indéterminable"
"DPS:B1";"F7";"AUTO";"Exercice";"Exercice TRUCK 1.1";"";"1";"";"1";"1";"RECONDUIT";"4 ligne(s) 2026 de même titre, dont OI non coché ; écart par OI indéterminable"
"DPS:B1";"F7";"AUTO";"Exercice";"Exercice TRUCK 1.2";"";"1";"";"1";"1";"RECONDUIT";"4 ligne(s) 2026 de même titre, dont OI non coché ; écart par OI indéterminable"
"DPS:B1";"F7";"FOSPEC";"Formation";"Formation ABC";"1";"0";"-1";"0";"0";"HUMAN_REVIEW";"Lignes source 2026 avec cet OI : 1 ; identifiants 2027 : 0"
"DPS:B1";"F7";"FOSPEC";"Formation";"Formation antichute";"2";"2";"0";"2";"2";"RECONDUIT";"Lignes source 2026 avec cet OI : 2 ; identifiants 2027 : 2"
"DPS:B1";"F7";"DPS";"Formation";"Formation BIKABLO";"0";"4";"4";"4";"4";"HUMAN_REVIEW";"Aucun titre identique dans les lignes datées 2026 ; examiner la règle source 2027"
"DPS:B1";"F7";"FOSPEC";"Formation";"Formation cadres ABC";"1";"0";"-1";"0";"0";"RECONDUIT";"Lignes source 2026 avec cet OI : 1 ; identifiants 2027 : 0"
"DPS:B1";"F7";"DPS";"Formation";"Formation groupée 1.1";"0";"6";"6";"6";"6";"HUMAN_REVIEW";"Aucun titre identique dans les lignes datées 2026 ; examiner la règle source 2027"
"DPS:B1";"F7";"AUTRES";"Formation";"Formation groupée 1.1 | DPS | OFSI | ABC";"1";"0";"-1";"0";"0";"HUMAN_REVIEW";"Lignes source 2026 avec cet OI : 1 ; identifiants 2027 : 0"
"DPS:B1";"F7";"AUTRES";"Formation";"Formation groupée 1.2 | DPS | OFSI | ABC";"1";"0";"-1";"0";"0";"HUMAN_REVIEW";"Lignes source 2026 avec cet OI : 1 ; identifiants 2027 : 0"
"DPS:B1";"F7";"AUTRES";"Formation";"Formation groupée 1.3 | DPS | OFSI | ABC";"1";"0";"-1";"0";"0";"HUMAN_REVIEW";"Lignes source 2026 avec cet OI : 1 ; identifiants 2027 : 0"
"DPS:B1";"F7";"AUTRES";"Formation";"Formation groupée 1.4 | DPS | OFSI | ABC";"1";"0";"-1";"0";"0";"HUMAN_REVIEW";"Lignes source 2026 avec cet OI : 1 ; identifiants 2027 : 0"
"DPS:B1";"F7";"AUTRES";"Formation";"Formation groupée 1.5 | DPS | OFSI | ABC";"1";"0";"-1";"0";"0";"HUMAN_REVIEW";"Lignes source 2026 avec cet OI : 1 ; identifiants 2027 : 0"
"DPS:B1";"F7";"AUTRES";"Formation";"Formation groupée 1.6 | DPS | OFSI | ABC";"1";"0";"-1";"0";"0";"HUMAN_REVIEW";"Lignes source 2026 avec cet OI : 1 ; identifiants 2027 : 0"
"DPS:B1";"F7";"FOSPEC";"Formation";"Formation NAC 1.1";"1";"1";"0";"1";"1";"RECONDUIT";"Lignes source 2026 avec cet OI : 1 ; identifiants 2027 : 1"
"DPS:B1";"F7";"FOSPEC";"Formation";"Formation NAC 1.2";"1";"1";"0";"1";"1";"RECONDUIT";"Lignes source 2026 avec cet OI : 1 ; identifiants 2027 : 1"
"DPS:B1";"F7";"FOSPEC";"Formation";"Formation Travail en hauteur et antichute";"1";"1";"0";"1";"1";"RECONDUIT";"Lignes source 2026 avec cet OI : 1 ; identifiants 2027 : 1"
"DPS:B1";"F7";"FOCO / DPS";"Instruction";"Instr demi-sct - FEU";"6";"6";"0";"6";"6";"RECONDUIT";"Lignes source 2026 avec cet OI : 6 ; identifiants 2027 : 6"
"DPS:B1";"F7 / DPS";"FOCO / DPS";"Instruction";"Instr demi-sct - KICK-OFF";"5";"6";"1";"6";"6";"MODIFIÉ_VOLONTAIREMENT|HUMAN_REVIEW";"Lignes source 2026 avec cet OI : 5 ; identifiants 2027 : 6"
"DPS:B1";"F7";"FOCO / DPS";"Instruction";"Instr demi-sct - VARIA";"6";"6";"0";"6";"6";"RECONDUIT";"Lignes source 2026 avec cet OI : 6 ; identifiants 2027 : 6"
"DPS:B1";"F7";"FOCO / DPS";"Instruction";"Instr sct - FEU";"3";"3";"0";"3";"3";"RECONDUIT";"Lignes source 2026 avec cet OI : 3 ; identifiants 2027 : 3"
"DPS:B1";"F7";"FOCO / DPS";"Instruction";"Instr sct - KICK-OFF";"3";"3";"0";"3";"3";"RECONDUIT";"Lignes source 2026 avec cet OI : 3 ; identifiants 2027 : 3"
"DPS:B1";"F7";"FOCO / DPS";"Instruction";"Instr sct - VARIA";"3";"3";"0";"3";"3";"RECONDUIT";"Lignes source 2026 avec cet OI : 3 ; identifiants 2027 : 3"
"DPS:B1";"F1";"";"Événement";"Intégration personnel DPS, phase I";"0";"1";"1";"1";"1";"NOUVEAU_2027";"Aucun titre identique dans les lignes datées 2026 ; examiner la règle source 2027"
"DPS:B1";"F1";"";"Événement";"Intégration personnel DPS, phase II";"0";"1";"1";"1";"1";"NOUVEAU_2027";"Aucun titre identique dans les lignes datées 2026 ; examiner la règle source 2027"
"DPS:B1";"F4";"DPS";"Événement";"Nettoyage annuel caserne";"1";"1";"0";"1";"1";"RECONDUIT";"Lignes source 2026 avec cet OI : 1 ; identifiants 2027 : 1"
"DPS:B1";"F1/8 / F3";"DPS";"Événement";"Noël des familles";"1";"1";"0";"1";"1";"RECONDUIT";"Lignes source 2026 avec cet OI : 1 ; identifiants 2027 : 1"
"DPS:B1";"DPS";"DPS";"Permanence";"Permanence";"0";"53";"53";"53";"53";"MODIFIÉ_VOLONTAIREMENT";"Aucun titre identique dans les lignes datées 2026 ; examiner la règle source 2027"
"DPS:B1";"F3";"";"Événement";"Préparation concours de la FVSP";"";"8";"";"8";"8";"RECONDUIT|HUMAN_REVIEW";"7 ligne(s) 2026 de même titre, dont OI non coché ; écart par OI indéterminable"
"DPS:B1";"F7";"FOCA / DPS";"Formation";"Préparation cours de cadres SDIS Nord vaudois";"1";"1";"0";"1";"1";"RECONDUIT";"Lignes source 2026 avec cet OI : 1 ; identifiants 2027 : 1"
"DPS:B1";"F3";"";"";"Préparation Revue Quinquennale | École de section";"";"0";"";"0";"0";"HUMAN_REVIEW";"3 ligne(s) 2026 de même titre, dont OI non coché ; écart par OI indéterminable"
"DPS:B1";"F4";"DPS";"Événement";"Préparation Xmas";"1";"1";"0";"1";"1";"RECONDUIT";"Lignes source 2026 avec cet OI : 1 ; identifiants 2027 : 1"
"DPS:B1";"F3";"";"Événement";"Rapport annuel";"0";"1";"1";"1";"1";"NOUVEAU_2027";"Aucun titre identique dans les lignes datées 2026 ; examiner la règle source 2027"
"DPS:B1";"F7";"FOCA / DPS";"Événement";"Reconnaissance DPS";"2";"2";"0";"2";"2";"RECONDUIT";"Lignes source 2026 avec cet OI : 2 ; identifiants 2027 : 2"
"DPS:B1";"F0";"SDIS / DPS";"Événement";"Recrutement cantonal";"1";"1";"0";"1";"1";"RECONDUIT";"Lignes source 2026 avec cet OI : 1 ; identifiants 2027 : 1"
"DPS:B1";"F7";"FOSPEC";"Formation";"Recyclage BLS";"0";"6";"6";"6";"6";"HUMAN_REVIEW";"Aucun titre identique dans les lignes datées 2026 ; examiner la règle source 2027"
"DPS:B1";"F7";"FOSPEC";"";"Recyclage BLS | AED SN55i";"6";"0";"-6";"0";"0";"RECONDUIT";"Lignes source 2026 avec cet OI : 6 ; identifiants 2027 : 0"
"DPS:B1";"F7";"DPS";"Événement";"Refresh CI";"0";"1";"1";"1";"1";"HUMAN_REVIEW";"Aucun titre identique dans les lignes datées 2026 ; examiner la règle source 2027"
"DPS:B1";"F7";"FOCA";"";"Refresh CI | Simulateur tactique";"1";"0";"-1";"0";"0";"RECONDUIT";"Lignes source 2026 avec cet OI : 1 ; identifiants 2027 : 0"
"DPS:B1";"F3";"";"";"Revue Quinquennale SDIS Nord vaudois";"1";"0";"-1";"0";"0";"HUMAN_REVIEW";"Lignes source 2026 avec cet OI : 1 ; identifiants 2027 : 0"
"DPS:B1";"F6";"";"Événement";"Séance audiovisuel et communication F5/6";"0";"1";"1";"1";"1";"NOUVEAU_2027";"Aucun titre identique dans les lignes datées 2026 ; examiner la règle source 2027"
"DPS:B1";"F5/6 / F6";"SIC";"Séance / Événement";"Séance cadres F5/6";"2";"3";"1";"3";"3";"RECONDUIT|HUMAN_REVIEW";"Lignes source 2026 avec cet OI : 2 ; identifiants 2027 : 3"
"DPS:B1";"F2/3 / F1";"DPS";"Séance / Événement";"Séance chefs de section DPS";"2";"3";"1";"3";"3";"RECONDUIT|HUMAN_REVIEW";"Lignes source 2026 avec cet OI : 2 ; identifiants 2027 : 3"
"DPS:B1";"F3";"";"Événement";"Séance de préparation concours de la FVSP";"0";"1";"1";"1";"1";"NOUVEAU_2027";"Aucun titre identique dans les lignes datées 2026 ; examiner la règle source 2027"
"DPS:B1";"F2/3 / F3";"SDIS";"Séance / Événement";"Séance de préparation Téléthon";"1";"1";"0";"1";"1";"RECONDUIT";"Lignes source 2026 avec cet OI : 1 ; identifiants 2027 : 1"
"DPS:B1";"F1/8";"SDIS";"Séance / Événement";"Séance échelons II, III et IV";"1";"2";"1";"2";"2";"RECONDUIT|HUMAN_REVIEW";"Lignes source 2026 avec cet OI : 1 ; identifiants 2027 : 2"
"DPS:B1";"F1/8";"";"Événement";"Séance Fourriers DPS";"0";"1";"1";"1";"1";"NOUVEAU_2027";"Aucun titre identique dans les lignes datées 2026 ; examiner la règle source 2027"
"DPS:B1";"F7";"DPS";"Instruction";"Séance instruction DPS";"0";"1";"1";"1";"1";"NOUVEAU_2027";"Aucun titre identique dans les lignes datées 2026 ; examiner la règle source 2027"
"DPS:B1";"F1";"DPS";"Événement";"Séance personnel DPS";"0";"1";"1";"1";"1";"NOUVEAU_2027";"Aucun titre identique dans les lignes datées 2026 ; examiner la règle source 2027"
"DPS:B1";"F5/6 / F6";"SIC";"Séance / Événement";"Séance photo personnel DPS B1";"1";"1";"0";"1";"1";"RECONDUIT";"Lignes source 2026 avec cet OI : 1 ; identifiants 2027 : 1"
"DPS:B1";"F4";"";"Événement";"Séance Préposés mat DPS";"0";"1";"1";"1";"1";"NOUVEAU_2027";"Aucun titre identique dans les lignes datées 2026 ; examiner la règle source 2027"
"DPS:B1";"F4";"";"Événement";"Séance responsables MAT SDIS";"0";"1";"1";"1";"1";"NOUVEAU_2027";"Aucun titre identique dans les lignes datées 2026 ; examiner la règle source 2027"
"DPS:B1";"F2/3 / F3";"SDIS";"Événement";"Téléthon";"1";"1";"0";"1";"1";"RECONDUIT";"Lignes source 2026 avec cet OI : 1 ; identifiants 2027 : 1"
"DPS:B1";"F1/8 / DPS";"SDIS / DPS";"Formation";"Test de sélection NUOVO";"1";"1";"0";"1";"1";"RECONDUIT";"Lignes source 2026 avec cet OI : 1 ; identifiants 2027 : 1"
"DPS:B1";"F3";"OP / DPS";"Événement";"Tour de France Femmes '26";"1";"1";"0";"1";"1";"RECONDUIT";"Lignes source 2026 avec cet OI : 1 ; identifiants 2027 : 1"
"DPS:B1";"F4";"DPS";"Événement";"Vision locale DPS";"1";"1";"0";"1";"1";"RECONDUIT";"Lignes source 2026 avec cet OI : 1 ; identifiants 2027 : 1"
"DPS:B2";"F2/3 / DPS";"DPS";"Événement";"8 km du SDIS";"1";"1";"0";"1";"1";"RECONDUIT";"Lignes source 2026 avec cet OI : 1 ; identifiants 2027 : 1"
"DPS:B2";"F7";"FOSPEC";"";"BLS | AED | Modules complémentaires SP 1 à 4";"2";"0";"-2";"0";"0";"HUMAN_REVIEW";"Lignes source 2026 avec cet OI : 2 ; identifiants 2027 : 0"
"DPS:B2";"F1/8 / DPS";"SDIS / DPS";"Événement";"Cérémonie de promotion et nomination";"1";"1";"0";"1";"1";"RECONDUIT";"Lignes source 2026 avec cet OI : 1 ; identifiants 2027 : 1"
"DPS:B2";"F3";"FVSP";"";"Concours de la FVSP";"1";"0";"-1";"0";"0";"HUMAN_REVIEW";"Lignes source 2026 avec cet OI : 1 ; identifiants 2027 : 0"
"DPS:B2";"F7";"AUTO";"Conduite";"Conduite, formation continue";"11";"12";"1";"12";"12";"MODIFIÉ_VOLONTAIREMENT";"Lignes source 2026 avec cet OI : 11 ; identifiants 2027 : 12"
"DPS:B2";"F7";"FOCO / DPS";"Cours / Exercice";"Cours de cadres exercice DPS 1";"1";"1";"0";"1";"1";"RECONDUIT|HUMAN_REVIEW";"Lignes source 2026 avec cet OI : 1 ; identifiants 2027 : 1"
"DPS:B2";"F7";"FOCO / DPS";"Cours / Exercice";"Cours de cadres exercice DPS 2";"1";"1";"0";"1";"1";"RECONDUIT|HUMAN_REVIEW";"Lignes source 2026 avec cet OI : 1 ; identifiants 2027 : 1"
"DPS:B2";"F7";"FOCO / DPS";"Cours / Exercice";"Cours de cadres exercice DPS 3";"1";"1";"0";"1";"1";"RECONDUIT|HUMAN_REVIEW";"Lignes source 2026 avec cet OI : 1 ; identifiants 2027 : 1"
"DPS:B2";"F7";"FOCO / DPS";"Cours / Exercice";"Cours de cadres exercice DPS-DAP 1";"1";"1";"0";"1";"1";"RECONDUIT";"Lignes source 2026 avec cet OI : 1 ; identifiants 2027 : 1"
"DPS:B2";"F7";"FOCO / DPS";"Cours / Exercice";"Cours de cadres exercice DPS-DAP 2 - reconnaissance lieux";"1";"1";"0";"1";"1";"RECONDUIT";"Lignes source 2026 avec cet OI : 1 ; identifiants 2027 : 1"
"DPS:B2";"F7";"AUTO";"Cours / Exercice";"Cours de cadres exercice TRUCK";"1";"1";"0";"1";"1";"RECONDUIT";"Lignes source 2026 avec cet OI : 1 ; identifiants 2027 : 1"
"DPS:B2";"F7";"FOSPEC";"Cours";"Cours de cadres Formation ABC";"1";"0";"-1";"0";"0";"HUMAN_REVIEW";"Lignes source 2026 avec cet OI : 1 ; identifiants 2027 : 0"
"DPS:B2";"F7";"DPS";"Formation";"Cours de cadres Formation groupée DPS";"0";"1";"1";"1";"1";"HUMAN_REVIEW";"Aucun titre identique dans les lignes datées 2026 ; examiner la règle source 2027"
"DPS:B2";"F7";"AUTRES";"Cours";"Cours de cadres Formation groupée DPS | OFSI | ABC";"1";"0";"-1";"0";"0";"RECONDUIT";"Lignes source 2026 avec cet OI : 1 ; identifiants 2027 : 0"
"DPS:B2";"F7";"FOCA / DPS";"Cours / Formation";"Cours de cadres interSDIS";"1";"1";"0";"1";"1";"RECONDUIT";"Lignes source 2026 avec cet OI : 1 ; identifiants 2027 : 1"
"DPS:B2";"F7";"FOCA / DPS";"Cours / Formation";"Cours de cadres SDIS Nord vaudois";"1";"1";"0";"1";"1";"RECONDUIT";"Lignes source 2026 avec cet OI : 1 ; identifiants 2027 : 1"
"DPS:B2";"F7";"FOCA";"";"Cursus « Notions d'administration publique » | module 4";"2";"0";"-2";"0";"0";"HUMAN_REVIEW";"Lignes source 2026 avec cet OI : 2 ; identifiants 2027 : 0"
"DPS:B2";"F7";"FOCA";"";"Cursus c groupe - module 1 | Conduite et leadership";"1";"0";"-1";"0";"0";"HUMAN_REVIEW";"Lignes source 2026 avec cet OI : 1 ; identifiants 2027 : 0"
"DPS:B2";"F7";"FOCA";"";"Cursus c groupe - module 2 | Méthodologie didactique";"1";"0";"-1";"0";"0";"HUMAN_REVIEW";"Lignes source 2026 avec cet OI : 1 ; identifiants 2027 : 0"
"DPS:B2";"F7";"FOCA";"";"Cursus c groupe - module 3 | Consolidation théorique et pratique";"1";"0";"-1";"0";"0";"HUMAN_REVIEW";"Lignes source 2026 avec cet OI : 1 ; identifiants 2027 : 0"
"DPS:B2";"F7";"FOCA";"";"Cursus c groupe - module 4 | Consolidation théorique et pratique";"1";"0";"-1";"0";"0";"HUMAN_REVIEW";"Lignes source 2026 avec cet OI : 1 ; identifiants 2027 : 0"
"DPS:B2";"F7";"FOCA";"";"Cursus CI DPS - module 1 | Le rôle et les valeurs du chef";"1";"0";"-1";"0";"0";"HUMAN_REVIEW";"Lignes source 2026 avec cet OI : 1 ; identifiants 2027 : 0"
"DPS:B2";"F7";"FOCA";"";"Cursus CI DPS - module 10 | Tests théoriques et pratiques";"2";"0";"-2";"0";"0";"HUMAN_REVIEW";"Lignes source 2026 avec cet OI : 2 ; identifiants 2027 : 0"
"DPS:B2";"F7";"FOCA";"";"Cursus CI DPS - module 2 | Bases légales et responsabilités";"1";"0";"-1";"0";"0";"HUMAN_REVIEW";"Lignes source 2026 avec cet OI : 1 ; identifiants 2027 : 0"
"DPS:B2";"F7";"FOCA";"";"Cursus CI DPS - module 3 | Activités de conduite";"1";"0";"-1";"0";"0";"HUMAN_REVIEW";"Lignes source 2026 avec cet OI : 1 ; identifiants 2027 : 0"
"DPS:B2";"F7";"FOCA";"";"Cursus CI DPS - module 4 | Tactique I";"1";"0";"-1";"0";"0";"HUMAN_REVIEW";"Lignes source 2026 avec cet OI : 1 ; identifiants 2027 : 0"
"DPS:B2";"F7";"FOCA";"";"Cursus CI DPS - module 5 | Rédaction de rapports";"1";"0";"-1";"0";"0";"HUMAN_REVIEW";"Lignes source 2026 avec cet OI : 1 ; identifiants 2027 : 0"
"DPS:B2";"F7";"FOCA";"";"Cursus CI DPS - module 6 | Tactique II";"1";"0";"-1";"0";"0";"HUMAN_REVIEW";"Lignes source 2026 avec cet OI : 1 ; identifiants 2027 : 0"
"DPS:B2";"F7";"FOCA";"";"Cursus CI DPS - module 7 | Spécificités des interventions I";"1";"0";"-1";"0";"0";"HUMAN_REVIEW";"Lignes source 2026 avec cet OI : 1 ; identifiants 2027 : 0"
"DPS:B2";"F7";"FOCA";"";"Cursus CI DPS - module 8 | Spécificités des interventions II";"1";"0";"-1";"0";"0";"HUMAN_REVIEW";"Lignes source 2026 avec cet OI : 1 ; identifiants 2027 : 0"
"DPS:B2";"F7";"FOCA";"";"Cursus CI DPS - module 9 | Rétablissement et débriefing";"1";"0";"-1";"0";"0";"HUMAN_REVIEW";"Lignes source 2026 avec cet OI : 1 ; identifiants 2027 : 0"
"DPS:B2";"F7";"AUTO";"";"Cursus élévateur à timon S2 - module 1";"1";"0";"-1";"0";"0";"HUMAN_REVIEW";"Lignes source 2026 avec cet OI : 1 ; identifiants 2027 : 0"
"DPS:B2";"F7";"FOCO / DPS";"Exercice";"Exercice DPS 1";"1";"1";"0";"1";"1";"RECONDUIT|HUMAN_REVIEW";"Lignes source 2026 avec cet OI : 1 ; identifiants 2027 : 1"
"DPS:B2";"F7";"FOCO / DPS";"Exercice";"Exercice DPS 2";"1";"1";"0";"1";"1";"RECONDUIT|HUMAN_REVIEW";"Lignes source 2026 avec cet OI : 1 ; identifiants 2027 : 1"
"DPS:B2";"F7";"FOCO / DPS";"Exercice";"Exercice DPS 3";"1";"1";"0";"1";"1";"RECONDUIT|HUMAN_REVIEW";"Lignes source 2026 avec cet OI : 1 ; identifiants 2027 : 1"
"DPS:B2";"F7";"FOCO / DPS";"Exercice";"Exercice DPS-DAP 1";"1";"1";"0";"1";"1";"RECONDUIT|HUMAN_REVIEW";"Lignes source 2026 avec cet OI : 1 ; identifiants 2027 : 1"
"DPS:B2";"F7";"FOCO / DPS";"Exercice";"Exercice DPS-DAP 2";"2";"2";"0";"2";"2";"RECONDUIT|HUMAN_REVIEW";"Lignes source 2026 avec cet OI : 2 ; identifiants 2027 : 2"
"DPS:B2";"F7";"DPS";"Exercice";"Exercice engagement Incyte Biosciences";"";"1";"";"1";"1";"RECONDUIT";"1 ligne(s) 2026 de même titre, dont OI non coché ; écart par OI indéterminable"
"DPS:B2";"F7";"FOSPEC";"Formation";"Formation ABC";"1";"0";"-1";"0";"0";"HUMAN_REVIEW";"Lignes source 2026 avec cet OI : 1 ; identifiants 2027 : 0"
"DPS:B2";"F7";"FOSPEC";"Formation";"Formation antichute";"2";"2";"0";"2";"2";"RECONDUIT";"Lignes source 2026 avec cet OI : 2 ; identifiants 2027 : 2"
"DPS:B2";"F7";"DPS";"Formation";"Formation BIKABLO";"0";"4";"4";"4";"4";"HUMAN_REVIEW";"Aucun titre identique dans les lignes datées 2026 ; examiner la règle source 2027"
"DPS:B2";"F7";"FOSPEC";"Formation";"Formation cadres ABC";"1";"0";"-1";"0";"0";"RECONDUIT";"Lignes source 2026 avec cet OI : 1 ; identifiants 2027 : 0"
"DPS:B2";"F7";"DPS";"Formation";"Formation groupée 1.1";"0";"6";"6";"6";"6";"HUMAN_REVIEW";"Aucun titre identique dans les lignes datées 2026 ; examiner la règle source 2027"
"DPS:B2";"F7";"AUTRES";"Formation";"Formation groupée 1.1 | DPS | OFSI | ABC";"1";"0";"-1";"0";"0";"HUMAN_REVIEW";"Lignes source 2026 avec cet OI : 1 ; identifiants 2027 : 0"
"DPS:B2";"F7";"AUTRES";"Formation";"Formation groupée 1.2 | DPS | OFSI | ABC";"1";"0";"-1";"0";"0";"HUMAN_REVIEW";"Lignes source 2026 avec cet OI : 1 ; identifiants 2027 : 0"
"DPS:B2";"F7";"AUTRES";"Formation";"Formation groupée 1.3 | DPS | OFSI | ABC";"1";"0";"-1";"0";"0";"HUMAN_REVIEW";"Lignes source 2026 avec cet OI : 1 ; identifiants 2027 : 0"
"DPS:B2";"F7";"AUTRES";"Formation";"Formation groupée 1.4 | DPS | OFSI | ABC";"1";"0";"-1";"0";"0";"HUMAN_REVIEW";"Lignes source 2026 avec cet OI : 1 ; identifiants 2027 : 0"
"DPS:B2";"F7";"AUTRES";"Formation";"Formation groupée 1.5 | DPS | OFSI | ABC";"1";"0";"-1";"0";"0";"HUMAN_REVIEW";"Lignes source 2026 avec cet OI : 1 ; identifiants 2027 : 0"
"DPS:B2";"F7";"AUTRES";"Formation";"Formation groupée 1.6 | DPS | OFSI | ABC";"1";"0";"-1";"0";"0";"HUMAN_REVIEW";"Lignes source 2026 avec cet OI : 1 ; identifiants 2027 : 0"
"DPS:B2";"F7";"FOSPEC";"Formation";"Formation NAC 1.1";"1";"1";"0";"1";"1";"RECONDUIT";"Lignes source 2026 avec cet OI : 1 ; identifiants 2027 : 1"
"DPS:B2";"F7";"FOSPEC";"Formation";"Formation NAC 1.2";"1";"1";"0";"1";"1";"RECONDUIT";"Lignes source 2026 avec cet OI : 1 ; identifiants 2027 : 1"
"DPS:B2";"F7";"FOSPEC";"Formation";"Formation Travail en hauteur et antichute";"1";"1";"0";"1";"1";"RECONDUIT";"Lignes source 2026 avec cet OI : 1 ; identifiants 2027 : 1"
"DPS:B2";"F7";"FOCO / DPS";"Instruction";"Instr demi-sct - FEU";"6";"6";"0";"6";"6";"RECONDUIT";"Lignes source 2026 avec cet OI : 6 ; identifiants 2027 : 6"
"DPS:B2";"F7 / DPS";"FOCO / DPS";"Instruction";"Instr demi-sct - KICK-OFF";"5";"6";"1";"6";"6";"MODIFIÉ_VOLONTAIREMENT|HUMAN_REVIEW";"Lignes source 2026 avec cet OI : 5 ; identifiants 2027 : 6"
"DPS:B2";"F7";"FOCO / DPS";"Instruction";"Instr demi-sct - VARIA";"6";"6";"0";"6";"6";"RECONDUIT";"Lignes source 2026 avec cet OI : 6 ; identifiants 2027 : 6"
"DPS:B2";"F7 / DPS";"FOCO / DPS";"Instruction";"Instr sct - FEU";"2";"3";"1";"3";"3";"RECONDUIT|MODIFIÉ_VOLONTAIREMENT";"Lignes source 2026 avec cet OI : 2 ; identifiants 2027 : 3"
"DPS:B2";"F7 / DPS";"FOCO / DPS";"Instruction";"Instr sct - KICK-OFF";"2";"3";"1";"3";"3";"RECONDUIT|MODIFIÉ_VOLONTAIREMENT";"Lignes source 2026 avec cet OI : 2 ; identifiants 2027 : 3"
"DPS:B2";"F7 / DPS";"FOCO / DPS";"Instruction";"Instr sct - VARIA";"2";"3";"1";"3";"3";"RECONDUIT|MODIFIÉ_VOLONTAIREMENT";"Lignes source 2026 avec cet OI : 2 ; identifiants 2027 : 3"
"DPS:B2";"F1";"";"Événement";"Intégration personnel DPS, phase I";"0";"1";"1";"1";"1";"NOUVEAU_2027";"Aucun titre identique dans les lignes datées 2026 ; examiner la règle source 2027"
"DPS:B2";"F1";"";"Événement";"Intégration personnel DPS, phase II";"0";"1";"1";"1";"1";"NOUVEAU_2027";"Aucun titre identique dans les lignes datées 2026 ; examiner la règle source 2027"
"DPS:B2";"F1/8 / F3";"DPS";"Événement";"Journée des familles";"1";"1";"0";"1";"1";"RECONDUIT";"Lignes source 2026 avec cet OI : 1 ; identifiants 2027 : 1"
"DPS:B2";"F4";"DPS";"Événement";"Nettoyage annuel caserne";"1";"1";"0";"1";"1";"RECONDUIT|HUMAN_REVIEW";"Lignes source 2026 avec cet OI : 1 ; identifiants 2027 : 1"
"DPS:B2";"DPS";"DPS";"Permanence";"Permanence";"0";"53";"53";"53";"53";"MODIFIÉ_VOLONTAIREMENT";"Aucun titre identique dans les lignes datées 2026 ; examiner la règle source 2027"
"DPS:B2";"F3";"";"Événement";"Préparation concours de la FVSP";"";"8";"";"8";"8";"RECONDUIT|HUMAN_REVIEW";"7 ligne(s) 2026 de même titre, dont OI non coché ; écart par OI indéterminable"
"DPS:B2";"F7";"FOCA / DPS";"Formation";"Préparation cours de cadres SDIS Nord vaudois";"1";"1";"0";"1";"1";"RECONDUIT";"Lignes source 2026 avec cet OI : 1 ; identifiants 2027 : 1"
"DPS:B2";"F3";"";"";"Préparation Revue Quinquennale | École de section";"";"0";"";"0";"0";"HUMAN_REVIEW";"3 ligne(s) 2026 de même titre, dont OI non coché ; écart par OI indéterminable"
"DPS:B2";"F4";"DPS";"Événement";"Préparation Xmas";"1";"1";"0";"1";"1";"RECONDUIT|HUMAN_REVIEW";"Lignes source 2026 avec cet OI : 1 ; identifiants 2027 : 1"
"DPS:B2";"F3";"";"Événement";"Rapport annuel";"0";"1";"1";"1";"1";"NOUVEAU_2027";"Aucun titre identique dans les lignes datées 2026 ; examiner la règle source 2027"
"DPS:B2";"F7";"FOCA / DPS";"Événement";"Reconnaissance DPS";"2";"2";"0";"2";"2";"RECONDUIT";"Lignes source 2026 avec cet OI : 2 ; identifiants 2027 : 2"
"DPS:B2";"F0";"SDIS / DPS";"Événement";"Recrutement cantonal";"1";"1";"0";"1";"1";"RECONDUIT";"Lignes source 2026 avec cet OI : 1 ; identifiants 2027 : 1"
"DPS:B2";"F7";"FOSPEC";"Formation";"Recyclage BLS";"0";"6";"6";"6";"6";"HUMAN_REVIEW";"Aucun titre identique dans les lignes datées 2026 ; examiner la règle source 2027"
"DPS:B2";"F7";"FOSPEC";"";"Recyclage BLS | AED SN55i";"6";"0";"-6";"0";"0";"RECONDUIT";"Lignes source 2026 avec cet OI : 6 ; identifiants 2027 : 0"
"DPS:B2";"F7";"DPS";"Événement";"Refresh CI";"0";"1";"1";"1";"1";"HUMAN_REVIEW";"Aucun titre identique dans les lignes datées 2026 ; examiner la règle source 2027"
"DPS:B2";"F7";"FOCA";"";"Refresh CI | Simulateur tactique";"1";"0";"-1";"0";"0";"RECONDUIT";"Lignes source 2026 avec cet OI : 1 ; identifiants 2027 : 0"
"DPS:B2";"F3";"";"";"Revue Quinquennale SDIS Nord vaudois";"1";"0";"-1";"0";"0";"HUMAN_REVIEW";"Lignes source 2026 avec cet OI : 1 ; identifiants 2027 : 0"
"DPS:B2";"F1";"";"Événement";"Séance chefs de section DPS C1";"0";"4";"4";"4";"4";"NOUVEAU_2027|HUMAN_REVIEW";"Aucun titre identique dans les lignes datées 2026 ; examiner la règle source 2027"
"DPS:B2";"F2/3";"DPS";"Séance";"Séance chefs de section DPS C1 | B2";"3";"0";"-3";"0";"0";"RECONDUIT";"Lignes source 2026 avec cet OI : 3 ; identifiants 2027 : 0"
"DPS:B2";"F3";"";"Événement";"Séance de préparation concours de la FVSP";"0";"1";"1";"1";"1";"NOUVEAU_2027";"Aucun titre identique dans les lignes datées 2026 ; examiner la règle source 2027"
"DPS:B2";"F2/3 / F3";"SDIS";"Séance / Événement";"Séance de préparation Téléthon";"1";"1";"0";"1";"1";"RECONDUIT";"Lignes source 2026 avec cet OI : 1 ; identifiants 2027 : 1"
"DPS:B2";"F1/8";"SDIS";"Séance / Événement";"Séance échelons II, III et IV";"1";"2";"1";"2";"2";"RECONDUIT|HUMAN_REVIEW";"Lignes source 2026 avec cet OI : 1 ; identifiants 2027 : 2"
"DPS:B2";"F1/8";"";"Événement";"Séance Fourriers DPS";"0";"1";"1";"1";"1";"NOUVEAU_2027";"Aucun titre identique dans les lignes datées 2026 ; examiner la règle source 2027"
"DPS:B2";"F7";"DPS";"Instruction";"Séance instruction DPS";"0";"1";"1";"1";"1";"NOUVEAU_2027";"Aucun titre identique dans les lignes datées 2026 ; examiner la règle source 2027"
"DPS:B2";"F1";"DPS";"Événement";"Séance personnel DPS";"0";"1";"1";"1";"1";"NOUVEAU_2027";"Aucun titre identique dans les lignes datées 2026 ; examiner la règle source 2027"
"DPS:B2";"F5/6 / F6";"SIC";"Séance / Événement";"Séance photo personnel DPS B2";"1";"1";"0";"1";"1";"RECONDUIT";"Lignes source 2026 avec cet OI : 1 ; identifiants 2027 : 1"
"DPS:B2";"F4";"";"Événement";"Séance Préposés mat DPS";"0";"1";"1";"1";"1";"NOUVEAU_2027";"Aucun titre identique dans les lignes datées 2026 ; examiner la règle source 2027"
"DPS:B2";"F4";"";"Événement";"Séance responsables MAT SDIS";"0";"1";"1";"1";"1";"NOUVEAU_2027";"Aucun titre identique dans les lignes datées 2026 ; examiner la règle source 2027"
"DPS:B2";"F1/8 / F3";"DPS";"Événement";"Souper annuel";"1";"1";"0";"1";"1";"RECONDUIT";"Lignes source 2026 avec cet OI : 1 ; identifiants 2027 : 1"
"DPS:B2";"F2/3 / F3";"SDIS";"Événement";"Téléthon";"1";"1";"0";"1";"1";"RECONDUIT";"Lignes source 2026 avec cet OI : 1 ; identifiants 2027 : 1"
"DPS:B2";"F3";"OP / DPS";"Événement";"Tour de France Femmes '26";"1";"1";"0";"1";"1";"RECONDUIT";"Lignes source 2026 avec cet OI : 1 ; identifiants 2027 : 1"
"DPS:B2";"F4";"DPS";"Événement";"Vision locale DPS";"1";"1";"0";"1";"1";"RECONDUIT";"Lignes source 2026 avec cet OI : 1 ; identifiants 2027 : 1"
"DPS:C1";"F2/3 / DPS";"DPS";"Événement";"8 km du SDIS";"1";"1";"0";"1";"1";"RECONDUIT";"Lignes source 2026 avec cet OI : 1 ; identifiants 2027 : 1"
"DPS:C1";"F7";"FOSPEC";"";"BLS | AED | Modules complémentaires SP 1 à 4";"2";"0";"-2";"0";"0";"HUMAN_REVIEW";"Lignes source 2026 avec cet OI : 2 ; identifiants 2027 : 0"
"DPS:C1";"F1/8 / DPS";"SDIS / DPS";"Événement";"Cérémonie de promotion et nomination";"1";"1";"0";"1";"1";"RECONDUIT";"Lignes source 2026 avec cet OI : 1 ; identifiants 2027 : 1"
"DPS:C1";"F3";"FVSP";"";"Concours de la FVSP";"1";"0";"-1";"0";"0";"HUMAN_REVIEW";"Lignes source 2026 avec cet OI : 1 ; identifiants 2027 : 0"
"DPS:C1";"F7";"AUTO";"Conduite";"Conduite, formation continue";"11";"12";"1";"12";"12";"MODIFIÉ_VOLONTAIREMENT";"Lignes source 2026 avec cet OI : 11 ; identifiants 2027 : 12"
"DPS:C1";"F7";"FOCO / DPS";"Cours / Exercice";"Cours de cadres exercice DPS 1";"1";"1";"0";"1";"1";"RECONDUIT|HUMAN_REVIEW";"Lignes source 2026 avec cet OI : 1 ; identifiants 2027 : 1"
"DPS:C1";"F7";"FOCO / DPS";"Cours / Exercice";"Cours de cadres exercice DPS 2";"1";"1";"0";"1";"1";"RECONDUIT|HUMAN_REVIEW";"Lignes source 2026 avec cet OI : 1 ; identifiants 2027 : 1"
"DPS:C1";"F7";"FOCO / DPS";"Cours / Exercice";"Cours de cadres exercice DPS 3";"1";"1";"0";"1";"1";"RECONDUIT|HUMAN_REVIEW";"Lignes source 2026 avec cet OI : 1 ; identifiants 2027 : 1"
"DPS:C1";"F7";"FOCO / DPS";"Cours / Exercice";"Cours de cadres exercice DPS-DAP 1";"1";"1";"0";"1";"1";"RECONDUIT";"Lignes source 2026 avec cet OI : 1 ; identifiants 2027 : 1"
"DPS:C1";"F7";"FOCO / DPS";"Cours / Exercice";"Cours de cadres exercice DPS-DAP 2 - reconnaissance lieux";"1";"1";"0";"1";"1";"RECONDUIT";"Lignes source 2026 avec cet OI : 1 ; identifiants 2027 : 1"
"DPS:C1";"F7";"AUTO";"Cours / Exercice";"Cours de cadres exercice TRUCK";"1";"1";"0";"1";"1";"RECONDUIT";"Lignes source 2026 avec cet OI : 1 ; identifiants 2027 : 1"
"DPS:C1";"F7";"DPS";"Formation";"Cours de cadres Formation groupée DPS";"0";"1";"1";"1";"1";"HUMAN_REVIEW";"Aucun titre identique dans les lignes datées 2026 ; examiner la règle source 2027"
"DPS:C1";"F7";"AUTRES";"Cours";"Cours de cadres Formation groupée DPS | OFSI | ABC";"1";"0";"-1";"0";"0";"RECONDUIT";"Lignes source 2026 avec cet OI : 1 ; identifiants 2027 : 0"
"DPS:C1";"F7";"FOCA / DPS";"Cours / Formation";"Cours de cadres interSDIS";"1";"1";"0";"1";"1";"RECONDUIT";"Lignes source 2026 avec cet OI : 1 ; identifiants 2027 : 1"
"DPS:C1";"F7";"FOCA / DPS";"Cours / Formation";"Cours de cadres SDIS Nord vaudois";"1";"1";"0";"1";"1";"RECONDUIT";"Lignes source 2026 avec cet OI : 1 ; identifiants 2027 : 1"
"DPS:C1";"F7";"FOCA";"";"Cursus « Notions d'administration publique » | module 4";"2";"0";"-2";"0";"0";"HUMAN_REVIEW";"Lignes source 2026 avec cet OI : 2 ; identifiants 2027 : 0"
"DPS:C1";"F7";"FOCA";"";"Cursus c groupe - module 1 | Conduite et leadership";"1";"0";"-1";"0";"0";"HUMAN_REVIEW";"Lignes source 2026 avec cet OI : 1 ; identifiants 2027 : 0"
"DPS:C1";"F7";"FOCA";"";"Cursus c groupe - module 2 | Méthodologie didactique";"1";"0";"-1";"0";"0";"HUMAN_REVIEW";"Lignes source 2026 avec cet OI : 1 ; identifiants 2027 : 0"
"DPS:C1";"F7";"FOCA";"";"Cursus c groupe - module 3 | Consolidation théorique et pratique";"1";"0";"-1";"0";"0";"HUMAN_REVIEW";"Lignes source 2026 avec cet OI : 1 ; identifiants 2027 : 0"
"DPS:C1";"F7";"FOCA";"";"Cursus c groupe - module 4 | Consolidation théorique et pratique";"1";"0";"-1";"0";"0";"HUMAN_REVIEW";"Lignes source 2026 avec cet OI : 1 ; identifiants 2027 : 0"
"DPS:C1";"F7";"FOCA";"";"Cursus CI DPS - module 1 | Le rôle et les valeurs du chef";"1";"0";"-1";"0";"0";"HUMAN_REVIEW";"Lignes source 2026 avec cet OI : 1 ; identifiants 2027 : 0"
"DPS:C1";"F7";"FOCA";"";"Cursus CI DPS - module 10 | Tests théoriques et pratiques";"2";"0";"-2";"0";"0";"HUMAN_REVIEW";"Lignes source 2026 avec cet OI : 2 ; identifiants 2027 : 0"
"DPS:C1";"F7";"FOCA";"";"Cursus CI DPS - module 2 | Bases légales et responsabilités";"1";"0";"-1";"0";"0";"HUMAN_REVIEW";"Lignes source 2026 avec cet OI : 1 ; identifiants 2027 : 0"
"DPS:C1";"F7";"FOCA";"";"Cursus CI DPS - module 3 | Activités de conduite";"1";"0";"-1";"0";"0";"HUMAN_REVIEW";"Lignes source 2026 avec cet OI : 1 ; identifiants 2027 : 0"
"DPS:C1";"F7";"FOCA";"";"Cursus CI DPS - module 4 | Tactique I";"1";"0";"-1";"0";"0";"HUMAN_REVIEW";"Lignes source 2026 avec cet OI : 1 ; identifiants 2027 : 0"
"DPS:C1";"F7";"FOCA";"";"Cursus CI DPS - module 5 | Rédaction de rapports";"1";"0";"-1";"0";"0";"HUMAN_REVIEW";"Lignes source 2026 avec cet OI : 1 ; identifiants 2027 : 0"
"DPS:C1";"F7";"FOCA";"";"Cursus CI DPS - module 6 | Tactique II";"1";"0";"-1";"0";"0";"HUMAN_REVIEW";"Lignes source 2026 avec cet OI : 1 ; identifiants 2027 : 0"
"DPS:C1";"F7";"FOCA";"";"Cursus CI DPS - module 7 | Spécificités des interventions I";"1";"0";"-1";"0";"0";"HUMAN_REVIEW";"Lignes source 2026 avec cet OI : 1 ; identifiants 2027 : 0"
"DPS:C1";"F7";"FOCA";"";"Cursus CI DPS - module 8 | Spécificités des interventions II";"1";"0";"-1";"0";"0";"HUMAN_REVIEW";"Lignes source 2026 avec cet OI : 1 ; identifiants 2027 : 0"
"DPS:C1";"F7";"FOCA";"";"Cursus CI DPS - module 9 | Rétablissement et débriefing";"1";"0";"-1";"0";"0";"HUMAN_REVIEW";"Lignes source 2026 avec cet OI : 1 ; identifiants 2027 : 0"
"DPS:C1";"F7";"AUTO";"";"Cursus élévateur à timon S2 - module 1";"1";"0";"-1";"0";"0";"HUMAN_REVIEW";"Lignes source 2026 avec cet OI : 1 ; identifiants 2027 : 0"
"DPS:C1";"F7";"FOCO / DPS";"Exercice";"Exercice DPS 1";"1";"1";"0";"1";"1";"RECONDUIT|HUMAN_REVIEW";"Lignes source 2026 avec cet OI : 1 ; identifiants 2027 : 1"
"DPS:C1";"F7";"FOCO / DPS";"Exercice";"Exercice DPS 2";"1";"1";"0";"1";"1";"RECONDUIT|HUMAN_REVIEW";"Lignes source 2026 avec cet OI : 1 ; identifiants 2027 : 1"
"DPS:C1";"F7";"FOCO / DPS";"Exercice";"Exercice DPS 3";"1";"1";"0";"1";"1";"RECONDUIT|HUMAN_REVIEW";"Lignes source 2026 avec cet OI : 1 ; identifiants 2027 : 1"
"DPS:C1";"F7";"FOCO / DPS";"Exercice";"Exercice DPS-DAP 1";"1";"1";"0";"1";"1";"RECONDUIT|HUMAN_REVIEW";"Lignes source 2026 avec cet OI : 1 ; identifiants 2027 : 1"
"DPS:C1";"F7";"FOCO / DPS";"Exercice";"Exercice DPS-DAP 2";"2";"2";"0";"2";"2";"RECONDUIT|HUMAN_REVIEW";"Lignes source 2026 avec cet OI : 2 ; identifiants 2027 : 2"
"DPS:C1";"F7";"DPS";"Exercice";"Exercice engagement Incyte Biosciences";"";"1";"";"1";"1";"RECONDUIT";"1 ligne(s) 2026 de même titre, dont OI non coché ; écart par OI indéterminable"
"DPS:C1";"F7";"AUTO";"Exercice";"Exercice TRUCK 1.1";"";"1";"";"1";"1";"RECONDUIT";"4 ligne(s) 2026 de même titre, dont OI non coché ; écart par OI indéterminable"
"DPS:C1";"F7";"AUTO";"Exercice";"Exercice TRUCK 1.2";"";"1";"";"1";"1";"RECONDUIT";"4 ligne(s) 2026 de même titre, dont OI non coché ; écart par OI indéterminable"
"DPS:C1";"F7";"AUTO";"Exercice";"Exercice TRUCK 1.3";"";"1";"";"1";"1";"RECONDUIT";"3 ligne(s) 2026 de même titre, dont OI non coché ; écart par OI indéterminable"
"DPS:C1";"F7";"FOSPEC";"Formation";"Formation ABC";"1";"0";"-1";"0";"0";"HUMAN_REVIEW";"Lignes source 2026 avec cet OI : 1 ; identifiants 2027 : 0"
"DPS:C1";"F7";"FOSPEC";"Formation";"Formation antichute";"2";"2";"0";"2";"2";"RECONDUIT";"Lignes source 2026 avec cet OI : 2 ; identifiants 2027 : 2"
"DPS:C1";"F7";"DPS";"Formation";"Formation BIKABLO";"0";"4";"4";"4";"4";"HUMAN_REVIEW";"Aucun titre identique dans les lignes datées 2026 ; examiner la règle source 2027"
"DPS:C1";"F7";"FOSPEC";"Formation";"Formation cadres ABC";"1";"0";"-1";"0";"0";"RECONDUIT";"Lignes source 2026 avec cet OI : 1 ; identifiants 2027 : 0"
"DPS:C1";"F7";"DPS";"Formation";"Formation groupée 1.1";"0";"6";"6";"6";"6";"HUMAN_REVIEW";"Aucun titre identique dans les lignes datées 2026 ; examiner la règle source 2027"
"DPS:C1";"F7";"AUTRES";"Formation";"Formation groupée 1.1 | DPS | OFSI | ABC";"1";"0";"-1";"0";"0";"HUMAN_REVIEW";"Lignes source 2026 avec cet OI : 1 ; identifiants 2027 : 0"
"DPS:C1";"F7";"AUTRES";"Formation";"Formation groupée 1.2 | DPS | OFSI | ABC";"1";"0";"-1";"0";"0";"HUMAN_REVIEW";"Lignes source 2026 avec cet OI : 1 ; identifiants 2027 : 0"
"DPS:C1";"F7";"AUTRES";"Formation";"Formation groupée 1.3 | DPS | OFSI | ABC";"1";"0";"-1";"0";"0";"HUMAN_REVIEW";"Lignes source 2026 avec cet OI : 1 ; identifiants 2027 : 0"
"DPS:C1";"F7";"AUTRES";"Formation";"Formation groupée 1.4 | DPS | OFSI | ABC";"1";"0";"-1";"0";"0";"HUMAN_REVIEW";"Lignes source 2026 avec cet OI : 1 ; identifiants 2027 : 0"
"DPS:C1";"F7";"AUTRES";"Formation";"Formation groupée 1.5 | DPS | OFSI | ABC";"1";"0";"-1";"0";"0";"HUMAN_REVIEW";"Lignes source 2026 avec cet OI : 1 ; identifiants 2027 : 0"
"DPS:C1";"F7";"AUTRES";"Formation";"Formation groupée 1.6 | DPS | OFSI | ABC";"1";"0";"-1";"0";"0";"HUMAN_REVIEW";"Lignes source 2026 avec cet OI : 1 ; identifiants 2027 : 0"
"DPS:C1";"F7";"FOSPEC";"Formation";"Formation NAC 1.1";"1";"1";"0";"1";"1";"RECONDUIT";"Lignes source 2026 avec cet OI : 1 ; identifiants 2027 : 1"
"DPS:C1";"F7";"FOSPEC";"Formation";"Formation NAC 1.2";"1";"1";"0";"1";"1";"RECONDUIT";"Lignes source 2026 avec cet OI : 1 ; identifiants 2027 : 1"
"DPS:C1";"F7";"FOSPEC";"Formation";"Formation Travail en hauteur et antichute";"1";"1";"0";"1";"1";"RECONDUIT";"Lignes source 2026 avec cet OI : 1 ; identifiants 2027 : 1"
"DPS:C1";"F7";"FOCO / DPS";"Instruction";"Instr demi-sct - FEU";"6";"6";"0";"6";"6";"RECONDUIT";"Lignes source 2026 avec cet OI : 6 ; identifiants 2027 : 6"
"DPS:C1";"F7 / DPS";"FOCO / DPS";"Instruction";"Instr demi-sct - KICK-OFF";"5";"6";"1";"6";"6";"MODIFIÉ_VOLONTAIREMENT|HUMAN_REVIEW";"Lignes source 2026 avec cet OI : 5 ; identifiants 2027 : 6"
"DPS:C1";"F7";"FOCO / DPS";"Instruction";"Instr demi-sct - VARIA";"6";"6";"0";"6";"6";"RECONDUIT";"Lignes source 2026 avec cet OI : 6 ; identifiants 2027 : 6"
"DPS:C1";"F7";"FOCO / DPS";"Instruction";"Instr sct - FEU";"3";"3";"0";"3";"3";"RECONDUIT";"Lignes source 2026 avec cet OI : 3 ; identifiants 2027 : 3"
"DPS:C1";"F7";"FOCO / DPS";"Instruction";"Instr sct - KICK-OFF";"3";"3";"0";"3";"3";"RECONDUIT";"Lignes source 2026 avec cet OI : 3 ; identifiants 2027 : 3"
"DPS:C1";"F7";"FOCO / DPS";"Instruction";"Instr sct - VARIA";"3";"3";"0";"3";"3";"RECONDUIT";"Lignes source 2026 avec cet OI : 3 ; identifiants 2027 : 3"
"DPS:C1";"F1";"";"Événement";"Intégration personnel DPS, phase I";"0";"1";"1";"1";"1";"NOUVEAU_2027";"Aucun titre identique dans les lignes datées 2026 ; examiner la règle source 2027"
"DPS:C1";"F1";"";"Événement";"Intégration personnel DPS, phase II";"0";"1";"1";"1";"1";"NOUVEAU_2027";"Aucun titre identique dans les lignes datées 2026 ; examiner la règle source 2027"
"DPS:C1";"F1/8 / F3";"DPS";"Événement";"Journée des familles";"1";"1";"0";"1";"1";"RECONDUIT";"Lignes source 2026 avec cet OI : 1 ; identifiants 2027 : 1"
"DPS:C1";"F4";"DPS";"Événement";"Nettoyage annuel caserne";"1";"1";"0";"1";"1";"RECONDUIT|HUMAN_REVIEW";"Lignes source 2026 avec cet OI : 1 ; identifiants 2027 : 1"
"DPS:C1";"F1/8 / F3";"DPS";"Événement";"Noël des familles";"1";"1";"0";"1";"1";"RECONDUIT";"Lignes source 2026 avec cet OI : 1 ; identifiants 2027 : 1"
"DPS:C1";"DPS";"DPS";"Permanence";"Permanence";"0";"53";"53";"53";"53";"MODIFIÉ_VOLONTAIREMENT";"Aucun titre identique dans les lignes datées 2026 ; examiner la règle source 2027"
"DPS:C1";"F3";"";"Événement";"Préparation concours de la FVSP";"";"8";"";"8";"8";"RECONDUIT|HUMAN_REVIEW";"7 ligne(s) 2026 de même titre, dont OI non coché ; écart par OI indéterminable"
"DPS:C1";"F7";"FOCA / DPS";"Formation";"Préparation cours de cadres SDIS Nord vaudois";"1";"1";"0";"1";"1";"RECONDUIT";"Lignes source 2026 avec cet OI : 1 ; identifiants 2027 : 1"
"DPS:C1";"F3";"";"";"Préparation Revue Quinquennale | École de section";"";"0";"";"0";"0";"HUMAN_REVIEW";"3 ligne(s) 2026 de même titre, dont OI non coché ; écart par OI indéterminable"
"DPS:C1";"F4";"DPS";"Événement";"Préparation Xmas";"1";"1";"0";"1";"1";"RECONDUIT|HUMAN_REVIEW";"Lignes source 2026 avec cet OI : 1 ; identifiants 2027 : 1"
"DPS:C1";"F3";"";"Événement";"Rapport annuel";"0";"1";"1";"1";"1";"NOUVEAU_2027";"Aucun titre identique dans les lignes datées 2026 ; examiner la règle source 2027"
"DPS:C1";"F7";"FOCA / DPS";"Événement";"Reconnaissance DPS";"2";"2";"0";"2";"2";"RECONDUIT";"Lignes source 2026 avec cet OI : 2 ; identifiants 2027 : 2"
"DPS:C1";"F0";"SDIS / DPS";"Événement";"Recrutement cantonal";"1";"1";"0";"1";"1";"RECONDUIT";"Lignes source 2026 avec cet OI : 1 ; identifiants 2027 : 1"
"DPS:C1";"F7";"FOSPEC";"Formation";"Recyclage BLS";"0";"6";"6";"6";"6";"HUMAN_REVIEW";"Aucun titre identique dans les lignes datées 2026 ; examiner la règle source 2027"
"DPS:C1";"F7";"FOSPEC";"";"Recyclage BLS | AED SN55i";"6";"0";"-6";"0";"0";"RECONDUIT";"Lignes source 2026 avec cet OI : 6 ; identifiants 2027 : 0"
"DPS:C1";"F7";"DPS";"Événement";"Refresh CI";"0";"1";"1";"1";"1";"HUMAN_REVIEW";"Aucun titre identique dans les lignes datées 2026 ; examiner la règle source 2027"
"DPS:C1";"F7";"FOCA";"";"Refresh CI | Simulateur tactique";"1";"0";"-1";"0";"0";"RECONDUIT";"Lignes source 2026 avec cet OI : 1 ; identifiants 2027 : 0"
"DPS:C1";"F3";"DPS";"Événement";"Répétition garde drapeau RA'25";"0";"1";"1";"1";"1";"NOUVEAU_2027";"Aucun titre identique dans les lignes datées 2026 ; examiner la règle source 2027"
"DPS:C1";"F3";"";"";"Revue Quinquennale SDIS Nord vaudois";"1";"0";"-1";"0";"0";"HUMAN_REVIEW";"Lignes source 2026 avec cet OI : 1 ; identifiants 2027 : 0"
"DPS:C1";"F6";"";"Événement";"Séance audiovisuel et communication F5/6";"0";"1";"1";"1";"1";"NOUVEAU_2027";"Aucun titre identique dans les lignes datées 2026 ; examiner la règle source 2027"
"DPS:C1";"F1";"";"Événement";"Séance chefs de section DPS C1";"0";"4";"4";"4";"4";"NOUVEAU_2027|HUMAN_REVIEW";"Aucun titre identique dans les lignes datées 2026 ; examiner la règle source 2027"
"DPS:C1";"F2/3";"DPS";"Séance";"Séance chefs de section DPS C1 | B2";"3";"0";"-3";"0";"0";"RECONDUIT";"Lignes source 2026 avec cet OI : 3 ; identifiants 2027 : 0"
"DPS:C1";"F3";"";"Événement";"Séance de préparation concours de la FVSP";"0";"1";"1";"1";"1";"NOUVEAU_2027";"Aucun titre identique dans les lignes datées 2026 ; examiner la règle source 2027"
"DPS:C1";"F2/3 / F3";"SDIS";"Séance / Événement";"Séance de préparation Téléthon";"1";"1";"0";"1";"1";"RECONDUIT";"Lignes source 2026 avec cet OI : 1 ; identifiants 2027 : 1"
"DPS:C1";"F1/8";"SDIS";"Séance / Événement";"Séance échelons II, III et IV";"1";"2";"1";"2";"2";"RECONDUIT|HUMAN_REVIEW";"Lignes source 2026 avec cet OI : 1 ; identifiants 2027 : 2"
"DPS:C1";"F1/8";"";"Événement";"Séance Fourriers DPS";"0";"1";"1";"1";"1";"NOUVEAU_2027";"Aucun titre identique dans les lignes datées 2026 ; examiner la règle source 2027"
"DPS:C1";"F7";"DPS";"Instruction";"Séance instruction DPS";"0";"1";"1";"1";"1";"NOUVEAU_2027";"Aucun titre identique dans les lignes datées 2026 ; examiner la règle source 2027"
"DPS:C1";"F1";"DPS";"Événement";"Séance personnel DPS";"0";"1";"1";"1";"1";"NOUVEAU_2027";"Aucun titre identique dans les lignes datées 2026 ; examiner la règle source 2027"
"DPS:C1";"F5/6 / F6";"SIC";"Séance / Événement";"Séance photo personnel DPS C1";"1";"1";"0";"1";"1";"RECONDUIT";"Lignes source 2026 avec cet OI : 1 ; identifiants 2027 : 1"
"DPS:C1";"F4";"";"Événement";"Séance Préposés mat DPS";"0";"1";"1";"1";"1";"NOUVEAU_2027";"Aucun titre identique dans les lignes datées 2026 ; examiner la règle source 2027"
"DPS:C1";"F4";"";"Événement";"Séance responsables MAT SDIS";"0";"1";"1";"1";"1";"NOUVEAU_2027";"Aucun titre identique dans les lignes datées 2026 ; examiner la règle source 2027"
"DPS:C1";"F2/3 / DPS";"GARDE / DPS";"Événement";"Sécurité feu · Fête Médiévale";"4";"4";"0";"4";"4";"RECONDUIT";"Lignes source 2026 avec cet OI : 4 ; identifiants 2027 : 4"
"DPS:C1";"F2/3 / DPS";"GARDE / DPS";"Événement";"Sécurité feu・Fête Nationale";"1";"1";"0";"1";"1";"RECONDUIT";"Lignes source 2026 avec cet OI : 1 ; identifiants 2027 : 1"
"DPS:C1";"F2/3 / DPS";"GARDE / DPS";"Événement";"Sécurité feu・les Zôtres Brandons";"1";"1";"0";"1";"1";"RECONDUIT";"Lignes source 2026 avec cet OI : 1 ; identifiants 2027 : 1"
"DPS:C1";"F2/3 / F3";"SDIS";"Événement";"Téléthon";"1";"1";"0";"1";"1";"RECONDUIT";"Lignes source 2026 avec cet OI : 1 ; identifiants 2027 : 1"
"DPS:C1";"F1/8 / DPS";"SDIS / DPS";"Formation";"Test de sélection NUOVO";"1";"1";"0";"1";"1";"RECONDUIT";"Lignes source 2026 avec cet OI : 1 ; identifiants 2027 : 1"
"DPS:C1";"F3";"OP / DPS";"Événement";"Tour de France Femmes '26";"1";"1";"0";"1";"1";"RECONDUIT";"Lignes source 2026 avec cet OI : 1 ; identifiants 2027 : 1"
"DPS:C1";"F4";"DPS";"Événement";"Vision locale DPS";"1";"1";"0";"1";"1";"RECONDUIT";"Lignes source 2026 avec cet OI : 1 ; identifiants 2027 : 1"
"DPS:G1";"F2/3 / DPS";"DPS";"Événement";"8 km du SDIS";"1";"1";"0";"1";"1";"RECONDUIT";"Lignes source 2026 avec cet OI : 1 ; identifiants 2027 : 1"
"DPS:G1";"F7";"FOSPEC";"";"BLS | AED | Modules complémentaires SP 1 à 4";"2";"0";"-2";"0";"0";"HUMAN_REVIEW";"Lignes source 2026 avec cet OI : 2 ; identifiants 2027 : 0"
"DPS:G1";"F1/8 / DPS";"SDIS / DPS";"Événement";"Cérémonie de promotion et nomination";"1";"1";"0";"1";"1";"RECONDUIT";"Lignes source 2026 avec cet OI : 1 ; identifiants 2027 : 1"
"DPS:G1";"F3";"FVSP";"";"Concours de la FVSP";"1";"0";"-1";"0";"0";"HUMAN_REVIEW";"Lignes source 2026 avec cet OI : 1 ; identifiants 2027 : 0"
"DPS:G1";"F7";"AUTO";"Formation";"Conduite TP9000, formation continue 1.0";"";"4";"";"4";"4";"RECONDUIT";"4 ligne(s) 2026 de même titre, dont OI non coché ; écart par OI indéterminable"
"DPS:G1";"F7";"AUTO";"Formation";"Conduite TP9000, formation continue 1.1";"";"3";"";"3";"3";"RECONDUIT";"3 ligne(s) 2026 de même titre, dont OI non coché ; écart par OI indéterminable"
"DPS:G1";"F7";"AUTO";"Formation";"Conduite TP9000, formation continue 1.2";"";"7";"";"7";"7";"RECONDUIT";"7 ligne(s) 2026 de même titre, dont OI non coché ; écart par OI indéterminable"
"DPS:G1";"F7";"AUTO";"Formation";"Conduite TP9000, formation continue 2.0";"";"4";"";"4";"4";"RECONDUIT";"4 ligne(s) 2026 de même titre, dont OI non coché ; écart par OI indéterminable"
"DPS:G1";"F7";"AUTO";"Formation";"Conduite TP9000, formation continue 2.1";"";"4";"";"4";"4";"RECONDUIT";"4 ligne(s) 2026 de même titre, dont OI non coché ; écart par OI indéterminable"
"DPS:G1";"F7";"AUTO";"Formation";"Conduite TP9000, formation continue 2.2";"";"8";"";"8";"8";"RECONDUIT";"8 ligne(s) 2026 de même titre, dont OI non coché ; écart par OI indéterminable"
"DPS:G1";"F7";"AUTO";"Conduite";"Conduite, formation continue";"20";"20";"0";"20";"20";"MODIFIÉ_VOLONTAIREMENT";"Lignes source 2026 avec cet OI : 20 ; identifiants 2027 : 20"
"DPS:G1";"F7";"FOCO / DPS";"Cours / Exercice";"Cours de cadres exercice DPS 1";"1";"1";"0";"1";"1";"RECONDUIT|HUMAN_REVIEW";"Lignes source 2026 avec cet OI : 1 ; identifiants 2027 : 1"
"DPS:G1";"F7";"FOCO / DPS";"Cours / Exercice";"Cours de cadres exercice DPS 2";"1";"1";"0";"1";"1";"RECONDUIT|HUMAN_REVIEW";"Lignes source 2026 avec cet OI : 1 ; identifiants 2027 : 1"
"DPS:G1";"F7";"AUTO";"Cours / Exercice";"Cours de cadres exercice TRUCK";"1";"1";"0";"1";"1";"RECONDUIT";"Lignes source 2026 avec cet OI : 1 ; identifiants 2027 : 1"
"DPS:G1";"F7";"FOSPEC";"Cours";"Cours de cadres Formation ABC";"1";"0";"-1";"0";"0";"HUMAN_REVIEW";"Lignes source 2026 avec cet OI : 1 ; identifiants 2027 : 0"
"DPS:G1";"F7";"FOSPEC";"Cours / Formation";"Cours de cadres Formation cadres ABC";"1";"1";"0";"1";"1";"RECONDUIT";"Lignes source 2026 avec cet OI : 1 ; identifiants 2027 : 1"
"DPS:G1";"F7";"DPS";"Formation";"Cours de cadres Formation groupée DPS";"0";"1";"1";"1";"1";"HUMAN_REVIEW";"Aucun titre identique dans les lignes datées 2026 ; examiner la règle source 2027"
"DPS:G1";"F7";"AUTRES";"Cours";"Cours de cadres Formation groupée DPS | OFSI | ABC";"1";"0";"-1";"0";"0";"RECONDUIT";"Lignes source 2026 avec cet OI : 1 ; identifiants 2027 : 0"
"DPS:G1";"F7";"FOCA / DPS";"Cours / Formation";"Cours de cadres interSDIS";"1";"1";"0";"1";"1";"RECONDUIT";"Lignes source 2026 avec cet OI : 1 ; identifiants 2027 : 1"
"DPS:G1";"F7";"FOSPEC";"Formation";"Cours de cadres recyclage BLS";"0";"1";"1";"1";"1";"HUMAN_REVIEW";"Aucun titre identique dans les lignes datées 2026 ; examiner la règle source 2027"
"DPS:G1";"F7";"FOSPEC";"Cours";"Cours de cadres recyclage BLS | AED SN55i";"1";"0";"-1";"0";"0";"RECONDUIT";"Lignes source 2026 avec cet OI : 1 ; identifiants 2027 : 0"
"DPS:G1";"F7";"FOCA / DPS";"Cours / Formation";"Cours de cadres SDIS Nord vaudois";"1";"1";"0";"1";"1";"RECONDUIT";"Lignes source 2026 avec cet OI : 1 ; identifiants 2027 : 1"
"DPS:G1";"F7";"FOCA";"";"Cursus « Notions d'administration publique » | module 4";"2";"0";"-2";"0";"0";"HUMAN_REVIEW";"Lignes source 2026 avec cet OI : 2 ; identifiants 2027 : 0"
"DPS:G1";"F7";"FOCA";"";"Cursus c groupe - module 1 | Conduite et leadership";"1";"0";"-1";"0";"0";"HUMAN_REVIEW";"Lignes source 2026 avec cet OI : 1 ; identifiants 2027 : 0"
"DPS:G1";"F7";"FOCA";"";"Cursus c groupe - module 2 | Méthodologie didactique";"1";"0";"-1";"0";"0";"HUMAN_REVIEW";"Lignes source 2026 avec cet OI : 1 ; identifiants 2027 : 0"
"DPS:G1";"F7";"FOCA";"";"Cursus c groupe - module 3 | Consolidation théorique et pratique";"1";"0";"-1";"0";"0";"HUMAN_REVIEW";"Lignes source 2026 avec cet OI : 1 ; identifiants 2027 : 0"
"DPS:G1";"F7";"FOCA";"";"Cursus c groupe - module 4 | Consolidation théorique et pratique";"1";"0";"-1";"0";"0";"HUMAN_REVIEW";"Lignes source 2026 avec cet OI : 1 ; identifiants 2027 : 0"
"DPS:G1";"F7";"FOCA";"";"Cursus CI DPS - cours de cadres pour évaluateurs";"1";"0";"-1";"0";"0";"HUMAN_REVIEW";"Lignes source 2026 avec cet OI : 1 ; identifiants 2027 : 0"
"DPS:G1";"F7";"FOCA";"";"Cursus CI DPS - module 1 | Le rôle et les valeurs du chef";"1";"0";"-1";"0";"0";"HUMAN_REVIEW";"Lignes source 2026 avec cet OI : 1 ; identifiants 2027 : 0"
"DPS:G1";"F7";"FOCA";"";"Cursus CI DPS - module 10 | Tests théoriques et pratiques";"2";"0";"-2";"0";"0";"HUMAN_REVIEW";"Lignes source 2026 avec cet OI : 2 ; identifiants 2027 : 0"
"DPS:G1";"F7";"FOCA";"";"Cursus CI DPS - module 2 | Bases légales et responsabilités";"1";"0";"-1";"0";"0";"HUMAN_REVIEW";"Lignes source 2026 avec cet OI : 1 ; identifiants 2027 : 0"
"DPS:G1";"F7";"FOCA";"";"Cursus CI DPS - module 3 | Activités de conduite";"1";"0";"-1";"0";"0";"HUMAN_REVIEW";"Lignes source 2026 avec cet OI : 1 ; identifiants 2027 : 0"
"DPS:G1";"F7";"FOCA";"";"Cursus CI DPS - module 4 | Tactique I";"1";"0";"-1";"0";"0";"HUMAN_REVIEW";"Lignes source 2026 avec cet OI : 1 ; identifiants 2027 : 0"
"DPS:G1";"F7";"FOCA";"";"Cursus CI DPS - module 5 | Rédaction de rapports";"1";"0";"-1";"0";"0";"HUMAN_REVIEW";"Lignes source 2026 avec cet OI : 1 ; identifiants 2027 : 0"
"DPS:G1";"F7";"FOCA";"";"Cursus CI DPS - module 6 | Tactique II";"1";"0";"-1";"0";"0";"HUMAN_REVIEW";"Lignes source 2026 avec cet OI : 1 ; identifiants 2027 : 0"
"DPS:G1";"F7";"FOCA";"";"Cursus CI DPS - module 7 | Spécificités des interventions I";"1";"0";"-1";"0";"0";"HUMAN_REVIEW";"Lignes source 2026 avec cet OI : 1 ; identifiants 2027 : 0"
"DPS:G1";"F7";"FOCA";"";"Cursus CI DPS - module 8 | Spécificités des interventions II";"1";"0";"-1";"0";"0";"HUMAN_REVIEW";"Lignes source 2026 avec cet OI : 1 ; identifiants 2027 : 0"
"DPS:G1";"F7";"FOCA";"";"Cursus CI DPS - module 9 | Rétablissement et débriefing";"1";"0";"-1";"0";"0";"HUMAN_REVIEW";"Lignes source 2026 avec cet OI : 1 ; identifiants 2027 : 0"
"DPS:G1";"F7";"AUTO";"";"Cursus élévateur à timon S2 - module 1";"1";"0";"-1";"0";"0";"HUMAN_REVIEW";"Lignes source 2026 avec cet OI : 1 ; identifiants 2027 : 0"
"DPS:G1";"F7";"FOSPEC";"";"Cursus OFSI - formation de base";"1";"0";"-1";"0";"0";"HUMAN_REVIEW";"Lignes source 2026 avec cet OI : 1 ; identifiants 2027 : 0"
"DPS:G1";"F7";"FOSPEC";"";"Cursus opérateur VPC - module 1";"1";"0";"-1";"0";"0";"HUMAN_REVIEW";"Lignes source 2026 avec cet OI : 1 ; identifiants 2027 : 0"
"DPS:G1";"F7";"FOBA";"Événement";"Entretien de collaboration avec Commandant";"2";"2";"0";"2";"2";"RECONDUIT";"Lignes source 2026 avec cet OI : 2 ; identifiants 2027 : 2"
"DPS:G1";"FOBA";"FOBA";"Événement";"Équipement des recrues FOBA 1";"0";"1";"1";"1";"1";"NOUVEAU_2027";"Aucun titre identique dans les lignes datées 2026 ; examiner la règle source 2027"
"DPS:G1";"F4";"FOBA";"Événement";"Équipement personnel DPS + photo individuelle";"1";"1";"0";"1";"1";"RECONDUIT";"Lignes source 2026 avec cet OI : 1 ; identifiants 2027 : 1"
"DPS:G1";"F7";"FOCO / DPS";"Exercice";"Exercice DPS 1";"1";"1";"0";"1";"1";"RECONDUIT|HUMAN_REVIEW";"Lignes source 2026 avec cet OI : 1 ; identifiants 2027 : 1"
"DPS:G1";"F7";"FOCO / DPS";"Exercice";"Exercice DPS 2";"1";"1";"0";"1";"1";"RECONDUIT|HUMAN_REVIEW";"Lignes source 2026 avec cet OI : 1 ; identifiants 2027 : 1"
"DPS:G1";"F7";"DPS";"Exercice";"Exercice engagement Incyte Biosciences";"";"1";"";"1";"1";"RECONDUIT";"1 ligne(s) 2026 de même titre, dont OI non coché ; écart par OI indéterminable"
"DPS:G1";"F7";"FOSPEC";"Exercice";"Exercice OFSI・infrastructures CFF";"4";"4";"0";"4";"4";"RECONDUIT";"Lignes source 2026 avec cet OI : 4 ; identifiants 2027 : 4"
"DPS:G1";"F7";"PR";"Exercice";"Exercice PR-ABC";"0";"3";"3";"3";"3";"HUMAN_REVIEW";"Aucun titre identique dans les lignes datées 2026 ; examiner la règle source 2027"
"DPS:G1";"F7";"AUTO";"Exercice";"Exercice TRUCK 1.1";"";"1";"";"1";"1";"RECONDUIT";"4 ligne(s) 2026 de même titre, dont OI non coché ; écart par OI indéterminable"
"DPS:G1";"F7";"AUTO";"Exercice";"Exercice TRUCK 1.2";"";"1";"";"1";"1";"RECONDUIT";"4 ligne(s) 2026 de même titre, dont OI non coché ; écart par OI indéterminable"
"DPS:G1";"F7";"AUTO";"Exercice";"Exercice TRUCK 1.3";"";"1";"";"1";"1";"RECONDUIT";"3 ligne(s) 2026 de même titre, dont OI non coché ; écart par OI indéterminable"
"DPS:G1";"F5/6 / F3";"SIC";"Événement";"Fête Eau Lac";"2";"2";"0";"2";"2";"RECONDUIT";"Lignes source 2026 avec cet OI : 2 ; identifiants 2027 : 2"
"DPS:G1";"F7";"FOSPEC";"Formation";"Formation ABC";"3";"0";"-3";"0";"0";"HUMAN_REVIEW";"Lignes source 2026 avec cet OI : 3 ; identifiants 2027 : 0"
"DPS:G1";"F7";"FOSPEC";"Formation";"Formation antichute";"2";"2";"0";"2";"2";"RECONDUIT";"Lignes source 2026 avec cet OI : 2 ; identifiants 2027 : 2"
"DPS:G1";"F7";"DPS";"Formation";"Formation BIKABLO";"0";"4";"4";"4";"4";"HUMAN_REVIEW";"Aucun titre identique dans les lignes datées 2026 ; examiner la règle source 2027"
"DPS:G1";"F7";"FOSPEC";"Formation";"Formation cadres ABC";"1";"1";"0";"1";"1";"RECONDUIT";"Lignes source 2026 avec cet OI : 1 ; identifiants 2027 : 1"
"DPS:G1";"F7";"FOCA / DAP";"Formation";"Formation cadres DAP";"1";"2";"1";"2";"2";"HUMAN_REVIEW";"Lignes source 2026 avec cet OI : 1 ; identifiants 2027 : 2"
"DPS:G1";"F7";"DPS";"Formation";"Formation groupée 1.1";"0";"6";"6";"6";"6";"HUMAN_REVIEW";"Aucun titre identique dans les lignes datées 2026 ; examiner la règle source 2027"
"DPS:G1";"F7";"AUTRES";"Formation";"Formation groupée 1.1 | DPS | OFSI | ABC";"1";"0";"-1";"0";"0";"HUMAN_REVIEW";"Lignes source 2026 avec cet OI : 1 ; identifiants 2027 : 0"
"DPS:G1";"F7";"AUTRES";"Formation";"Formation groupée 1.2 | DPS | OFSI | ABC";"1";"0";"-1";"0";"0";"HUMAN_REVIEW";"Lignes source 2026 avec cet OI : 1 ; identifiants 2027 : 0"
"DPS:G1";"F7";"AUTRES";"Formation";"Formation groupée 1.3 | DPS | OFSI | ABC";"1";"0";"-1";"0";"0";"HUMAN_REVIEW";"Lignes source 2026 avec cet OI : 1 ; identifiants 2027 : 0"
"DPS:G1";"F7";"AUTRES";"Formation";"Formation groupée 1.4 | DPS | OFSI | ABC";"1";"0";"-1";"0";"0";"HUMAN_REVIEW";"Lignes source 2026 avec cet OI : 1 ; identifiants 2027 : 0"
"DPS:G1";"F7";"AUTRES";"Formation";"Formation groupée 1.5 | DPS | OFSI | ABC";"1";"0";"-1";"0";"0";"HUMAN_REVIEW";"Lignes source 2026 avec cet OI : 1 ; identifiants 2027 : 0"
"DPS:G1";"F7";"AUTRES";"Formation";"Formation groupée 1.6 | DPS | OFSI | ABC";"1";"0";"-1";"0";"0";"HUMAN_REVIEW";"Lignes source 2026 avec cet OI : 1 ; identifiants 2027 : 0"
"DPS:G1";"F7";"FOSPEC";"Formation";"Formation NAC 1.1";"1";"1";"0";"1";"1";"RECONDUIT";"Lignes source 2026 avec cet OI : 1 ; identifiants 2027 : 1"
"DPS:G1";"F7";"FOSPEC";"Formation";"Formation NAC 1.2";"1";"1";"0";"1";"1";"RECONDUIT";"Lignes source 2026 avec cet OI : 1 ; identifiants 2027 : 1"
"DPS:G1";"F7";"FOSPEC";"Formation";"Formation opérateur VPC 1.1";"1";"1";"0";"1";"1";"RECONDUIT";"Lignes source 2026 avec cet OI : 1 ; identifiants 2027 : 1"
"DPS:G1";"F7";"FOSPEC";"Formation";"Formation opérateur VPC 1.2";"1";"1";"0";"1";"1";"RECONDUIT";"Lignes source 2026 avec cet OI : 1 ; identifiants 2027 : 1"
"DPS:G1";"F7";"FOSPEC";"Formation";"Formation opérateur VPC 1.3";"1";"1";"0";"1";"1";"RECONDUIT";"Lignes source 2026 avec cet OI : 1 ; identifiants 2027 : 1"
"DPS:G1";"F7";"FOSPEC";"Formation";"Formation opérateur VPC 1.4";"1";"1";"0";"1";"1";"RECONDUIT";"Lignes source 2026 avec cet OI : 1 ; identifiants 2027 : 1"
"DPS:G1";"F7";"FOSPEC";"Formation";"Formation opérateur VPC 2.1";"1";"1";"0";"1";"1";"RECONDUIT";"Lignes source 2026 avec cet OI : 1 ; identifiants 2027 : 1"
"DPS:G1";"F7";"FOSPEC";"Formation";"Formation opérateur VPC 2.2";"1";"1";"0";"1";"1";"RECONDUIT";"Lignes source 2026 avec cet OI : 1 ; identifiants 2027 : 1"
"DPS:G1";"F7";"FOSPEC";"Formation";"Formation opérateur VPC 2.3";"1";"1";"0";"1";"1";"RECONDUIT";"Lignes source 2026 avec cet OI : 1 ; identifiants 2027 : 1"
"DPS:G1";"F7";"FOSPEC";"Formation";"Formation opérateur VPC 2.4";"1";"1";"0";"1";"1";"RECONDUIT";"Lignes source 2026 avec cet OI : 1 ; identifiants 2027 : 1"
"DPS:G1";"F7";"DPS";"Formation";"Formation permanents";"0";"7";"7";"7";"7";"HUMAN_REVIEW";"Aucun titre identique dans les lignes datées 2026 ; examiner la règle source 2027"
"DPS:G1";"F7";"FOSPEC";"Formation";"Formation permanents | ABC";"1";"0";"-1";"0";"0";"RECONDUIT";"Lignes source 2026 avec cet OI : 1 ; identifiants 2027 : 0"
"DPS:G1";"F7";"FOCO";"Formation";"Formation permanents | CSU-nvb";"1";"0";"-1";"0";"0";"RECONDUIT";"Lignes source 2026 avec cet OI : 1 ; identifiants 2027 : 0"
"DPS:G1";"F7";"FOCO";"Formation";"Formation permanents | FOSPEC";"1";"0";"-1";"0";"0";"RECONDUIT";"Lignes source 2026 avec cet OI : 1 ; identifiants 2027 : 0"
"DPS:G1";"F7";"FOCO";"Formation";"Formation permanents | KICK-OFF";"1";"0";"-1";"0";"0";"RECONDUIT";"Lignes source 2026 avec cet OI : 1 ; identifiants 2027 : 0"
"DPS:G1";"F7";"FOSPEC";"Formation";"Formation permanents | PIO";"1";"0";"-1";"0";"0";"RECONDUIT";"Lignes source 2026 avec cet OI : 1 ; identifiants 2027 : 0"
"DPS:G1";"F7";"FOCO";"Formation";"Formation permanents | POL FEU";"1";"0";"-1";"0";"0";"RECONDUIT";"Lignes source 2026 avec cet OI : 1 ; identifiants 2027 : 0"
"DPS:G1";"F7";"FOCO";"Formation";"Formation permanents | VARIA";"1";"0";"-1";"0";"0";"RECONDUIT";"Lignes source 2026 avec cet OI : 1 ; identifiants 2027 : 0"
"DPS:G1";"F7";"FOCA / DPS";"Formation";"Formation relation avec la presse";"4";"4";"0";"4";"4";"RECONDUIT";"Lignes source 2026 avec cet OI : 4 ; identifiants 2027 : 4"
"DPS:G1";"F7";"FOSPEC";"Formation";"Formation Travail en hauteur et antichute";"1";"1";"0";"1";"1";"RECONDUIT";"Lignes source 2026 avec cet OI : 1 ; identifiants 2027 : 1"
"DPS:G1";"F7";"FOSPEC";"Instruction";"Instr demi-sct - ABC";"10";"10";"0";"10";"10";"RECONDUIT";"Lignes source 2026 avec cet OI : 10 ; identifiants 2027 : 10"
"DPS:G1";"F7 / DPS";"FOCO / DPS";"Instruction";"Instr demi-sct - KICK-OFF";"10";"10";"0";"10";"10";"MODIFIÉ_VOLONTAIREMENT|HUMAN_REVIEW";"Lignes source 2026 avec cet OI : 10 ; identifiants 2027 : 10"
"DPS:G1";"F7";"FOSPEC";"Instruction";"Instr demi-sct - PIONNIER";"10";"10";"0";"10";"10";"RECONDUIT";"Lignes source 2026 avec cet OI : 10 ; identifiants 2027 : 10"
"DPS:G1";"F7";"FOCO / DPS";"Instruction";"Instr demi-sct - VARIA";"10";"10";"0";"10";"10";"RECONDUIT";"Lignes source 2026 avec cet OI : 10 ; identifiants 2027 : 10"
"DPS:G1";"F7";"FOSPEC";"Instruction";"Instr sct - ABC";"5";"5";"0";"5";"5";"RECONDUIT";"Lignes source 2026 avec cet OI : 5 ; identifiants 2027 : 5"
"DPS:G1";"F7";"FOCO / DPS";"Instruction";"Instr sct - KICK-OFF";"5";"5";"0";"5";"5";"RECONDUIT";"Lignes source 2026 avec cet OI : 5 ; identifiants 2027 : 5"
"DPS:G1";"F7";"FOSPEC";"Instruction";"Instr sct - PIONNIER CSU-nvb";"5";"5";"0";"5";"5";"RECONDUIT";"Lignes source 2026 avec cet OI : 5 ; identifiants 2027 : 5"
"DPS:G1";"F7";"FOCO / DPS";"Instruction";"Instr sct - VARIA";"5";"5";"0";"5";"5";"RECONDUIT";"Lignes source 2026 avec cet OI : 5 ; identifiants 2027 : 5"
"DPS:G1";"F1";"";"Événement";"Intégration personnel DPS, phase I";"0";"1";"1";"1";"1";"NOUVEAU_2027";"Aucun titre identique dans les lignes datées 2026 ; examiner la règle source 2027"
"DPS:G1";"F1";"";"Événement";"Intégration personnel DPS, phase II";"0";"1";"1";"1";"1";"NOUVEAU_2027";"Aucun titre identique dans les lignes datées 2026 ; examiner la règle source 2027"
"DPS:G1";"F7";"FOBA";"Événement";"Introduction PIONNIER";"1";"1";"0";"1";"1";"RECONDUIT";"Lignes source 2026 avec cet OI : 1 ; identifiants 2027 : 1"
"DPS:G1";"F2/3";"";"";"Journée « Oser tous les métiers » (JOM)";"1";"0";"-1";"0";"0";"HUMAN_REVIEW";"Lignes source 2026 avec cet OI : 1 ; identifiants 2027 : 0"
"DPS:G1";"F1/8 / F3";"DPS";"Événement";"Journée des familles";"1";"1";"0";"1";"1";"RECONDUIT";"Lignes source 2026 avec cet OI : 1 ; identifiants 2027 : 1"
"DPS:G1";"F1/8 / DPS";"DPS";"Événement";"Journée des nouveaux habitants";"1";"1";"0";"1";"1";"RECONDUIT";"Lignes source 2026 avec cet OI : 1 ; identifiants 2027 : 1"
"DPS:G1";"F7";"FOCA / DPS";"Événement";"Mise à niveau annuelle OSR";"1";"1";"0";"1";"1";"RECONDUIT";"Lignes source 2026 avec cet OI : 1 ; identifiants 2027 : 1"
"DPS:G1";"F4";"DPS";"Événement";"Nettoyage annuel caserne";"1";"1";"0";"1";"1";"RECONDUIT|HUMAN_REVIEW";"Lignes source 2026 avec cet OI : 1 ; identifiants 2027 : 1"
"DPS:G1";"F1/8 / F3";"DPS";"Événement";"Noël des familles";"1";"1";"0";"1";"1";"RECONDUIT";"Lignes source 2026 avec cet OI : 1 ; identifiants 2027 : 1"
"DPS:G1";"F2/3 / F3";"SDIS";"Événement";"Passeport-Vacances";"1";"1";"0";"1";"1";"RECONDUIT";"Lignes source 2026 avec cet OI : 1 ; identifiants 2027 : 1"
"DPS:G1";"DPS";"DPS";"Permanence";"Permanence";"0";"53";"53";"53";"53";"MODIFIÉ_VOLONTAIREMENT";"Aucun titre identique dans les lignes datées 2026 ; examiner la règle source 2027"
"DPS:G1";"F3";"";"Événement";"Préparation concours de la FVSP";"";"8";"";"8";"8";"RECONDUIT|HUMAN_REVIEW";"7 ligne(s) 2026 de même titre, dont OI non coché ; écart par OI indéterminable"
"DPS:G1";"F7";"FOCA / DPS";"Formation";"Préparation cours de cadres SDIS Nord vaudois";"1";"1";"0";"1";"1";"RECONDUIT";"Lignes source 2026 avec cet OI : 1 ; identifiants 2027 : 1"
"DPS:G1";"F3";"";"";"Préparation Revue Quinquennale | École de section";"";"0";"";"0";"0";"HUMAN_REVIEW";"3 ligne(s) 2026 de même titre, dont OI non coché ; écart par OI indéterminable"
"DPS:G1";"F4";"DPS";"Événement";"Préparation Xmas";"1";"1";"0";"1";"1";"RECONDUIT|HUMAN_REVIEW";"Lignes source 2026 avec cet OI : 1 ; identifiants 2027 : 1"
"DPS:G1";"F3";"";"Événement";"Rapport annuel";"0";"1";"1";"1";"1";"NOUVEAU_2027";"Aucun titre identique dans les lignes datées 2026 ; examiner la règle source 2027"
"DPS:G1";"F7";"FOCA / DPS";"Événement";"Reconnaissance DPS";"1";"1";"0";"1";"1";"RECONDUIT";"Lignes source 2026 avec cet OI : 1 ; identifiants 2027 : 1"
"DPS:G1";"F0";"SDIS / DPS";"Événement";"Recrutement cantonal";"1";"1";"0";"1";"1";"RECONDUIT";"Lignes source 2026 avec cet OI : 1 ; identifiants 2027 : 1"
"DPS:G1";"F7";"FOSPEC";"Formation";"Recyclage BLS";"0";"6";"6";"6";"6";"HUMAN_REVIEW";"Aucun titre identique dans les lignes datées 2026 ; examiner la règle source 2027"
"DPS:G1";"F7";"FOSPEC";"";"Recyclage BLS | AED SN55i";"6";"0";"-6";"0";"0";"RECONDUIT";"Lignes source 2026 avec cet OI : 6 ; identifiants 2027 : 0"
"DPS:G1";"F7";"DPS";"Événement";"Refresh CI";"0";"1";"1";"1";"1";"HUMAN_REVIEW";"Aucun titre identique dans les lignes datées 2026 ; examiner la règle source 2027"
"DPS:G1";"F7";"FOCA";"";"Refresh CI | Simulateur tactique";"1";"0";"-1";"0";"0";"RECONDUIT";"Lignes source 2026 avec cet OI : 1 ; identifiants 2027 : 0"
"DPS:G1";"F7";"FOBA";"Événement";"Remise équipement des recrues FOBA 1";"1";"1";"0";"1";"1";"RECONDUIT";"Lignes source 2026 avec cet OI : 1 ; identifiants 2027 : 1"
"DPS:G1";"F1/8 / F3";"SDIS";"Événement";"Repas du Permanent";"1";"1";"0";"1";"1";"RECONDUIT";"Lignes source 2026 avec cet OI : 1 ; identifiants 2027 : 1"
"DPS:G1";"F3";"DPS";"Événement";"Répétition garde drapeau RA'25";"0";"1";"1";"1";"1";"NOUVEAU_2027";"Aucun titre identique dans les lignes datées 2026 ; examiner la règle source 2027"
"DPS:G1";"F3";"";"";"Revue Quinquennale SDIS Nord vaudois";"1";"0";"-1";"0";"0";"HUMAN_REVIEW";"Lignes source 2026 avec cet OI : 1 ; identifiants 2027 : 0"
"DPS:G1";"F6";"";"Événement";"Séance audiovisuel et communication F5/6";"0";"1";"1";"1";"1";"NOUVEAU_2027";"Aucun titre identique dans les lignes datées 2026 ; examiner la règle source 2027"
"DPS:G1";"F5/6 / F6";"SIC";"Séance / Événement";"Séance cadres F5/6";"2";"3";"1";"3";"3";"RECONDUIT|HUMAN_REVIEW";"Lignes source 2026 avec cet OI : 2 ; identifiants 2027 : 3"
"DPS:G1";"F2/3 / F1";"DPS";"Séance / Événement";"Séance chefs de section DPS";"2";"3";"1";"3";"3";"RECONDUIT|HUMAN_REVIEW";"Lignes source 2026 avec cet OI : 2 ; identifiants 2027 : 3"
"DPS:G1";"F7";"TOUS / DPS";"Séance / Instruction";"Séance commission d'instruction";"1";"2";"1";"2";"2";"RECONDUIT|HUMAN_REVIEW";"Lignes source 2026 avec cet OI : 1 ; identifiants 2027 : 2"
"DPS:G1";"F7";"TOUS";"Séance";"Séance commission d'instruction | Thèmes et objectifs A+1";"1";"0";"-1";"0";"0";"RECONDUIT";"Lignes source 2026 avec cet OI : 1 ; identifiants 2027 : 0"
"DPS:G1";"F5/6 / F6";"SIC";"Séance / Événement";"Séance communication F5/6";"8";"9";"1";"9";"9";"RECONDUIT|HUMAN_REVIEW";"Lignes source 2026 avec cet OI : 8 ; identifiants 2027 : 9"
"DPS:G1";"F3";"";"Événement";"Séance de préparation concours de la FVSP";"0";"1";"1";"1";"1";"NOUVEAU_2027";"Aucun titre identique dans les lignes datées 2026 ; examiner la règle source 2027"
"DPS:G1";"F2/3 / F3";"SDIS";"Séance / Événement";"Séance de préparation Téléthon";"1";"1";"0";"1";"1";"RECONDUIT";"Lignes source 2026 avec cet OI : 1 ; identifiants 2027 : 1"
"DPS:G1";"F2/3 / F1";"DAP";"Séance / Événement";"Séance des chefs de section DAP";"2";"3";"1";"3";"3";"RECONDUIT|HUMAN_REVIEW";"Lignes source 2026 avec cet OI : 2 ; identifiants 2027 : 3"
"DPS:G1";"F1/8";"SDIS";"Séance / Événement";"Séance échelons II, III et IV";"1";"2";"1";"2";"2";"RECONDUIT|HUMAN_REVIEW";"Lignes source 2026 avec cet OI : 1 ; identifiants 2027 : 2"
"DPS:G1";"F1/8";"";"Événement";"Séance Fourriers DAP";"0";"1";"1";"1";"1";"NOUVEAU_2027";"Aucun titre identique dans les lignes datées 2026 ; examiner la règle source 2027"
"DPS:G1";"F1/8";"";"Événement";"Séance Fourriers DPS";"0";"1";"1";"1";"1";"NOUVEAU_2027";"Aucun titre identique dans les lignes datées 2026 ; examiner la règle source 2027"
"DPS:G1";"F7";"DPS";"Instruction";"Séance instruction DPS";"0";"1";"1";"1";"1";"NOUVEAU_2027";"Aucun titre identique dans les lignes datées 2026 ; examiner la règle source 2027"
"DPS:G1";"F0";"OSR";"Séance / Événement";"Séance OSR";"2";"2";"0";"2";"2";"RECONDUIT";"Lignes source 2026 avec cet OI : 2 ; identifiants 2027 : 2"
"DPS:G1";"F1";"DPS";"Événement";"Séance personnel DPS";"0";"1";"1";"1";"1";"NOUVEAU_2027";"Aucun titre identique dans les lignes datées 2026 ; examiner la règle source 2027"
"DPS:G1";"F5/6 / F6";"SIC";"Séance / Événement";"Séance photo du personnel DPS";"1";"1";"0";"1";"1";"RECONDUIT";"Lignes source 2026 avec cet OI : 1 ; identifiants 2027 : 1"
"DPS:G1";"F4";"";"Événement";"Séance Préposés mat DPS";"0";"1";"1";"1";"1";"NOUVEAU_2027";"Aucun titre identique dans les lignes datées 2026 ; examiner la règle source 2027"
"DPS:G1";"F4";"";"Événement";"Séance responsables MAT SDIS";"0";"1";"1";"1";"1";"NOUVEAU_2027";"Aucun titre identique dans les lignes datées 2026 ; examiner la règle source 2027"
"DPS:G1";"F1/8 / F3";"DPS";"Événement";"Souper annuel";"1";"1";"0";"1";"1";"RECONDUIT";"Lignes source 2026 avec cet OI : 1 ; identifiants 2027 : 1"
"DPS:G1";"F2/3 / F3";"SDIS";"Événement";"Téléthon";"1";"1";"0";"1";"1";"RECONDUIT";"Lignes source 2026 avec cet OI : 1 ; identifiants 2027 : 1"
"DPS:G1";"F1/8 / DPS";"SDIS / DPS";"Formation";"Test de sélection NUOVO";"1";"1";"0";"1";"1";"RECONDUIT";"Lignes source 2026 avec cet OI : 1 ; identifiants 2027 : 1"
"DPS:G1";"F5/6 / F3";"SIC";"Événement";"Tir inter-unités";"1";"1";"0";"1";"1";"RECONDUIT";"Lignes source 2026 avec cet OI : 1 ; identifiants 2027 : 1"
"DPS:G1";"F3";"OP / DPS";"Événement";"Tour de France Femmes '26";"1";"1";"0";"1";"1";"RECONDUIT";"Lignes source 2026 avec cet OI : 1 ; identifiants 2027 : 1"
"JSP:B1";"F7";"JSP";"Événement";"Assemblée GVJSP";"";"1";"";"1";"1";"RECONDUIT";"1 ligne(s) 2026 de même titre, dont OI non coché ; écart par OI indéterminable"
"JSP:B1";"F7";"JSP";"Événement";"Championnat suisses JSP";"";"2";"";"2";"2";"RECONDUIT";"2 ligne(s) 2026 de même titre, dont OI non coché ; écart par OI indéterminable"
"JSP:B1";"F7";"JSP";"Formation";"Cours de cadres formation groupée JSP";"";"1";"";"1";"1";"RECONDUIT";"1 ligne(s) 2026 de même titre, dont OI non coché ; écart par OI indéterminable"
"JSP:B1";"F7";"JSP";"Instruction";"Cours JSP JS11 - Journée d'instruction JSP (après-midi)";"";"1";"";"1";"1";"RECONDUIT";"1 ligne(s) 2026 de même titre, dont OI non coché ; écart par OI indéterminable"
"JSP:B1";"F7";"JSP";"Instruction";"Cours JSP JS11 - Journée d'instruction JSP (matin)";"";"1";"";"1";"1";"RECONDUIT";"1 ligne(s) 2026 de même titre, dont OI non coché ; écart par OI indéterminable"
"JSP:B1";"F7";"JSP";"Instruction";"Cours JSP JS12 - Journée d'instruction des Moniteurs Cadets";"";"1";"";"1";"1";"RECONDUIT";"1 ligne(s) 2026 de même titre, dont OI non coché ; écart par OI indéterminable"
"JSP:B1";"F7";"JSP";"Formation";"Cours JSP JS21 - valorisation moniteurs - module I";"";"1";"";"1";"1";"RECONDUIT";"1 ligne(s) 2026 de même titre, dont OI non coché ; écart par OI indéterminable"
"JSP:B1";"F7";"JSP";"Formation";"Cours JSP JS22 - valorisation moniteurs - module II";"";"1";"";"1";"1";"RECONDUIT";"1 ligne(s) 2026 de même titre, dont OI non coché ; écart par OI indéterminable"
"JSP:B1";"F7";"JSP";"Formation";"Cours JSP JS23 - formation moniteurs - simulateur (après-midi)";"";"1";"";"1";"1";"RECONDUIT";"1 ligne(s) 2026 de même titre, dont OI non coché ; écart par OI indéterminable"
"JSP:B1";"F7";"JSP";"Formation";"Cours JSP JS23 - formation moniteurs - simulateur (matin)";"";"1";"";"1";"1";"RECONDUIT";"1 ligne(s) 2026 de même titre, dont OI non coché ; écart par OI indéterminable"
"JSP:B1";"F7";"JSP";"Formation";"Cours JSP JS24 - valorisation moniteurs - module III";"";"1";"";"1";"1";"RECONDUIT";"1 ligne(s) 2026 de même titre, dont OI non coché ; écart par OI indéterminable"
"JSP:B1";"JSP / F7";"JSP";"Formation";"Cursus JSP - module 1";"0";"2";"2";"2";"2";"NOUVEAU_2027|HUMAN_REVIEW";"Aucun titre identique dans les lignes datées 2026 ; examiner la règle source 2027"
"JSP:B1";"JSP / F7";"JSP";"Formation";"Cursus JSP - module 2";"0";"2";"2";"2";"2";"NOUVEAU_2027|HUMAN_REVIEW";"Aucun titre identique dans les lignes datées 2026 ; examiner la règle source 2027"
"JSP:B1";"JSP";"JSP";"Événement";"Échange tenue";"0";"2";"2";"2";"2";"NOUVEAU_2027";"Aucun titre identique dans les lignes datées 2026 ; examiner la règle source 2027"
"JSP:B1";"JSP";"JSP";"Exercice";"Exercice JSP 1";"0";"1";"1";"1";"1";"NOUVEAU_2027";"Aucun titre identique dans les lignes datées 2026 ; examiner la règle source 2027"
"JSP:B1";"F7";"JSP";"Exercice";"Exercice JSP 10";"";"1";"";"1";"1";"RECONDUIT";"2 ligne(s) 2026 de même titre, dont OI non coché ; écart par OI indéterminable"
"JSP:B1";"JSP";"JSP";"Exercice";"Exercice JSP 2";"";"1";"";"1";"1";"HUMAN_REVIEW";"1 ligne(s) 2026 de même titre, dont OI non coché ; écart par OI indéterminable"
"JSP:B1";"F7";"JSP";"Exercice";"Exercice JSP 3";"";"1";"";"1";"1";"RECONDUIT";"3 ligne(s) 2026 de même titre, dont OI non coché ; écart par OI indéterminable"
"JSP:B1";"F7";"JSP";"Exercice";"Exercice JSP 4";"";"1";"";"1";"1";"RECONDUIT";"3 ligne(s) 2026 de même titre, dont OI non coché ; écart par OI indéterminable"
"JSP:B1";"F7";"JSP";"Exercice";"Exercice JSP 5";"";"1";"";"1";"1";"RECONDUIT";"3 ligne(s) 2026 de même titre, dont OI non coché ; écart par OI indéterminable"
"JSP:B1";"F7";"JSP";"Exercice";"Exercice JSP 6";"";"1";"";"1";"1";"RECONDUIT";"3 ligne(s) 2026 de même titre, dont OI non coché ; écart par OI indéterminable"
"JSP:B1";"F7";"JSP";"Exercice";"Exercice JSP 7";"";"1";"";"1";"1";"RECONDUIT";"3 ligne(s) 2026 de même titre, dont OI non coché ; écart par OI indéterminable"
"JSP:B1";"F7";"JSP";"Exercice";"Exercice JSP 8";"";"1";"";"1";"1";"RECONDUIT";"3 ligne(s) 2026 de même titre, dont OI non coché ; écart par OI indéterminable"
"JSP:B1";"F7";"JSP";"Exercice";"Exercice JSP 9";"";"1";"";"1";"1";"RECONDUIT";"2 ligne(s) 2026 de même titre, dont OI non coché ; écart par OI indéterminable"
"JSP:B1";"F7";"JSP";"Exercice";"Exercice JSP Cadets 1";"";"1";"";"1";"1";"RECONDUIT";"1 ligne(s) 2026 de même titre, dont OI non coché ; écart par OI indéterminable"
"JSP:B1";"F7";"JSP";"Exercice";"Exercice JSP Cadets 2";"0";"1";"1";"1";"1";"HUMAN_REVIEW";"Aucun titre identique dans les lignes datées 2026 ; examiner la règle source 2027"
"JSP:B1";"F7";"JSP";"Formation";"Formation CEMEA, module 1";"0";"1";"1";"1";"1";"HUMAN_REVIEW";"Aucun titre identique dans les lignes datées 2026 ; examiner la règle source 2027"
"JSP:B1";"F7";"JSP";"Formation";"Formation CEMEA, module 2";"0";"1";"1";"1";"1";"HUMAN_REVIEW";"Aucun titre identique dans les lignes datées 2026 ; examiner la règle source 2027"
"JSP:B1";"F7";"JSP";"Formation";"Formation CEMEA, module 3";"0";"1";"1";"1";"1";"HUMAN_REVIEW";"Aucun titre identique dans les lignes datées 2026 ; examiner la règle source 2027"
"JSP:B1";"F7";"JSP";"Formation";"Formation CEMEA, module 4";"0";"1";"1";"1";"1";"HUMAN_REVIEW";"Aucun titre identique dans les lignes datées 2026 ; examiner la règle source 2027"
"JSP:B1";"F7";"JSP";"Formation";"Formation groupée JSP";"0";"4";"4";"4";"4";"HUMAN_REVIEW";"Aucun titre identique dans les lignes datées 2026 ; examiner la règle source 2027"
"JSP:B1";"JSP";"JSP";"Événement";"Grillades des JSP Nord vaudois";"";"1";"";"1";"1";"RECONDUIT";"1 ligne(s) 2026 de même titre, dont OI non coché ; écart par OI indéterminable"
"JSP:B1";"F7";"JSP";"Événement";"Groupe de travail JSP";"";"1";"";"1";"1";"RECONDUIT";"6 ligne(s) 2026 de même titre, dont OI non coché ; écart par OI indéterminable"
"JSP:B1";"JSP / F7";"JSP";"Événement";"Séance cadres JSP";"0";"2";"2";"2";"2";"NOUVEAU_2027|HUMAN_REVIEW";"Aucun titre identique dans les lignes datées 2026 ; examiner la règle source 2027"
"JSP:B1";"JSP";"JSP";"Événement";"Séance d'information JSP '26";"";"1";"";"1";"1";"RECONDUIT";"1 ligne(s) 2026 de même titre, dont OI non coché ; écart par OI indéterminable"
"JSP:B1";"JSP / F7";"JSP";"Événement";"Séance Direction JSP";"";"11";"";"11";"11";"HUMAN_REVIEW|RECONDUIT";"9 ligne(s) 2026 de même titre, dont OI non coché ; écart par OI indéterminable"
"JSP:B1";"F7";"JSP";"Instruction";"Séance instruction JSP";"";"1";"";"1";"1";"RECONDUIT";"1 ligne(s) 2026 de même titre, dont OI non coché ; écart par OI indéterminable"
"JSP:B1";"F7";"JSP";"Événement";"Séance interne cadres JSP";"";"1";"";"1";"1";"RECONDUIT";"3 ligne(s) 2026 de même titre, dont OI non coché ; écart par OI indéterminable"
"JSP:B1";"F7";"JSP";"Événement";"Soirée des présidents JSP";"";"1";"";"1";"1";"RECONDUIT";"1 ligne(s) 2026 de même titre, dont OI non coché ; écart par OI indéterminable"
"JSP:B1";"F7";"JSP";"Formation";"Test flammes 1";"";"1";"";"1";"1";"RECONDUIT";"1 ligne(s) 2026 de même titre, dont OI non coché ; écart par OI indéterminable"
"JSP:B1";"F7";"JSP";"Formation";"Test flammes 2";"";"1";"";"1";"1";"RECONDUIT";"1 ligne(s) 2026 de même titre, dont OI non coché ; écart par OI indéterminable"
"JSP:C1";"F7";"JSP";"Événement";"Assemblée GVJSP";"";"1";"";"1";"1";"RECONDUIT";"1 ligne(s) 2026 de même titre, dont OI non coché ; écart par OI indéterminable"
"JSP:C1";"F7";"JSP";"Événement";"Championnat suisses JSP";"";"2";"";"2";"2";"RECONDUIT";"2 ligne(s) 2026 de même titre, dont OI non coché ; écart par OI indéterminable"
"JSP:C1";"F7";"JSP";"Formation";"Cours de cadres formation groupée JSP";"";"1";"";"1";"1";"RECONDUIT";"1 ligne(s) 2026 de même titre, dont OI non coché ; écart par OI indéterminable"
"JSP:C1";"F7";"JSP";"Instruction";"Cours JSP JS11 - Journée d'instruction JSP (après-midi)";"";"1";"";"1";"1";"RECONDUIT";"1 ligne(s) 2026 de même titre, dont OI non coché ; écart par OI indéterminable"
"JSP:C1";"F7";"JSP";"Instruction";"Cours JSP JS11 - Journée d'instruction JSP (matin)";"";"1";"";"1";"1";"RECONDUIT";"1 ligne(s) 2026 de même titre, dont OI non coché ; écart par OI indéterminable"
"JSP:C1";"F7";"JSP";"Instruction";"Cours JSP JS12 - Journée d'instruction des Moniteurs Cadets";"";"1";"";"1";"1";"RECONDUIT";"1 ligne(s) 2026 de même titre, dont OI non coché ; écart par OI indéterminable"
"JSP:C1";"F7";"JSP";"Formation";"Cours JSP JS21 - valorisation moniteurs - module I";"";"1";"";"1";"1";"RECONDUIT";"1 ligne(s) 2026 de même titre, dont OI non coché ; écart par OI indéterminable"
"JSP:C1";"F7";"JSP";"Formation";"Cours JSP JS22 - valorisation moniteurs - module II";"";"1";"";"1";"1";"RECONDUIT";"1 ligne(s) 2026 de même titre, dont OI non coché ; écart par OI indéterminable"
"JSP:C1";"F7";"JSP";"Formation";"Cours JSP JS23 - formation moniteurs - simulateur (après-midi)";"";"1";"";"1";"1";"RECONDUIT";"1 ligne(s) 2026 de même titre, dont OI non coché ; écart par OI indéterminable"
"JSP:C1";"F7";"JSP";"Formation";"Cours JSP JS23 - formation moniteurs - simulateur (matin)";"";"1";"";"1";"1";"RECONDUIT";"1 ligne(s) 2026 de même titre, dont OI non coché ; écart par OI indéterminable"
"JSP:C1";"F7";"JSP";"Formation";"Cours JSP JS24 - valorisation moniteurs - module III";"";"1";"";"1";"1";"RECONDUIT";"1 ligne(s) 2026 de même titre, dont OI non coché ; écart par OI indéterminable"
"JSP:C1";"JSP / F7";"JSP";"Formation";"Cursus JSP - module 1";"0";"2";"2";"2";"2";"NOUVEAU_2027|HUMAN_REVIEW";"Aucun titre identique dans les lignes datées 2026 ; examiner la règle source 2027"
"JSP:C1";"JSP / F7";"JSP";"Formation";"Cursus JSP - module 2";"0";"2";"2";"2";"2";"NOUVEAU_2027|HUMAN_REVIEW";"Aucun titre identique dans les lignes datées 2026 ; examiner la règle source 2027"
"JSP:C1";"JSP";"JSP";"Événement";"Échange tenue";"0";"2";"2";"2";"2";"NOUVEAU_2027";"Aucun titre identique dans les lignes datées 2026 ; examiner la règle source 2027"
"JSP:C1";"JSP";"JSP";"Exercice";"Exercice JSP 1";"0";"1";"1";"1";"1";"NOUVEAU_2027";"Aucun titre identique dans les lignes datées 2026 ; examiner la règle source 2027"
"JSP:C1";"F7";"JSP";"Exercice";"Exercice JSP 10";"";"1";"";"1";"1";"HUMAN_REVIEW";"2 ligne(s) 2026 de même titre, dont OI non coché ; écart par OI indéterminable"
"JSP:C1";"JSP";"JSP";"Exercice";"Exercice JSP 2";"";"1";"";"1";"1";"HUMAN_REVIEW";"1 ligne(s) 2026 de même titre, dont OI non coché ; écart par OI indéterminable"
"JSP:C1";"F7";"JSP";"Exercice";"Exercice JSP 3";"";"1";"";"1";"1";"HUMAN_REVIEW";"3 ligne(s) 2026 de même titre, dont OI non coché ; écart par OI indéterminable"
"JSP:C1";"F7";"JSP";"Exercice";"Exercice JSP 4";"";"1";"";"1";"1";"HUMAN_REVIEW";"3 ligne(s) 2026 de même titre, dont OI non coché ; écart par OI indéterminable"
"JSP:C1";"F7";"JSP";"Exercice";"Exercice JSP 5";"";"1";"";"1";"1";"HUMAN_REVIEW";"3 ligne(s) 2026 de même titre, dont OI non coché ; écart par OI indéterminable"
"JSP:C1";"F7";"JSP";"Exercice";"Exercice JSP 6";"";"1";"";"1";"1";"HUMAN_REVIEW";"3 ligne(s) 2026 de même titre, dont OI non coché ; écart par OI indéterminable"
"JSP:C1";"F7";"JSP";"Exercice";"Exercice JSP 7";"";"1";"";"1";"1";"HUMAN_REVIEW";"3 ligne(s) 2026 de même titre, dont OI non coché ; écart par OI indéterminable"
"JSP:C1";"F7";"JSP";"Exercice";"Exercice JSP 8";"";"1";"";"1";"1";"HUMAN_REVIEW";"3 ligne(s) 2026 de même titre, dont OI non coché ; écart par OI indéterminable"
"JSP:C1";"F7";"JSP";"Exercice";"Exercice JSP 9";"";"1";"";"1";"1";"HUMAN_REVIEW";"2 ligne(s) 2026 de même titre, dont OI non coché ; écart par OI indéterminable"
"JSP:C1";"F7";"JSP";"Exercice";"Exercice JSP Cadets 1";"";"1";"";"1";"1";"RECONDUIT";"1 ligne(s) 2026 de même titre, dont OI non coché ; écart par OI indéterminable"
"JSP:C1";"F7";"JSP";"Exercice";"Exercice JSP Cadets 2";"0";"1";"1";"1";"1";"HUMAN_REVIEW";"Aucun titre identique dans les lignes datées 2026 ; examiner la règle source 2027"
"JSP:C1";"F7";"JSP";"Formation";"Formation CEMEA, module 1";"0";"1";"1";"1";"1";"HUMAN_REVIEW";"Aucun titre identique dans les lignes datées 2026 ; examiner la règle source 2027"
"JSP:C1";"F7";"JSP";"Formation";"Formation CEMEA, module 2";"0";"1";"1";"1";"1";"HUMAN_REVIEW";"Aucun titre identique dans les lignes datées 2026 ; examiner la règle source 2027"
"JSP:C1";"F7";"JSP";"Formation";"Formation CEMEA, module 3";"0";"1";"1";"1";"1";"HUMAN_REVIEW";"Aucun titre identique dans les lignes datées 2026 ; examiner la règle source 2027"
"JSP:C1";"F7";"JSP";"Formation";"Formation CEMEA, module 4";"0";"1";"1";"1";"1";"HUMAN_REVIEW";"Aucun titre identique dans les lignes datées 2026 ; examiner la règle source 2027"
"JSP:C1";"F7";"JSP";"Formation";"Formation groupée JSP";"0";"4";"4";"4";"4";"HUMAN_REVIEW";"Aucun titre identique dans les lignes datées 2026 ; examiner la règle source 2027"
"JSP:C1";"JSP";"JSP";"Événement";"Grillades des JSP Nord vaudois";"";"1";"";"1";"1";"RECONDUIT";"1 ligne(s) 2026 de même titre, dont OI non coché ; écart par OI indéterminable"
"JSP:C1";"F7";"JSP";"Événement";"Groupe de travail JSP";"";"1";"";"1";"1";"RECONDUIT";"6 ligne(s) 2026 de même titre, dont OI non coché ; écart par OI indéterminable"
"JSP:C1";"JSP / F7";"JSP";"Événement";"Séance cadres JSP";"0";"2";"2";"2";"2";"NOUVEAU_2027|HUMAN_REVIEW";"Aucun titre identique dans les lignes datées 2026 ; examiner la règle source 2027"
"JSP:C1";"JSP";"JSP";"Événement";"Séance d'information JSP '26";"";"1";"";"1";"1";"RECONDUIT";"1 ligne(s) 2026 de même titre, dont OI non coché ; écart par OI indéterminable"
"JSP:C1";"JSP / F7";"JSP";"Événement";"Séance Direction JSP";"";"11";"";"11";"11";"HUMAN_REVIEW|RECONDUIT";"9 ligne(s) 2026 de même titre, dont OI non coché ; écart par OI indéterminable"
"JSP:C1";"F7";"JSP";"Instruction";"Séance instruction JSP";"";"1";"";"1";"1";"RECONDUIT";"1 ligne(s) 2026 de même titre, dont OI non coché ; écart par OI indéterminable"
"JSP:C1";"F7";"JSP";"Événement";"Séance interne cadres JSP";"";"1";"";"1";"1";"HUMAN_REVIEW";"3 ligne(s) 2026 de même titre, dont OI non coché ; écart par OI indéterminable"
"JSP:C1";"F7";"JSP";"Événement";"Soirée des présidents JSP";"";"1";"";"1";"1";"RECONDUIT";"1 ligne(s) 2026 de même titre, dont OI non coché ; écart par OI indéterminable"
"JSP:C1";"F7";"JSP";"Formation";"Test flammes 1";"";"1";"";"1";"1";"RECONDUIT";"1 ligne(s) 2026 de même titre, dont OI non coché ; écart par OI indéterminable"
"JSP:C1";"F7";"JSP";"Formation";"Test flammes 2";"";"1";"";"1";"1";"RECONDUIT";"1 ligne(s) 2026 de même titre, dont OI non coché ; écart par OI indéterminable"
"JSP:G1";"F7";"JSP";"Événement";"Assemblée GVJSP";"";"1";"";"1";"1";"RECONDUIT";"1 ligne(s) 2026 de même titre, dont OI non coché ; écart par OI indéterminable"
"JSP:G1";"F7";"JSP";"Événement";"Championnat suisses JSP";"";"2";"";"2";"2";"RECONDUIT";"2 ligne(s) 2026 de même titre, dont OI non coché ; écart par OI indéterminable"
"JSP:G1";"F7";"JSP";"Formation";"Cours de cadres formation groupée JSP";"";"1";"";"1";"1";"RECONDUIT";"1 ligne(s) 2026 de même titre, dont OI non coché ; écart par OI indéterminable"
"JSP:G1";"F7";"JSP";"Instruction";"Cours JSP JS11 - Journée d'instruction JSP (après-midi)";"";"1";"";"1";"1";"RECONDUIT";"1 ligne(s) 2026 de même titre, dont OI non coché ; écart par OI indéterminable"
"JSP:G1";"F7";"JSP";"Instruction";"Cours JSP JS11 - Journée d'instruction JSP (matin)";"";"1";"";"1";"1";"RECONDUIT";"1 ligne(s) 2026 de même titre, dont OI non coché ; écart par OI indéterminable"
"JSP:G1";"F7";"JSP";"Instruction";"Cours JSP JS12 - Journée d'instruction des Moniteurs Cadets";"";"1";"";"1";"1";"RECONDUIT";"1 ligne(s) 2026 de même titre, dont OI non coché ; écart par OI indéterminable"
"JSP:G1";"F7";"JSP";"Formation";"Cours JSP JS21 - valorisation moniteurs - module I";"";"1";"";"1";"1";"RECONDUIT";"1 ligne(s) 2026 de même titre, dont OI non coché ; écart par OI indéterminable"
"JSP:G1";"F7";"JSP";"Formation";"Cours JSP JS22 - valorisation moniteurs - module II";"";"1";"";"1";"1";"RECONDUIT";"1 ligne(s) 2026 de même titre, dont OI non coché ; écart par OI indéterminable"
"JSP:G1";"F7";"JSP";"Formation";"Cours JSP JS23 - formation moniteurs - simulateur (après-midi)";"";"1";"";"1";"1";"RECONDUIT";"1 ligne(s) 2026 de même titre, dont OI non coché ; écart par OI indéterminable"
"JSP:G1";"F7";"JSP";"Formation";"Cours JSP JS23 - formation moniteurs - simulateur (matin)";"";"1";"";"1";"1";"RECONDUIT";"1 ligne(s) 2026 de même titre, dont OI non coché ; écart par OI indéterminable"
"JSP:G1";"F7";"JSP";"Formation";"Cours JSP JS24 - valorisation moniteurs - module III";"";"1";"";"1";"1";"RECONDUIT";"1 ligne(s) 2026 de même titre, dont OI non coché ; écart par OI indéterminable"
"JSP:G1";"JSP / F7";"JSP";"Formation";"Cursus JSP - module 1";"0";"2";"2";"2";"2";"NOUVEAU_2027|HUMAN_REVIEW";"Aucun titre identique dans les lignes datées 2026 ; examiner la règle source 2027"
"JSP:G1";"JSP / F7";"JSP";"Formation";"Cursus JSP - module 2";"0";"2";"2";"2";"2";"NOUVEAU_2027|HUMAN_REVIEW";"Aucun titre identique dans les lignes datées 2026 ; examiner la règle source 2027"
"JSP:G1";"JSP";"JSP";"Événement";"Échange tenue";"0";"2";"2";"2";"2";"NOUVEAU_2027";"Aucun titre identique dans les lignes datées 2026 ; examiner la règle source 2027"
"JSP:G1";"JSP";"JSP";"Exercice";"Exercice JSP 1";"0";"1";"1";"1";"1";"NOUVEAU_2027";"Aucun titre identique dans les lignes datées 2026 ; examiner la règle source 2027"
"JSP:G1";"F7";"JSP";"Exercice";"Exercice JSP 2";"";"1";"";"1";"1";"HUMAN_REVIEW";"1 ligne(s) 2026 de même titre, dont OI non coché ; écart par OI indéterminable"
"JSP:G1";"F7";"JSP";"Exercice";"Exercice JSP 3";"";"1";"";"1";"1";"HUMAN_REVIEW";"3 ligne(s) 2026 de même titre, dont OI non coché ; écart par OI indéterminable"
"JSP:G1";"F7";"JSP";"Exercice";"Exercice JSP 4";"";"1";"";"1";"1";"HUMAN_REVIEW";"3 ligne(s) 2026 de même titre, dont OI non coché ; écart par OI indéterminable"
"JSP:G1";"F7";"JSP";"Exercice";"Exercice JSP 5";"";"1";"";"1";"1";"HUMAN_REVIEW";"3 ligne(s) 2026 de même titre, dont OI non coché ; écart par OI indéterminable"
"JSP:G1";"F7";"JSP";"Exercice";"Exercice JSP 6";"";"1";"";"1";"1";"HUMAN_REVIEW";"3 ligne(s) 2026 de même titre, dont OI non coché ; écart par OI indéterminable"
"JSP:G1";"F7";"JSP";"Exercice";"Exercice JSP 7";"";"1";"";"1";"1";"HUMAN_REVIEW";"3 ligne(s) 2026 de même titre, dont OI non coché ; écart par OI indéterminable"
"JSP:G1";"F7";"JSP";"Exercice";"Exercice JSP 8";"";"1";"";"1";"1";"HUMAN_REVIEW";"3 ligne(s) 2026 de même titre, dont OI non coché ; écart par OI indéterminable"
"JSP:G1";"F7";"JSP";"Exercice";"Exercice JSP Cadets 1";"";"1";"";"1";"1";"RECONDUIT";"1 ligne(s) 2026 de même titre, dont OI non coché ; écart par OI indéterminable"
"JSP:G1";"F7";"JSP";"Exercice";"Exercice JSP Cadets 2";"0";"1";"1";"1";"1";"HUMAN_REVIEW";"Aucun titre identique dans les lignes datées 2026 ; examiner la règle source 2027"
"JSP:G1";"F7";"JSP";"Formation";"Formation CEMEA, module 1";"0";"1";"1";"1";"1";"HUMAN_REVIEW";"Aucun titre identique dans les lignes datées 2026 ; examiner la règle source 2027"
"JSP:G1";"F7";"JSP";"Formation";"Formation CEMEA, module 2";"0";"1";"1";"1";"1";"HUMAN_REVIEW";"Aucun titre identique dans les lignes datées 2026 ; examiner la règle source 2027"
"JSP:G1";"F7";"JSP";"Formation";"Formation CEMEA, module 3";"0";"1";"1";"1";"1";"HUMAN_REVIEW";"Aucun titre identique dans les lignes datées 2026 ; examiner la règle source 2027"
"JSP:G1";"F7";"JSP";"Formation";"Formation CEMEA, module 4";"0";"1";"1";"1";"1";"HUMAN_REVIEW";"Aucun titre identique dans les lignes datées 2026 ; examiner la règle source 2027"
"JSP:G1";"F7";"JSP";"Formation";"Formation groupée JSP";"0";"4";"4";"4";"4";"HUMAN_REVIEW";"Aucun titre identique dans les lignes datées 2026 ; examiner la règle source 2027"
"JSP:G1";"JSP";"JSP";"Événement";"Grillades des JSP Nord vaudois";"";"1";"";"1";"1";"RECONDUIT";"1 ligne(s) 2026 de même titre, dont OI non coché ; écart par OI indéterminable"
"JSP:G1";"F7";"JSP";"Événement";"Groupe de travail JSP";"";"4";"";"4";"4";"RECONDUIT";"6 ligne(s) 2026 de même titre, dont OI non coché ; écart par OI indéterminable"
"JSP:G1";"JSP / F7";"JSP";"Événement";"Séance cadres JSP";"0";"2";"2";"2";"2";"NOUVEAU_2027|HUMAN_REVIEW";"Aucun titre identique dans les lignes datées 2026 ; examiner la règle source 2027"
"JSP:G1";"JSP";"JSP";"Événement";"Séance d'information JSP '26";"";"1";"";"1";"1";"RECONDUIT";"1 ligne(s) 2026 de même titre, dont OI non coché ; écart par OI indéterminable"
"JSP:G1";"JSP / F7";"JSP";"Événement";"Séance Direction JSP";"";"11";"";"11";"11";"HUMAN_REVIEW|RECONDUIT";"9 ligne(s) 2026 de même titre, dont OI non coché ; écart par OI indéterminable"
"JSP:G1";"F7";"JSP";"Instruction";"Séance instruction JSP";"";"1";"";"1";"1";"RECONDUIT";"1 ligne(s) 2026 de même titre, dont OI non coché ; écart par OI indéterminable"
"JSP:G1";"F7";"JSP";"Événement";"Séance interne cadres JSP";"";"1";"";"1";"1";"HUMAN_REVIEW";"3 ligne(s) 2026 de même titre, dont OI non coché ; écart par OI indéterminable"
"JSP:G1";"F7";"JSP";"Événement";"Soirée des présidents JSP";"";"1";"";"1";"1";"RECONDUIT";"1 ligne(s) 2026 de même titre, dont OI non coché ; écart par OI indéterminable"
"JSP:G1";"F7";"JSP";"Formation";"Test flammes 1";"";"1";"";"1";"1";"RECONDUIT";"1 ligne(s) 2026 de même titre, dont OI non coché ; écart par OI indéterminable"
"JSP:G1";"F7";"JSP";"Formation";"Test flammes 2";"";"1";"";"1";"1";"RECONDUIT";"1 ligne(s) 2026 de même titre, dont OI non coché ; écart par OI indéterminable"
"OI_NON_DOCUMENTE_2026";"F0";"SDIS";"";"Assemblée CI";"2";"0";"-2";"0";"0";"RECONDUIT";"Lignes source 2026 avec cet OI : 2 ; identifiants 2027 : 0"
"OI_NON_DOCUMENTE_2026";"F3";"FVSP";"";"Assemblée des délégués de la FVSP";"1";"0";"-1";"0";"0";"HUMAN_REVIEW";"Lignes source 2026 avec cet OI : 1 ; identifiants 2027 : 0"
"OI_NON_DOCUMENTE_2026";"F5/6";"";"";"Assemblée générale de la SIC";"1";"0";"-1";"0";"0";"HUMAN_REVIEW";"Lignes source 2026 avec cet OI : 1 ; identifiants 2027 : 0"
"OI_NON_DOCUMENTE_2026";"F7";"JSP";"";"Assemblée GVJSP";"1";"0";"-1";"0";"0";"RECONDUIT";"Lignes source 2026 avec cet OI : 1 ; identifiants 2027 : 0"
"OI_NON_DOCUMENTE_2026";"F7";"JSP";"";"Championnat suisses JSP";"2";"0";"-2";"0";"0";"RECONDUIT";"Lignes source 2026 avec cet OI : 2 ; identifiants 2027 : 0"
"OI_NON_DOCUMENTE_2026";"F7";"AUTO";"";"Conduite TP9000, formation continue 1.0";"4";"0";"-4";"0";"0";"RECONDUIT";"Lignes source 2026 avec cet OI : 4 ; identifiants 2027 : 0"
"OI_NON_DOCUMENTE_2026";"F7";"AUTO";"";"Conduite TP9000, formation continue 1.1";"3";"0";"-3";"0";"0";"RECONDUIT";"Lignes source 2026 avec cet OI : 3 ; identifiants 2027 : 0"
"OI_NON_DOCUMENTE_2026";"F7";"AUTO";"";"Conduite TP9000, formation continue 1.2";"7";"0";"-7";"0";"0";"RECONDUIT";"Lignes source 2026 avec cet OI : 7 ; identifiants 2027 : 0"
"OI_NON_DOCUMENTE_2026";"F7";"AUTO";"";"Conduite TP9000, formation continue 2.0";"4";"0";"-4";"0";"0";"RECONDUIT";"Lignes source 2026 avec cet OI : 4 ; identifiants 2027 : 0"
"OI_NON_DOCUMENTE_2026";"F7";"AUTO";"";"Conduite TP9000, formation continue 2.1";"4";"0";"-4";"0";"0";"RECONDUIT";"Lignes source 2026 avec cet OI : 4 ; identifiants 2027 : 0"
"OI_NON_DOCUMENTE_2026";"F7";"AUTO";"";"Conduite TP9000, formation continue 2.2";"8";"0";"-8";"0";"0";"RECONDUIT";"Lignes source 2026 avec cet OI : 8 ; identifiants 2027 : 0"
"OI_NON_DOCUMENTE_2026";"F0";"SDIS";"";"Conférence des Commandants";"1";"0";"-1";"0";"0";"RECONDUIT";"Lignes source 2026 avec cet OI : 1 ; identifiants 2027 : 0"
"OI_NON_DOCUMENTE_2026";"F7";"AUTO";"Cours";"Cours de cadres exercice CAR";"1";"0";"-1";"0";"0";"RECONDUIT";"Lignes source 2026 avec cet OI : 1 ; identifiants 2027 : 0"
"OI_NON_DOCUMENTE_2026";"F7";"AUTO";"Cours";"Cours de cadres Formateurs MEA 2";"1";"0";"-1";"0";"0";"RECONDUIT";"Lignes source 2026 avec cet OI : 1 ; identifiants 2027 : 0"
"OI_NON_DOCUMENTE_2026";"F7";"JSP";"Cours";"Cours de cadres formation groupée JSP";"1";"0";"-1";"0";"0";"RECONDUIT";"Lignes source 2026 avec cet OI : 1 ; identifiants 2027 : 0"
"OI_NON_DOCUMENTE_2026";"F7";"AUTO";"Cours";"Cours de cadres formation pilote BAT 1";"1";"0";"-1";"0";"0";"RECONDUIT";"Lignes source 2026 avec cet OI : 1 ; identifiants 2027 : 0"
"OI_NON_DOCUMENTE_2026";"F7";"AUTO";"Cours";"Cours de cadres formation pilote BAT 2";"1";"0";"-1";"0";"0";"RECONDUIT";"Lignes source 2026 avec cet OI : 1 ; identifiants 2027 : 0"
"OI_NON_DOCUMENTE_2026";"F7";"FOBA";"Cours";"Cours ECA FB01 - formation de base recrues";"2";"0";"-2";"0";"0";"HUMAN_REVIEW";"Lignes source 2026 avec cet OI : 2 ; identifiants 2027 : 0"
"OI_NON_DOCUMENTE_2026";"F2/3";"ECAFORM";"Cours";"Cours ECA SA10 - cours de cadres - répondant de la formation antichute";"2";"0";"-2";"0";"0";"HUMAN_REVIEW";"Lignes source 2026 avec cet OI : 2 ; identifiants 2027 : 0"
"OI_NON_DOCUMENTE_2026";"F2/3";"ECAFORM";"Cours";"Cours ECA SA10 - répondant de la formation antichute";"4";"0";"-4";"0";"0";"HUMAN_REVIEW";"Lignes source 2026 avec cet OI : 4 ; identifiants 2027 : 0"
"OI_NON_DOCUMENTE_2026";"F2/3";"ECAFORM";"Cours";"Cours ECA SA11 - recyclage répondant de la formation antichute";"2";"0";"-2";"0";"0";"HUMAN_REVIEW";"Lignes source 2026 avec cet OI : 2 ; identifiants 2027 : 0"
"OI_NON_DOCUMENTE_2026";"F2/3";"ECAFORM";"Cours";"Cours ECA SP19 - ventilation opérationnelle";"2";"0";"-2";"0";"0";"HUMAN_REVIEW";"Lignes source 2026 avec cet OI : 2 ; identifiants 2027 : 0"
"OI_NON_DOCUMENTE_2026";"F7";"JSP";"Cours";"Cours JSP JS03 - flamme 3 JSP";"1";"0";"-1";"0";"0";"HUMAN_REVIEW";"Lignes source 2026 avec cet OI : 1 ; identifiants 2027 : 0"
"OI_NON_DOCUMENTE_2026";"F7";"JSP";"Cours";"Cours JSP JS11 - Journée d'instruction JSP (après-midi)";"1";"0";"-1";"0";"0";"RECONDUIT";"Lignes source 2026 avec cet OI : 1 ; identifiants 2027 : 0"
"OI_NON_DOCUMENTE_2026";"F7";"JSP";"Cours";"Cours JSP JS11 - Journée d'instruction JSP (matin)";"1";"0";"-1";"0";"0";"RECONDUIT";"Lignes source 2026 avec cet OI : 1 ; identifiants 2027 : 0"
"OI_NON_DOCUMENTE_2026";"F7";"JSP";"Cours";"Cours JSP JS12 - Journée d'instruction des Moniteurs Cadets";"1";"0";"-1";"0";"0";"RECONDUIT";"Lignes source 2026 avec cet OI : 1 ; identifiants 2027 : 0"
"OI_NON_DOCUMENTE_2026";"F7";"JSP";"Cours";"Cours JSP JS21 - valorisation moniteurs - module I";"1";"0";"-1";"0";"0";"RECONDUIT";"Lignes source 2026 avec cet OI : 1 ; identifiants 2027 : 0"
"OI_NON_DOCUMENTE_2026";"F7";"JSP";"Cours";"Cours JSP JS22 - valorisation moniteurs - module II";"1";"0";"-1";"0";"0";"RECONDUIT";"Lignes source 2026 avec cet OI : 1 ; identifiants 2027 : 0"
"OI_NON_DOCUMENTE_2026";"F7";"JSP";"Cours";"Cours JSP JS23 - formation moniteurs - simulateur (après-midi)";"1";"0";"-1";"0";"0";"RECONDUIT";"Lignes source 2026 avec cet OI : 1 ; identifiants 2027 : 0"
"OI_NON_DOCUMENTE_2026";"F7";"JSP";"Cours";"Cours JSP JS23 - formation moniteurs - simulateur (matin)";"1";"0";"-1";"0";"0";"RECONDUIT";"Lignes source 2026 avec cet OI : 1 ; identifiants 2027 : 0"
"OI_NON_DOCUMENTE_2026";"F7";"JSP";"Cours";"Cours JSP JS24 - valorisation moniteurs - module III";"1";"0";"-1";"0";"0";"RECONDUIT";"Lignes source 2026 avec cet OI : 1 ; identifiants 2027 : 0"
"OI_NON_DOCUMENTE_2026";"F7";"AUTO";"";"Cursus cond VL - module 2.0 | Connaissance véhicule";"7";"0";"-7";"0";"0";"HUMAN_REVIEW";"Lignes source 2026 avec cet OI : 7 ; identifiants 2027 : 0"
"OI_NON_DOCUMENTE_2026";"F7";"AUTO";"";"Cursus cond VL - module 3.1 | remorques";"1";"0";"-1";"0";"0";"HUMAN_REVIEW";"Lignes source 2026 avec cet OI : 1 ; identifiants 2027 : 0"
"OI_NON_DOCUMENTE_2026";"F7";"AUTO";"";"Cursus cond VL - module 3.2 | remorques";"1";"0";"-1";"0";"0";"HUMAN_REVIEW";"Lignes source 2026 avec cet OI : 1 ; identifiants 2027 : 0"
"OI_NON_DOCUMENTE_2026";"F7";"AUTO";"";"Cursus cond VL - module 4.1 | validation moyens prioritaires";"1";"0";"-1";"0";"0";"HUMAN_REVIEW";"Lignes source 2026 avec cet OI : 1 ; identifiants 2027 : 0"
"OI_NON_DOCUMENTE_2026";"F7";"AUTO";"";"Cursus cond VL - module 4.2 | validation moyens prioritaires";"1";"0";"-1";"0";"0";"HUMAN_REVIEW";"Lignes source 2026 avec cet OI : 1 ; identifiants 2027 : 0"
"OI_NON_DOCUMENTE_2026";"F7";"JSP";"";"Cursus JSP - module 1 | Petzi découvre les pin-pon";"1";"0";"-1";"0";"0";"RECONDUIT";"Lignes source 2026 avec cet OI : 1 ; identifiants 2027 : 0"
"OI_NON_DOCUMENTE_2026";"F7";"JSP";"";"Cursus JSP - module 2 | Petzi apprend les bases";"1";"0";"-1";"0";"0";"RECONDUIT";"Lignes source 2026 avec cet OI : 1 ; identifiants 2027 : 0"
"OI_NON_DOCUMENTE_2026";"F7";"AUTO";"";"Cursus MEA - module 2.1";"1";"0";"-1";"0";"0";"HUMAN_REVIEW";"Lignes source 2026 avec cet OI : 1 ; identifiants 2027 : 0"
"OI_NON_DOCUMENTE_2026";"F7";"AUTO";"";"Cursus MEA - module 2.2";"1";"0";"-1";"0";"0";"HUMAN_REVIEW";"Lignes source 2026 avec cet OI : 1 ; identifiants 2027 : 0"
"OI_NON_DOCUMENTE_2026";"F7";"AUTO";"";"Cursus MEA - module 3.1";"1";"0";"-1";"0";"0";"HUMAN_REVIEW";"Lignes source 2026 avec cet OI : 1 ; identifiants 2027 : 0"
"OI_NON_DOCUMENTE_2026";"F7";"AUTO";"";"Cursus MEA - module 3.2";"1";"0";"-1";"0";"0";"HUMAN_REVIEW";"Lignes source 2026 avec cet OI : 1 ; identifiants 2027 : 0"
"OI_NON_DOCUMENTE_2026";"F7";"AUTO";"";"Cursus MEA - module 4.1";"1";"0";"-1";"0";"0";"HUMAN_REVIEW";"Lignes source 2026 avec cet OI : 1 ; identifiants 2027 : 0"
"OI_NON_DOCUMENTE_2026";"F7";"AUTO";"";"Cursus MEA - module 4.2";"1";"0";"-1";"0";"0";"HUMAN_REVIEW";"Lignes source 2026 avec cet OI : 1 ; identifiants 2027 : 0"
"OI_NON_DOCUMENTE_2026";"F7";"AUTO";"";"Cursus MEA - module 5.1";"1";"0";"-1";"0";"0";"HUMAN_REVIEW";"Lignes source 2026 avec cet OI : 1 ; identifiants 2027 : 0"
"OI_NON_DOCUMENTE_2026";"F7";"AUTO";"";"Cursus MEA - module 5.2";"1";"0";"-1";"0";"0";"HUMAN_REVIEW";"Lignes source 2026 avec cet OI : 1 ; identifiants 2027 : 0"
"OI_NON_DOCUMENTE_2026";"F7";"AUTO";"";"Cursus MEA - module 6.1";"1";"0";"-1";"0";"0";"HUMAN_REVIEW";"Lignes source 2026 avec cet OI : 1 ; identifiants 2027 : 0"
"OI_NON_DOCUMENTE_2026";"F7";"AUTO";"";"Cursus MEA - module 6.2";"1";"0";"-1";"0";"0";"HUMAN_REVIEW";"Lignes source 2026 avec cet OI : 1 ; identifiants 2027 : 0"
"OI_NON_DOCUMENTE_2026";"F7";"AUTO";"";"Cursus MEA - module 7.1";"1";"0";"-1";"0";"0";"HUMAN_REVIEW";"Lignes source 2026 avec cet OI : 1 ; identifiants 2027 : 0"
"OI_NON_DOCUMENTE_2026";"F7";"AUTO";"";"Cursus MEA - module 7.2";"1";"0";"-1";"0";"0";"HUMAN_REVIEW";"Lignes source 2026 avec cet OI : 1 ; identifiants 2027 : 0"
"OI_NON_DOCUMENTE_2026";"F7";"AUTO";"";"Cursus MEA - module 8.1";"1";"0";"-1";"0";"0";"HUMAN_REVIEW";"Lignes source 2026 avec cet OI : 1 ; identifiants 2027 : 0"
"OI_NON_DOCUMENTE_2026";"F7";"AUTO";"";"Cursus MEA - module 8.2";"1";"0";"-1";"0";"0";"HUMAN_REVIEW";"Lignes source 2026 avec cet OI : 1 ; identifiants 2027 : 0"
"OI_NON_DOCUMENTE_2026";"F7";"AUTO";"";"Cursus MEA - module 9.1";"1";"0";"-1";"0";"0";"HUMAN_REVIEW";"Lignes source 2026 avec cet OI : 1 ; identifiants 2027 : 0"
"OI_NON_DOCUMENTE_2026";"F7";"AUTO";"";"Cursus MEA - module 9.2";"1";"0";"-1";"0";"0";"HUMAN_REVIEW";"Lignes source 2026 avec cet OI : 1 ; identifiants 2027 : 0"
"OI_NON_DOCUMENTE_2026";"F7";"PR";"";"Cursus PAPR - module 2 | Matériel PR";"1";"0";"-1";"0";"0";"HUMAN_REVIEW";"Lignes source 2026 avec cet OI : 1 ; identifiants 2027 : 0"
"OI_NON_DOCUMENTE_2026";"F7";"PR";"";"Cursus PAPR - module 3 | AO Simulateur";"1";"0";"-1";"0";"0";"HUMAN_REVIEW";"Lignes source 2026 avec cet OI : 1 ; identifiants 2027 : 0"
"OI_NON_DOCUMENTE_2026";"F7";"PR";"";"Cursus PAPR - module 4 | Surveillance PR";"1";"0";"-1";"0";"0";"HUMAN_REVIEW";"Lignes source 2026 avec cet OI : 1 ; identifiants 2027 : 0"
"OI_NON_DOCUMENTE_2026";"F7";"PR";"";"Cursus PAPR - module 5 | R&S grand volume";"1";"0";"-1";"0";"0";"HUMAN_REVIEW";"Lignes source 2026 avec cet OI : 1 ; identifiants 2027 : 0"
"OI_NON_DOCUMENTE_2026";"F7";"PR";"";"Cursus PAPR - module 6 | Cobra";"1";"0";"-1";"0";"0";"HUMAN_REVIEW";"Lignes source 2026 avec cet OI : 1 ; identifiants 2027 : 0"
"OI_NON_DOCUMENTE_2026";"F7";"PR";"";"Cursus PAPR - module 7 | Engagement pratique";"1";"0";"-1";"0";"0";"HUMAN_REVIEW";"Lignes source 2026 avec cet OI : 1 ; identifiants 2027 : 0"
"OI_NON_DOCUMENTE_2026";"F7";"AUTO";"";"Cursus TP9 - conduite libre";"2";"0";"-2";"0";"0";"HUMAN_REVIEW";"Lignes source 2026 avec cet OI : 2 ; identifiants 2027 : 0"
"OI_NON_DOCUMENTE_2026";"F7";"AUTO";"";"Cursus TP9 - module 1 | Discovery";"1";"0";"-1";"0";"0";"HUMAN_REVIEW";"Lignes source 2026 avec cet OI : 1 ; identifiants 2027 : 0"
"OI_NON_DOCUMENTE_2026";"F7";"AUTO";"";"Cursus TP9 - module 2 | Practice";"1";"0";"-1";"0";"0";"HUMAN_REVIEW";"Lignes source 2026 avec cet OI : 1 ; identifiants 2027 : 0"
"OI_NON_DOCUMENTE_2026";"F7";"AUTO";"";"Cursus TP9 - module 3.1 | Drive";"4";"0";"-4";"0";"0";"HUMAN_REVIEW";"Lignes source 2026 avec cet OI : 4 ; identifiants 2027 : 0"
"OI_NON_DOCUMENTE_2026";"F7";"AUTO";"";"Cursus TP9 - module 3.2 | Drive";"4";"0";"-4";"0";"0";"HUMAN_REVIEW";"Lignes source 2026 avec cet OI : 4 ; identifiants 2027 : 0"
"OI_NON_DOCUMENTE_2026";"F1/8";"SDIS";"";"Entretien postulant échelons I et II";"3";"0";"-3";"0";"0";"HUMAN_REVIEW";"Lignes source 2026 avec cet OI : 3 ; identifiants 2027 : 0"
"OI_NON_DOCUMENTE_2026";"F7";"AUTO";"Exercice";"Exercice CAR 1.1";"1";"0";"-1";"0";"0";"RECONDUIT";"Lignes source 2026 avec cet OI : 1 ; identifiants 2027 : 0"
"OI_NON_DOCUMENTE_2026";"F7";"AUTO";"Exercice";"Exercice CAR 1.2";"1";"0";"-1";"0";"0";"RECONDUIT";"Lignes source 2026 avec cet OI : 1 ; identifiants 2027 : 0"
"OI_NON_DOCUMENTE_2026";"F7";"AUTO";"Exercice";"Exercice CAR 1.3";"1";"0";"-1";"0";"0";"RECONDUIT";"Lignes source 2026 avec cet OI : 1 ; identifiants 2027 : 0"
"OI_NON_DOCUMENTE_2026";"F7";"AUTO";"Exercice";"Exercice CAR 1.4";"1";"0";"-1";"0";"0";"RECONDUIT";"Lignes source 2026 avec cet OI : 1 ; identifiants 2027 : 0"
"OI_NON_DOCUMENTE_2026";"F7";"AUTO";"Exercice";"Exercice CAR 1.5";"1";"0";"-1";"0";"0";"RECONDUIT";"Lignes source 2026 avec cet OI : 1 ; identifiants 2027 : 0"
"OI_NON_DOCUMENTE_2026";"F7";"FOCO";"Exercice";"Exercice engagement Incyte Biosciences";"1";"0";"-1";"0";"0";"RECONDUIT";"Lignes source 2026 avec cet OI : 1 ; identifiants 2027 : 0"
"OI_NON_DOCUMENTE_2026";"F7";"FOBA";"Exercice";"Exercice FOBA | Consolidation 1";"1";"0";"-1";"0";"0";"RECONDUIT";"Lignes source 2026 avec cet OI : 1 ; identifiants 2027 : 0"
"OI_NON_DOCUMENTE_2026";"F7";"FOBA";"Exercice";"Exercice FOBA | Consolidation 2";"1";"0";"-1";"0";"0";"RECONDUIT";"Lignes source 2026 avec cet OI : 1 ; identifiants 2027 : 0"
"OI_NON_DOCUMENTE_2026";"F7";"FOBA";"Exercice";"Exercice FOBA | Consolidation 3";"1";"0";"-1";"0";"0";"RECONDUIT";"Lignes source 2026 avec cet OI : 1 ; identifiants 2027 : 0"
"OI_NON_DOCUMENTE_2026";"F7";"FOBA";"Exercice";"Exercice FOBA 1 | Cérémonie de remise des casques";"1";"0";"-1";"0";"0";"RECONDUIT";"Lignes source 2026 avec cet OI : 1 ; identifiants 2027 : 0"
"OI_NON_DOCUMENTE_2026";"F7";"FOBA";"Exercice";"Exercice FOBA 10 | Cérémonie de promotion";"1";"0";"-1";"0";"0";"RECONDUIT";"Lignes source 2026 avec cet OI : 1 ; identifiants 2027 : 0"
"OI_NON_DOCUMENTE_2026";"F7";"FOBA";"Exercice";"Exercice FOBA 2";"1";"0";"-1";"0";"0";"RECONDUIT";"Lignes source 2026 avec cet OI : 1 ; identifiants 2027 : 0"
"OI_NON_DOCUMENTE_2026";"F7";"FOBA";"Exercice";"Exercice FOBA 3";"1";"0";"-1";"0";"0";"RECONDUIT";"Lignes source 2026 avec cet OI : 1 ; identifiants 2027 : 0"
"OI_NON_DOCUMENTE_2026";"F7";"FOBA";"Exercice";"Exercice FOBA 4";"1";"0";"-1";"0";"0";"RECONDUIT";"Lignes source 2026 avec cet OI : 1 ; identifiants 2027 : 0"
"OI_NON_DOCUMENTE_2026";"F7";"FOBA";"Exercice";"Exercice FOBA 5";"1";"0";"-1";"0";"0";"RECONDUIT";"Lignes source 2026 avec cet OI : 1 ; identifiants 2027 : 0"
"OI_NON_DOCUMENTE_2026";"F7";"FOBA";"Exercice";"Exercice FOBA 6";"1";"0";"-1";"0";"0";"RECONDUIT";"Lignes source 2026 avec cet OI : 1 ; identifiants 2027 : 0"
"OI_NON_DOCUMENTE_2026";"F7";"FOBA";"Exercice";"Exercice FOBA 7";"1";"0";"-1";"0";"0";"RECONDUIT";"Lignes source 2026 avec cet OI : 1 ; identifiants 2027 : 0"
"OI_NON_DOCUMENTE_2026";"F7";"FOBA";"Exercice";"Exercice FOBA 8";"1";"0";"-1";"0";"0";"RECONDUIT";"Lignes source 2026 avec cet OI : 1 ; identifiants 2027 : 0"
"OI_NON_DOCUMENTE_2026";"F7";"FOBA";"Exercice";"Exercice FOBA 9";"1";"0";"-1";"0";"0";"RECONDUIT";"Lignes source 2026 avec cet OI : 1 ; identifiants 2027 : 0"
"OI_NON_DOCUMENTE_2026";"F7";"JSP";"Exercice";"Exercice JSP 10";"2";"0";"-2";"0";"0";"RECONDUIT";"Lignes source 2026 avec cet OI : 2 ; identifiants 2027 : 0"
"OI_NON_DOCUMENTE_2026";"F7";"JSP";"Exercice";"Exercice JSP 2";"1";"0";"-1";"0";"0";"RECONDUIT";"Lignes source 2026 avec cet OI : 1 ; identifiants 2027 : 0"
"OI_NON_DOCUMENTE_2026";"F7";"JSP";"Exercice";"Exercice JSP 3";"3";"0";"-3";"0";"0";"RECONDUIT";"Lignes source 2026 avec cet OI : 3 ; identifiants 2027 : 0"
"OI_NON_DOCUMENTE_2026";"F7";"JSP";"Exercice";"Exercice JSP 4";"3";"0";"-3";"0";"0";"RECONDUIT";"Lignes source 2026 avec cet OI : 3 ; identifiants 2027 : 0"
"OI_NON_DOCUMENTE_2026";"F7";"JSP";"Exercice";"Exercice JSP 5";"3";"0";"-3";"0";"0";"RECONDUIT";"Lignes source 2026 avec cet OI : 3 ; identifiants 2027 : 0"
"OI_NON_DOCUMENTE_2026";"F7";"JSP";"Exercice";"Exercice JSP 6";"3";"0";"-3";"0";"0";"RECONDUIT";"Lignes source 2026 avec cet OI : 3 ; identifiants 2027 : 0"
"OI_NON_DOCUMENTE_2026";"F7";"JSP";"Exercice";"Exercice JSP 7";"3";"0";"-3";"0";"0";"RECONDUIT";"Lignes source 2026 avec cet OI : 3 ; identifiants 2027 : 0"
"OI_NON_DOCUMENTE_2026";"F7";"JSP";"Exercice";"Exercice JSP 8";"3";"0";"-3";"0";"0";"RECONDUIT";"Lignes source 2026 avec cet OI : 3 ; identifiants 2027 : 0"
"OI_NON_DOCUMENTE_2026";"F7";"JSP";"Exercice";"Exercice JSP 9";"2";"0";"-2";"0";"0";"RECONDUIT";"Lignes source 2026 avec cet OI : 2 ; identifiants 2027 : 0"
"OI_NON_DOCUMENTE_2026";"F7";"JSP";"Exercice";"Exercice JSP Cadets 1";"1";"0";"-1";"0";"0";"RECONDUIT";"Lignes source 2026 avec cet OI : 1 ; identifiants 2027 : 0"
"OI_NON_DOCUMENTE_2026";"F7";"JSP";"Exercice";"Exercice JSP Cadets 2 | FOBA 1";"1";"0";"-1";"0";"0";"HUMAN_REVIEW";"Lignes source 2026 avec cet OI : 1 ; identifiants 2027 : 0"
"OI_NON_DOCUMENTE_2026";"F7";"PR";"Exercice";"Exercice PR 1.1 | Base";"1";"0";"-1";"0";"0";"RECONDUIT";"Lignes source 2026 avec cet OI : 1 ; identifiants 2027 : 0"
"OI_NON_DOCUMENTE_2026";"F7";"PR";"Exercice";"Exercice PR 1.2 | Base";"1";"0";"-1";"0";"0";"RECONDUIT";"Lignes source 2026 avec cet OI : 1 ; identifiants 2027 : 0"
"OI_NON_DOCUMENTE_2026";"F7";"PR";"Exercice";"Exercice PR 1.3 | Base";"1";"0";"-1";"0";"0";"RECONDUIT";"Lignes source 2026 avec cet OI : 1 ; identifiants 2027 : 0"
"OI_NON_DOCUMENTE_2026";"F7";"PR";"Exercice";"Exercice PR 1.4 | Base";"1";"0";"-1";"0";"0";"RECONDUIT";"Lignes source 2026 avec cet OI : 1 ; identifiants 2027 : 0"
"OI_NON_DOCUMENTE_2026";"F7";"PR";"Exercice";"Exercice PR 1.5 | Base";"1";"0";"-1";"0";"0";"RECONDUIT";"Lignes source 2026 avec cet OI : 1 ; identifiants 2027 : 0"
"OI_NON_DOCUMENTE_2026";"F7";"PR";"Exercice";"Exercice PR 1.6 | Base";"1";"0";"-1";"0";"0";"RECONDUIT";"Lignes source 2026 avec cet OI : 1 ; identifiants 2027 : 0"
"OI_NON_DOCUMENTE_2026";"F7";"PR";"Exercice";"Exercice PR 2.1 | Practice";"1";"0";"-1";"0";"0";"RECONDUIT";"Lignes source 2026 avec cet OI : 1 ; identifiants 2027 : 0"
"OI_NON_DOCUMENTE_2026";"F7";"PR";"Exercice";"Exercice PR 2.2 | Practice";"1";"0";"-1";"0";"0";"RECONDUIT";"Lignes source 2026 avec cet OI : 1 ; identifiants 2027 : 0"
"OI_NON_DOCUMENTE_2026";"F7";"PR";"Exercice";"Exercice PR 2.3 | Practice";"1";"0";"-1";"0";"0";"RECONDUIT";"Lignes source 2026 avec cet OI : 1 ; identifiants 2027 : 0"
"OI_NON_DOCUMENTE_2026";"F7";"PR";"Exercice";"Exercice PR 2.4 | Practice";"1";"0";"-1";"0";"0";"RECONDUIT";"Lignes source 2026 avec cet OI : 1 ; identifiants 2027 : 0"
"OI_NON_DOCUMENTE_2026";"F7";"PR";"Exercice";"Exercice PR 2.5 | Practice";"1";"0";"-1";"0";"0";"RECONDUIT";"Lignes source 2026 avec cet OI : 1 ; identifiants 2027 : 0"
"OI_NON_DOCUMENTE_2026";"F7";"PR";"Exercice";"Exercice PR 2.6 | Practice";"1";"0";"-1";"0";"0";"RECONDUIT";"Lignes source 2026 avec cet OI : 1 ; identifiants 2027 : 0"
"OI_NON_DOCUMENTE_2026";"F7";"PR";"Exercice";"Exercice PR 3.1 | Highway to hell";"1";"0";"-1";"0";"0";"RECONDUIT";"Lignes source 2026 avec cet OI : 1 ; identifiants 2027 : 0"
"OI_NON_DOCUMENTE_2026";"F7";"PR";"Exercice";"Exercice PR 3.2 | Highway to hell";"1";"0";"-1";"0";"0";"RECONDUIT";"Lignes source 2026 avec cet OI : 1 ; identifiants 2027 : 0"
"OI_NON_DOCUMENTE_2026";"F7";"PR";"Exercice";"Exercice PR 3.3 | Highway to hell";"1";"0";"-1";"0";"0";"RECONDUIT";"Lignes source 2026 avec cet OI : 1 ; identifiants 2027 : 0"
"OI_NON_DOCUMENTE_2026";"F7";"PR";"Exercice";"Exercice PR 3.4 | Highway to hell";"1";"0";"-1";"0";"0";"RECONDUIT";"Lignes source 2026 avec cet OI : 1 ; identifiants 2027 : 0"
"OI_NON_DOCUMENTE_2026";"F7";"PR";"Exercice";"Exercice PR 3.5 | Highway to hell";"1";"0";"-1";"0";"0";"RECONDUIT";"Lignes source 2026 avec cet OI : 1 ; identifiants 2027 : 0"
"OI_NON_DOCUMENTE_2026";"F7";"PR";"Exercice";"Exercice PR 3.6 | Highway to hell";"1";"0";"-1";"0";"0";"RECONDUIT";"Lignes source 2026 avec cet OI : 1 ; identifiants 2027 : 0"
"OI_NON_DOCUMENTE_2026";"F7";"PR";"Exercice";"Exercice PR 4.1 | On fire";"1";"0";"-1";"0";"0";"RECONDUIT";"Lignes source 2026 avec cet OI : 1 ; identifiants 2027 : 0"
"OI_NON_DOCUMENTE_2026";"F7";"PR";"Exercice";"Exercice PR 4.2 | On fire";"1";"0";"-1";"0";"0";"RECONDUIT";"Lignes source 2026 avec cet OI : 1 ; identifiants 2027 : 0"
"OI_NON_DOCUMENTE_2026";"F7";"PR";"Exercice";"Exercice PR 4.3 | On fire";"1";"0";"-1";"0";"0";"RECONDUIT";"Lignes source 2026 avec cet OI : 1 ; identifiants 2027 : 0"
"OI_NON_DOCUMENTE_2026";"F7";"PR";"Exercice";"Exercice PR 4.4 | On fire";"1";"0";"-1";"0";"0";"RECONDUIT";"Lignes source 2026 avec cet OI : 1 ; identifiants 2027 : 0"
"OI_NON_DOCUMENTE_2026";"F7";"PR";"Exercice";"Exercice PR 4.5 | On fire";"1";"0";"-1";"0";"0";"RECONDUIT";"Lignes source 2026 avec cet OI : 1 ; identifiants 2027 : 0"
"OI_NON_DOCUMENTE_2026";"F7";"PR";"Exercice";"Exercice PR 4.6 | On fire";"1";"0";"-1";"0";"0";"RECONDUIT";"Lignes source 2026 avec cet OI : 1 ; identifiants 2027 : 0"
"OI_NON_DOCUMENTE_2026";"F7";"PR";"Exercice";"Exercice PR-ABC | Refresh";"3";"0";"-3";"0";"0";"HUMAN_REVIEW";"Lignes source 2026 avec cet OI : 3 ; identifiants 2027 : 0"
"OI_NON_DOCUMENTE_2026";"F7";"AUTO";"Exercice";"Exercice TRUCK 1.1";"4";"0";"-4";"0";"0";"RECONDUIT|HUMAN_REVIEW";"Lignes source 2026 avec cet OI : 4 ; identifiants 2027 : 0"
"OI_NON_DOCUMENTE_2026";"F7";"AUTO";"Exercice";"Exercice TRUCK 1.2";"4";"0";"-4";"0";"0";"RECONDUIT|HUMAN_REVIEW";"Lignes source 2026 avec cet OI : 4 ; identifiants 2027 : 0"
"OI_NON_DOCUMENTE_2026";"F7";"AUTO";"Exercice";"Exercice TRUCK 1.3";"3";"0";"-3";"0";"0";"RECONDUIT|HUMAN_REVIEW";"Lignes source 2026 avec cet OI : 3 ; identifiants 2027 : 0"
"OI_NON_DOCUMENTE_2026";"F7";"AUTO";"Exercice";"Exercice TRUCK 1.4";"1";"0";"-1";"0";"0";"RECONDUIT";"Lignes source 2026 avec cet OI : 1 ; identifiants 2027 : 0"
"OI_NON_DOCUMENTE_2026";"F7";"FOCA";"Formation";"Formation BIKABLO | Facilitation visuelle";"4";"0";"-4";"0";"0";"RECONDUIT";"Lignes source 2026 avec cet OI : 4 ; identifiants 2027 : 0"
"OI_NON_DOCUMENTE_2026";"F7";"JSP";"Formation";"Formation CEMEA, module 1 | Besoins de l’enfant";"1";"0";"-1";"0";"0";"RECONDUIT";"Lignes source 2026 avec cet OI : 1 ; identifiants 2027 : 0"
"OI_NON_DOCUMENTE_2026";"F7";"JSP";"Formation";"Formation CEMEA, module 2 | Attitudes éducatives";"1";"0";"-1";"0";"0";"RECONDUIT";"Lignes source 2026 avec cet OI : 1 ; identifiants 2027 : 0"
"OI_NON_DOCUMENTE_2026";"F7";"JSP";"Formation";"Formation CEMEA, module 3 | Prévention des abus sexuels";"1";"0";"-1";"0";"0";"RECONDUIT";"Lignes source 2026 avec cet OI : 1 ; identifiants 2027 : 0"
"OI_NON_DOCUMENTE_2026";"F7";"JSP";"Formation";"Formation CEMEA, module 4 | Responsabilité juridique";"1";"0";"-1";"0";"0";"RECONDUIT";"Lignes source 2026 avec cet OI : 1 ; identifiants 2027 : 0"
"OI_NON_DOCUMENTE_2026";"F5/6";"";"Formation";"Formation continue OACP CarPostal";"4";"0";"-4";"0";"0";"HUMAN_REVIEW";"Lignes source 2026 avec cet OI : 4 ; identifiants 2027 : 0"
"OI_NON_DOCUMENTE_2026";"F7";"PR";"Formation";"Formation engagement pratique PR";"2";"0";"-2";"0";"0";"RECONDUIT";"Lignes source 2026 avec cet OI : 2 ; identifiants 2027 : 0"
"OI_NON_DOCUMENTE_2026";"F7";"JSP";"Formation";"Formation groupée JSP | Simulateur";"4";"0";"-4";"0";"0";"RECONDUIT";"Lignes source 2026 avec cet OI : 4 ; identifiants 2027 : 0"
"OI_NON_DOCUMENTE_2026";"F7";"AUTO";"Formation";"Formation grutier 1.0";"2";"0";"-2";"0";"0";"RECONDUIT";"Lignes source 2026 avec cet OI : 2 ; identifiants 2027 : 0"
"OI_NON_DOCUMENTE_2026";"F7";"AUTO";"Formation";"Formation grutier 1.2";"3";"0";"-3";"0";"0";"RECONDUIT";"Lignes source 2026 avec cet OI : 3 ; identifiants 2027 : 0"
"OI_NON_DOCUMENTE_2026";"F7";"AUTO";"Formation";"Formation grutier 2.0";"2";"0";"-2";"0";"0";"RECONDUIT";"Lignes source 2026 avec cet OI : 2 ; identifiants 2027 : 0"
"OI_NON_DOCUMENTE_2026";"F7";"AUTO";"Formation";"Formation grutier 2.2";"3";"0";"-3";"0";"0";"RECONDUIT";"Lignes source 2026 avec cet OI : 3 ; identifiants 2027 : 0"
"OI_NON_DOCUMENTE_2026";"F7";"AUTO";"Formation";"Formation MEA 1.0";"4";"0";"-4";"0";"0";"RECONDUIT";"Lignes source 2026 avec cet OI : 4 ; identifiants 2027 : 0"
"OI_NON_DOCUMENTE_2026";"F7";"AUTO";"Formation";"Formation MEA 1.1";"2";"0";"-2";"0";"0";"RECONDUIT";"Lignes source 2026 avec cet OI : 2 ; identifiants 2027 : 0"
"OI_NON_DOCUMENTE_2026";"F7";"AUTO";"Formation";"Formation MEA 1.2";"9";"0";"-9";"0";"0";"RECONDUIT";"Lignes source 2026 avec cet OI : 9 ; identifiants 2027 : 0"
"OI_NON_DOCUMENTE_2026";"F7";"AUTO";"Formation";"Formation MEA 2.0";"4";"0";"-4";"0";"0";"RECONDUIT";"Lignes source 2026 avec cet OI : 4 ; identifiants 2027 : 0"
"OI_NON_DOCUMENTE_2026";"F7";"AUTO";"Formation";"Formation MEA 2.1";"2";"0";"-2";"0";"0";"RECONDUIT";"Lignes source 2026 avec cet OI : 2 ; identifiants 2027 : 0"
"OI_NON_DOCUMENTE_2026";"F7";"AUTO";"Formation";"Formation MEA 2.2";"9";"0";"-9";"0";"0";"RECONDUIT";"Lignes source 2026 avec cet OI : 9 ; identifiants 2027 : 0"
"OI_NON_DOCUMENTE_2026";"F5/6";"";"Formation";"Formation personnel CFF";"7";"0";"-7";"0";"0";"HUMAN_REVIEW";"Lignes source 2026 avec cet OI : 7 ; identifiants 2027 : 0"
"OI_NON_DOCUMENTE_2026";"F7";"AUTO";"Formation";"Formation pilote BAT 1";"3";"0";"-3";"0";"0";"RECONDUIT";"Lignes source 2026 avec cet OI : 3 ; identifiants 2027 : 0"
"OI_NON_DOCUMENTE_2026";"F7";"AUTO";"Formation";"Formation pilote BAT 1 | Réserve";"3";"0";"-3";"0";"0";"RECONDUIT";"Lignes source 2026 avec cet OI : 3 ; identifiants 2027 : 0"
"OI_NON_DOCUMENTE_2026";"F7";"AUTO";"Formation";"Formation pilote BAT 2";"3";"0";"-3";"0";"0";"RECONDUIT";"Lignes source 2026 avec cet OI : 3 ; identifiants 2027 : 0"
"OI_NON_DOCUMENTE_2026";"F7";"AUTO";"Formation";"Formation pilote BAT 2 | Réserve";"3";"0";"-3";"0";"0";"RECONDUIT";"Lignes source 2026 avec cet OI : 3 ; identifiants 2027 : 0"
"OI_NON_DOCUMENTE_2026";"F7";"AUTO";"Formation";"Formation véhicule d'urgence | module BASE";"1";"0";"-1";"0";"0";"RECONDUIT";"Lignes source 2026 avec cet OI : 1 ; identifiants 2027 : 0"
"OI_NON_DOCUMENTE_2026";"F7";"AUTO";"Formation";"Formation véhicule d'urgence | module CONSOLIDATION";"1";"0";"-1";"0";"0";"RECONDUIT";"Lignes source 2026 avec cet OI : 1 ; identifiants 2027 : 0"
"OI_NON_DOCUMENTE_2026";"F7";"AUTO";"Formation";"Formation véhicule d'urgence | module REFRESH";"2";"0";"-2";"0";"0";"RECONDUIT";"Lignes source 2026 avec cet OI : 2 ; identifiants 2027 : 0"
"OI_NON_DOCUMENTE_2026";"F1/8";"JSP";"";"Grillades des JSP Nord vaudois";"1";"0";"-1";"0";"0";"RECONDUIT";"Lignes source 2026 avec cet OI : 1 ; identifiants 2027 : 0"
"OI_NON_DOCUMENTE_2026";"F7";"JSP";"";"Groupe de travail JSP";"6";"0";"-6";"0";"0";"RECONDUIT";"Lignes source 2026 avec cet OI : 6 ; identifiants 2027 : 0"
"OI_NON_DOCUMENTE_2026";"F7";"FOSPEC";"";"Journée des Commandants ABC";"1";"0";"-1";"0";"0";"RECONDUIT";"Lignes source 2026 avec cet OI : 1 ; identifiants 2027 : 0"
"OI_NON_DOCUMENTE_2026";"F7";"PR";"";"Piste entraînement PAPR 1";"1";"0";"-1";"0";"0";"RECONDUIT";"Lignes source 2026 avec cet OI : 1 ; identifiants 2027 : 0"
"OI_NON_DOCUMENTE_2026";"F7";"PR";"";"Piste entraînement PAPR 2";"1";"0";"-1";"0";"0";"RECONDUIT";"Lignes source 2026 avec cet OI : 1 ; identifiants 2027 : 0"
"OI_NON_DOCUMENTE_2026";"F7";"PR";"";"Piste entraînement PAPR 3";"1";"0";"-1";"0";"0";"RECONDUIT";"Lignes source 2026 avec cet OI : 1 ; identifiants 2027 : 0"
"OI_NON_DOCUMENTE_2026";"F7";"PR";"";"Piste entraînement PAPR 4";"1";"0";"-1";"0";"0";"RECONDUIT";"Lignes source 2026 avec cet OI : 1 ; identifiants 2027 : 0"
"OI_NON_DOCUMENTE_2026";"F2/3";"FVSP";"";"Préparation concours de la FVSP";"7";"0";"-7";"0";"0";"RECONDUIT";"Lignes source 2026 avec cet OI : 7 ; identifiants 2027 : 0"
"OI_NON_DOCUMENTE_2026";"F2/3";"FVSP";"";"Préparation concours de la FVSP | Repas";"1";"0";"-1";"0";"0";"RECONDUIT";"Lignes source 2026 avec cet OI : 1 ; identifiants 2027 : 0"
"OI_NON_DOCUMENTE_2026";"F7";"JSP";"";"Préparation Revue Quinquennale | École de section";"1";"0";"-1";"0";"0";"HUMAN_REVIEW";"Lignes source 2026 avec cet OI : 1 ; identifiants 2027 : 0"
"OI_NON_DOCUMENTE_2026";"F7";"JSP";"Séance";"Séance cadres JSP | Bilan '26";"1";"0";"-1";"0";"0";"RECONDUIT";"Lignes source 2026 avec cet OI : 1 ; identifiants 2027 : 0"
"OI_NON_DOCUMENTE_2026";"F0";"SDIS";"Séance";"Séance Codir";"7";"0";"-7";"0";"0";"RECONDUIT";"Lignes source 2026 avec cet OI : 7 ; identifiants 2027 : 0"
"OI_NON_DOCUMENTE_2026";"F0";"SDIS";"Séance";"Séance Codir + repas";"2";"0";"-2";"0";"0";"RECONDUIT";"Lignes source 2026 avec cet OI : 2 ; identifiants 2027 : 0"
"OI_NON_DOCUMENTE_2026";"F0";"SDIS";"Séance";"Séance COSEC | Budget";"1";"0";"-1";"0";"0";"RECONDUIT";"Lignes source 2026 avec cet OI : 1 ; identifiants 2027 : 0"
"OI_NON_DOCUMENTE_2026";"F0";"SDIS";"Séance";"Séance COSEC | Compte";"1";"0";"-1";"0";"0";"RECONDUIT";"Lignes source 2026 avec cet OI : 1 ; identifiants 2027 : 0"
"OI_NON_DOCUMENTE_2026";"F0";"SDIS";"Séance";"Séance COSEC | Etat situationnel, projets et études";"2";"0";"-2";"0";"0";"RECONDUIT";"Lignes source 2026 avec cet OI : 2 ; identifiants 2027 : 0"
"OI_NON_DOCUMENTE_2026";"F0";"SDIS";"Séance";"Séance COSEC | Infrastructures";"1";"0";"-1";"0";"0";"RECONDUIT";"Lignes source 2026 avec cet OI : 1 ; identifiants 2027 : 0"
"OI_NON_DOCUMENTE_2026";"F0";"SDIS";"Séance";"Séance CRDIS";"2";"0";"-2";"0";"0";"RECONDUIT";"Lignes source 2026 avec cet OI : 2 ; identifiants 2027 : 0"
"OI_NON_DOCUMENTE_2026";"F1/8";"JSP";"Séance";"Séance d'information JSP '26";"1";"0";"-1";"0";"0";"RECONDUIT";"Lignes source 2026 avec cet OI : 1 ; identifiants 2027 : 0"
"OI_NON_DOCUMENTE_2026";"F7";"JSP";"Séance";"Séance Direction JSP";"9";"0";"-9";"0";"0";"RECONDUIT";"Lignes source 2026 avec cet OI : 9 ; identifiants 2027 : 0"
"OI_NON_DOCUMENTE_2026";"F0";"SDIS";"Séance";"Séance EM";"8";"0";"-8";"0";"0";"RECONDUIT";"Lignes source 2026 avec cet OI : 8 ; identifiants 2027 : 0"
"OI_NON_DOCUMENTE_2026";"F0";"SDIS";"Séance";"Séance EM | Cadres et spécialistes";"1";"0";"-1";"0";"0";"RECONDUIT";"Lignes source 2026 avec cet OI : 1 ; identifiants 2027 : 0"
"OI_NON_DOCUMENTE_2026";"F7";"JSP";"Séance";"Séance instruction JSP";"1";"0";"-1";"0";"0";"RECONDUIT";"Lignes source 2026 avec cet OI : 1 ; identifiants 2027 : 0"
"OI_NON_DOCUMENTE_2026";"F7";"JSP";"Séance";"Séance interne cadres JSP";"3";"0";"-3";"0";"0";"RECONDUIT";"Lignes source 2026 avec cet OI : 3 ; identifiants 2027 : 0"
"OI_NON_DOCUMENTE_2026";"F0";"SDIS";"Séance";"Séance interSDIS";"1";"0";"-1";"0";"0";"RECONDUIT";"Lignes source 2026 avec cet OI : 1 ; identifiants 2027 : 0"
"OI_NON_DOCUMENTE_2026";"F4";"PR";"Séance";"Séance préposés APR";"3";"0";"-3";"0";"0";"RECONDUIT";"Lignes source 2026 avec cet OI : 3 ; identifiants 2027 : 0"
"OI_NON_DOCUMENTE_2026";"F7";"JSP";"";"Soirée des présidents JSP";"1";"0";"-1";"0";"0";"RECONDUIT";"Lignes source 2026 avec cet OI : 1 ; identifiants 2027 : 0"
"OI_NON_DOCUMENTE_2026";"F7";"PR";"";"Sortie des formateurs PR";"1";"0";"-1";"0";"0";"RECONDUIT";"Lignes source 2026 avec cet OI : 1 ; identifiants 2027 : 0"
"OI_NON_DOCUMENTE_2026";"F1/8";"";"";"Table ouverte avec le Commandant";"2";"0";"-2";"0";"0";"RECONDUIT";"Lignes source 2026 avec cet OI : 2 ; identifiants 2027 : 0"
"OI_NON_DOCUMENTE_2026";"F7";"FOBA";"";"Test annuel FOBA";"1";"0";"-1";"0";"0";"RECONDUIT";"Lignes source 2026 avec cet OI : 1 ; identifiants 2027 : 0"
"OI_NON_DOCUMENTE_2026";"F7";"AUTO";"";"Test de sélection cond PL N'26";"1";"0";"-1";"0";"0";"RECONDUIT";"Lignes source 2026 avec cet OI : 1 ; identifiants 2027 : 0"
"OI_NON_DOCUMENTE_2026";"F7";"FOCA";"";"Test de sélection échelons I, II N'26";"1";"0";"-1";"0";"0";"HUMAN_REVIEW";"Lignes source 2026 avec cet OI : 1 ; identifiants 2027 : 0"
"OI_NON_DOCUMENTE_2026";"F7";"PR";"";"Test de sélection PAPR N'27 | Phase I";"1";"0";"-1";"0";"0";"RECONDUIT";"Lignes source 2026 avec cet OI : 1 ; identifiants 2027 : 0"
"OI_NON_DOCUMENTE_2026";"F7";"PR";"";"Test de sélection PAPR N'27 | Phase II";"1";"0";"-1";"0";"0";"RECONDUIT";"Lignes source 2026 avec cet OI : 1 ; identifiants 2027 : 0"
"OI_NON_DOCUMENTE_2026";"F7";"JSP";"";"Test flammes 1";"1";"0";"-1";"0";"0";"RECONDUIT";"Lignes source 2026 avec cet OI : 1 ; identifiants 2027 : 0"
"OI_NON_DOCUMENTE_2026";"F7";"JSP";"";"Test flammes 2";"1";"0";"-1";"0";"0";"RECONDUIT";"Lignes source 2026 avec cet OI : 1 ; identifiants 2027 : 0"
"OI_NON_DOCUMENTE_2026";"F0";"SDIS";"";"Visite du Conseil d'État";"1";"0";"-1";"0";"0";"HUMAN_REVIEW";"Lignes source 2026 avec cet OI : 1 ; identifiants 2027 : 0"
"OI_NON_DOCUMENTE_2027";"F7";"AUTO";"Exercice";"Cours de cadres exercice CAR";"";"1";"";"1";"1";"RECONDUIT";"1 ligne(s) 2026 de même titre, dont OI non coché ; écart par OI indéterminable"
"OI_NON_DOCUMENTE_2027";"FOBA";"FOBA";"Formation";"Cours de cadres FOBA";"0";"1";"1";"1";"1";"NOUVEAU_2027";"Aucun titre identique dans les lignes datées 2026 ; examiner la règle source 2027"
"OI_NON_DOCUMENTE_2027";"F7";"AUTO";"Formation";"Cours de cadres Formateurs cursus MEA";"0";"1";"1";"1";"1";"NOUVEAU_2027";"Aucun titre identique dans les lignes datées 2026 ; examiner la règle source 2027"
"OI_NON_DOCUMENTE_2027";"F7";"AUTO";"Formation";"Cours de cadres Formateurs MEA 1";"0";"1";"1";"1";"1";"NOUVEAU_2027";"Aucun titre identique dans les lignes datées 2026 ; examiner la règle source 2027"
"OI_NON_DOCUMENTE_2027";"F7";"AUTO";"Formation";"Cours de cadres Formateurs MEA 2";"";"1";"";"1";"1";"RECONDUIT";"1 ligne(s) 2026 de même titre, dont OI non coché ; écart par OI indéterminable"
"OI_NON_DOCUMENTE_2027";"F7";"AUTO";"Formation";"Cours de cadres formation annuelle Grutiers";"0";"1";"1";"1";"1";"NOUVEAU_2027";"Aucun titre identique dans les lignes datées 2026 ; examiner la règle source 2027"
"OI_NON_DOCUMENTE_2027";"F7";"AUTO";"Formation";"Cours de cadres formation pilote BAT 1";"";"1";"";"1";"1";"RECONDUIT";"1 ligne(s) 2026 de même titre, dont OI non coché ; écart par OI indéterminable"
"OI_NON_DOCUMENTE_2027";"F7";"AUTO";"Formation";"Cours de cadres formation pilote BAT 2";"";"1";"";"1";"1";"RECONDUIT";"1 ligne(s) 2026 de même titre, dont OI non coché ; écart par OI indéterminable"
"OI_NON_DOCUMENTE_2027";"PR";"PR";"Formation";"Cours de cadres PR";"0";"1";"1";"1";"1";"NOUVEAU_2027";"Aucun titre identique dans les lignes datées 2026 ; examiner la règle source 2027"
"OI_NON_DOCUMENTE_2027";"F7";"AUTO";"Formation";"Cursus cond VL - module 1.0";"0";"1";"1";"1";"1";"NOUVEAU_2027";"Aucun titre identique dans les lignes datées 2026 ; examiner la règle source 2027"
"OI_NON_DOCUMENTE_2027";"F7";"AUTO";"Formation";"Cursus MEA - module 1.0";"0";"1";"1";"1";"1";"NOUVEAU_2027";"Aucun titre identique dans les lignes datées 2026 ; examiner la règle source 2027"
"OI_NON_DOCUMENTE_2027";"PR";"PR";"Formation";"Cursus PAPR - module 1";"0";"1";"1";"1";"1";"NOUVEAU_2027";"Aucun titre identique dans les lignes datées 2026 ; examiner la règle source 2027"
"OI_NON_DOCUMENTE_2027";"F7";"AUTO";"Exercice";"Exercice CAR 1.1";"";"1";"";"1";"1";"RECONDUIT";"1 ligne(s) 2026 de même titre, dont OI non coché ; écart par OI indéterminable"
"OI_NON_DOCUMENTE_2027";"F7";"AUTO";"Exercice";"Exercice CAR 1.2";"";"1";"";"1";"1";"RECONDUIT";"1 ligne(s) 2026 de même titre, dont OI non coché ; écart par OI indéterminable"
"OI_NON_DOCUMENTE_2027";"F7";"AUTO";"Exercice";"Exercice CAR 1.3";"";"1";"";"1";"1";"RECONDUIT";"1 ligne(s) 2026 de même titre, dont OI non coché ; écart par OI indéterminable"
"OI_NON_DOCUMENTE_2027";"F7";"AUTO";"Exercice";"Exercice CAR 1.4";"";"1";"";"1";"1";"RECONDUIT";"1 ligne(s) 2026 de même titre, dont OI non coché ; écart par OI indéterminable"
"OI_NON_DOCUMENTE_2027";"F7";"AUTO";"Exercice";"Exercice CAR 1.5";"";"1";"";"1";"1";"RECONDUIT";"1 ligne(s) 2026 de même titre, dont OI non coché ; écart par OI indéterminable"
"OI_NON_DOCUMENTE_2027";"F7";"FOBA";"Exercice";"Exercice FOBA";"0";"3";"3";"3";"3";"HUMAN_REVIEW";"Aucun titre identique dans les lignes datées 2026 ; examiner la règle source 2027"
"OI_NON_DOCUMENTE_2027";"F7";"FOBA";"Exercice";"Exercice FOBA 1";"0";"1";"1";"1";"1";"HUMAN_REVIEW";"Aucun titre identique dans les lignes datées 2026 ; examiner la règle source 2027"
"OI_NON_DOCUMENTE_2027";"F7";"FOBA";"Exercice";"Exercice FOBA 10";"0";"1";"1";"1";"1";"HUMAN_REVIEW";"Aucun titre identique dans les lignes datées 2026 ; examiner la règle source 2027"
"OI_NON_DOCUMENTE_2027";"F7";"FOBA";"Exercice";"Exercice FOBA 2";"";"1";"";"1";"1";"RECONDUIT";"1 ligne(s) 2026 de même titre, dont OI non coché ; écart par OI indéterminable"
"OI_NON_DOCUMENTE_2027";"F7";"FOBA";"Exercice";"Exercice FOBA 3";"";"1";"";"1";"1";"RECONDUIT";"1 ligne(s) 2026 de même titre, dont OI non coché ; écart par OI indéterminable"
"OI_NON_DOCUMENTE_2027";"F7";"FOBA";"Exercice";"Exercice FOBA 4";"";"1";"";"1";"1";"RECONDUIT";"1 ligne(s) 2026 de même titre, dont OI non coché ; écart par OI indéterminable"
"OI_NON_DOCUMENTE_2027";"F7";"FOBA";"Exercice";"Exercice FOBA 5";"";"1";"";"1";"1";"RECONDUIT";"1 ligne(s) 2026 de même titre, dont OI non coché ; écart par OI indéterminable"
"OI_NON_DOCUMENTE_2027";"F7";"FOBA";"Exercice";"Exercice FOBA 6";"";"1";"";"1";"1";"RECONDUIT";"1 ligne(s) 2026 de même titre, dont OI non coché ; écart par OI indéterminable"
"OI_NON_DOCUMENTE_2027";"F7";"FOBA";"Exercice";"Exercice FOBA 7";"";"1";"";"1";"1";"RECONDUIT";"1 ligne(s) 2026 de même titre, dont OI non coché ; écart par OI indéterminable"
"OI_NON_DOCUMENTE_2027";"F7";"FOBA";"Exercice";"Exercice FOBA 8";"";"1";"";"1";"1";"RECONDUIT";"1 ligne(s) 2026 de même titre, dont OI non coché ; écart par OI indéterminable"
"OI_NON_DOCUMENTE_2027";"F7";"FOBA";"Exercice";"Exercice FOBA 9";"";"1";"";"1";"1";"RECONDUIT";"1 ligne(s) 2026 de même titre, dont OI non coché ; écart par OI indéterminable"
"OI_NON_DOCUMENTE_2027";"F7";"PR";"Exercice";"Exercice PR 1.1";"0";"6";"6";"6";"6";"HUMAN_REVIEW";"Aucun titre identique dans les lignes datées 2026 ; examiner la règle source 2027"
"OI_NON_DOCUMENTE_2027";"F7";"PR";"Exercice";"Exercice PR 2.1";"0";"1";"1";"1";"1";"HUMAN_REVIEW";"Aucun titre identique dans les lignes datées 2026 ; examiner la règle source 2027"
"OI_NON_DOCUMENTE_2027";"F7";"PR";"Exercice";"Exercice PR 2.2";"0";"1";"1";"1";"1";"HUMAN_REVIEW";"Aucun titre identique dans les lignes datées 2026 ; examiner la règle source 2027"
"OI_NON_DOCUMENTE_2027";"F7";"PR";"Exercice";"Exercice PR 2.3";"0";"1";"1";"1";"1";"HUMAN_REVIEW";"Aucun titre identique dans les lignes datées 2026 ; examiner la règle source 2027"
"OI_NON_DOCUMENTE_2027";"F7";"PR";"Exercice";"Exercice PR 2.4";"0";"1";"1";"1";"1";"HUMAN_REVIEW";"Aucun titre identique dans les lignes datées 2026 ; examiner la règle source 2027"
"OI_NON_DOCUMENTE_2027";"F7";"PR";"Exercice";"Exercice PR 2.5";"0";"1";"1";"1";"1";"HUMAN_REVIEW";"Aucun titre identique dans les lignes datées 2026 ; examiner la règle source 2027"
"OI_NON_DOCUMENTE_2027";"F7";"PR";"Exercice";"Exercice PR 2.6";"0";"1";"1";"1";"1";"HUMAN_REVIEW";"Aucun titre identique dans les lignes datées 2026 ; examiner la règle source 2027"
"OI_NON_DOCUMENTE_2027";"F7";"PR";"Exercice";"Exercice PR 3.1";"0";"1";"1";"1";"1";"HUMAN_REVIEW";"Aucun titre identique dans les lignes datées 2026 ; examiner la règle source 2027"
"OI_NON_DOCUMENTE_2027";"F7";"PR";"Exercice";"Exercice PR 3.2";"0";"1";"1";"1";"1";"HUMAN_REVIEW";"Aucun titre identique dans les lignes datées 2026 ; examiner la règle source 2027"
"OI_NON_DOCUMENTE_2027";"F7";"PR";"Exercice";"Exercice PR 3.3";"0";"1";"1";"1";"1";"HUMAN_REVIEW";"Aucun titre identique dans les lignes datées 2026 ; examiner la règle source 2027"
"OI_NON_DOCUMENTE_2027";"F7";"PR";"Exercice";"Exercice PR 3.4";"0";"1";"1";"1";"1";"HUMAN_REVIEW";"Aucun titre identique dans les lignes datées 2026 ; examiner la règle source 2027"
"OI_NON_DOCUMENTE_2027";"F7";"PR";"Exercice";"Exercice PR 3.5";"0";"1";"1";"1";"1";"HUMAN_REVIEW";"Aucun titre identique dans les lignes datées 2026 ; examiner la règle source 2027"
"OI_NON_DOCUMENTE_2027";"F7";"PR";"Exercice";"Exercice PR 3.6";"0";"1";"1";"1";"1";"HUMAN_REVIEW";"Aucun titre identique dans les lignes datées 2026 ; examiner la règle source 2027"
"OI_NON_DOCUMENTE_2027";"F7";"PR";"Exercice";"Exercice PR 4.1";"0";"1";"1";"1";"1";"HUMAN_REVIEW";"Aucun titre identique dans les lignes datées 2026 ; examiner la règle source 2027"
"OI_NON_DOCUMENTE_2027";"F7";"PR";"Exercice";"Exercice PR 4.2";"0";"1";"1";"1";"1";"HUMAN_REVIEW";"Aucun titre identique dans les lignes datées 2026 ; examiner la règle source 2027"
"OI_NON_DOCUMENTE_2027";"F7";"PR";"Exercice";"Exercice PR 4.3";"0";"1";"1";"1";"1";"HUMAN_REVIEW";"Aucun titre identique dans les lignes datées 2026 ; examiner la règle source 2027"
"OI_NON_DOCUMENTE_2027";"F7";"PR";"Exercice";"Exercice PR 4.4";"0";"1";"1";"1";"1";"HUMAN_REVIEW";"Aucun titre identique dans les lignes datées 2026 ; examiner la règle source 2027"
"OI_NON_DOCUMENTE_2027";"F7";"PR";"Exercice";"Exercice PR 4.5";"0";"1";"1";"1";"1";"HUMAN_REVIEW";"Aucun titre identique dans les lignes datées 2026 ; examiner la règle source 2027"
"OI_NON_DOCUMENTE_2027";"F7";"PR";"Exercice";"Exercice PR 4.6";"0";"1";"1";"1";"1";"HUMAN_REVIEW";"Aucun titre identique dans les lignes datées 2026 ; examiner la règle source 2027"
"OI_NON_DOCUMENTE_2027";"F7";"AUTO";"Exercice";"Exercice TRUCK 1.4";"";"1";"";"1";"1";"RECONDUIT";"1 ligne(s) 2026 de même titre, dont OI non coché ; écart par OI indéterminable"
"OI_NON_DOCUMENTE_2027";"F7";"PR";"Formation";"Formation engagement pratique PR";"";"2";"";"2";"2";"RECONDUIT";"2 ligne(s) 2026 de même titre, dont OI non coché ; écart par OI indéterminable"
"OI_NON_DOCUMENTE_2027";"F7";"AUTO";"Formation";"Formation grutier 1.0";"";"2";"";"2";"2";"RECONDUIT";"2 ligne(s) 2026 de même titre, dont OI non coché ; écart par OI indéterminable"
"OI_NON_DOCUMENTE_2027";"F7";"AUTO";"Formation";"Formation grutier 1.2";"";"3";"";"3";"3";"RECONDUIT";"3 ligne(s) 2026 de même titre, dont OI non coché ; écart par OI indéterminable"
"OI_NON_DOCUMENTE_2027";"F7";"AUTO";"Formation";"Formation grutier 2.0";"";"2";"";"2";"2";"RECONDUIT";"2 ligne(s) 2026 de même titre, dont OI non coché ; écart par OI indéterminable"
"OI_NON_DOCUMENTE_2027";"F7";"AUTO";"Formation";"Formation grutier 2.2";"";"3";"";"3";"3";"RECONDUIT";"3 ligne(s) 2026 de même titre, dont OI non coché ; écart par OI indéterminable"
"OI_NON_DOCUMENTE_2027";"F7";"AUTO";"Formation";"Formation MEA 1.0";"";"4";"";"4";"4";"RECONDUIT";"4 ligne(s) 2026 de même titre, dont OI non coché ; écart par OI indéterminable"
"OI_NON_DOCUMENTE_2027";"F7";"AUTO";"Formation";"Formation MEA 1.1";"";"2";"";"2";"2";"RECONDUIT";"2 ligne(s) 2026 de même titre, dont OI non coché ; écart par OI indéterminable"
"OI_NON_DOCUMENTE_2027";"F7";"AUTO";"Formation";"Formation MEA 1.2";"";"9";"";"9";"9";"RECONDUIT";"9 ligne(s) 2026 de même titre, dont OI non coché ; écart par OI indéterminable"
"OI_NON_DOCUMENTE_2027";"F7";"AUTO";"Formation";"Formation MEA 2.0";"";"4";"";"4";"4";"RECONDUIT";"4 ligne(s) 2026 de même titre, dont OI non coché ; écart par OI indéterminable"
"OI_NON_DOCUMENTE_2027";"F7";"AUTO";"Formation";"Formation MEA 2.1";"";"2";"";"2";"2";"RECONDUIT";"2 ligne(s) 2026 de même titre, dont OI non coché ; écart par OI indéterminable"
"OI_NON_DOCUMENTE_2027";"F7";"AUTO";"Formation";"Formation MEA 2.2";"";"9";"";"9";"9";"RECONDUIT";"9 ligne(s) 2026 de même titre, dont OI non coché ; écart par OI indéterminable"
"OI_NON_DOCUMENTE_2027";"F7";"AUTO";"Formation";"Formation pilote BAT 1";"";"6";"";"6";"6";"RECONDUIT|HUMAN_REVIEW";"3 ligne(s) 2026 de même titre, dont OI non coché ; écart par OI indéterminable"
"OI_NON_DOCUMENTE_2027";"F7";"AUTO";"Formation";"Formation pilote BAT 2";"";"6";"";"6";"6";"RECONDUIT|HUMAN_REVIEW";"3 ligne(s) 2026 de même titre, dont OI non coché ; écart par OI indéterminable"
"OI_NON_DOCUMENTE_2027";"F7";"AUTO";"Formation";"Formation véhicule d'urgence";"0";"4";"4";"4";"4";"HUMAN_REVIEW";"Aucun titre identique dans les lignes datées 2026 ; examiner la règle source 2027"
"OI_NON_DOCUMENTE_2027";"F7";"FOCA";"Événement";"Groupe de travail FOCA";"0";"6";"6";"6";"6";"HUMAN_REVIEW";"Aucun titre identique dans les lignes datées 2026 ; examiner la règle source 2027"
"OI_NON_DOCUMENTE_2027";"F7";"FOSPEC";"Événement";"Journée des Commandants ABC";"";"1";"";"1";"1";"RECONDUIT";"1 ligne(s) 2026 de même titre, dont OI non coché ; écart par OI indéterminable"
"OI_NON_DOCUMENTE_2027";"F7";"PR";"Événement";"Piste entraînement PAPR 1";"";"1";"";"1";"1";"RECONDUIT";"1 ligne(s) 2026 de même titre, dont OI non coché ; écart par OI indéterminable"
"OI_NON_DOCUMENTE_2027";"F7";"PR";"Événement";"Piste entraînement PAPR 2";"";"1";"";"1";"1";"RECONDUIT";"1 ligne(s) 2026 de même titre, dont OI non coché ; écart par OI indéterminable"
"OI_NON_DOCUMENTE_2027";"F7";"PR";"Événement";"Piste entraînement PAPR 3";"";"1";"";"1";"1";"RECONDUIT";"1 ligne(s) 2026 de même titre, dont OI non coché ; écart par OI indéterminable"
"OI_NON_DOCUMENTE_2027";"F7";"PR";"Événement";"Piste entraînement PAPR 4";"";"1";"";"1";"1";"RECONDUIT";"1 ligne(s) 2026 de même titre, dont OI non coché ; écart par OI indéterminable"
"OI_NON_DOCUMENTE_2027";"F4";"PR";"Événement";"Séance préposés APR";"";"3";"";"3";"3";"RECONDUIT";"3 ligne(s) 2026 de même titre, dont OI non coché ; écart par OI indéterminable"
"OI_NON_DOCUMENTE_2027";"F7";"PR";"Événement";"Sortie des formateurs PR";"";"1";"";"1";"1";"RECONDUIT";"1 ligne(s) 2026 de même titre, dont OI non coché ; écart par OI indéterminable"
"OI_NON_DOCUMENTE_2027";"F7";"FOBA";"Formation";"Test annuel FOBA";"";"1";"";"1";"1";"RECONDUIT";"1 ligne(s) 2026 de même titre, dont OI non coché ; écart par OI indéterminable"
"OI_NON_DOCUMENTE_2027";"F7";"AUTO";"Formation";"Test de sélection cond PL N'26";"";"1";"";"1";"1";"RECONDUIT";"1 ligne(s) 2026 de même titre, dont OI non coché ; écart par OI indéterminable"
"OI_NON_DOCUMENTE_2027";"F7";"PR";"Formation";"Test de sélection PAPR N'27";"0";"2";"2";"2";"2";"HUMAN_REVIEW";"Aucun titre identique dans les lignes datées 2026 ; examiner la règle source 2027"
"SDIS";"F0";"";"";"Assemblée CI";"";"2";"";"2";"2";"RECONDUIT";"2 ligne(s) 2026 de même titre, dont OI non coché ; écart par OI indéterminable"
"SDIS";"F0";"";"";"Conférence des Commandants";"";"1";"";"1";"1";"RECONDUIT";"1 ligne(s) 2026 de même titre, dont OI non coché ; écart par OI indéterminable"
"SDIS";"F0";"";"Séance";"Séance Codir";"";"8";"";"8";"8";"HUMAN_REVIEW|RECONDUIT";"7 ligne(s) 2026 de même titre, dont OI non coché ; écart par OI indéterminable"
"SDIS";"F0";"";"Séance";"Séance Codir + repas";"";"2";"";"2";"2";"RECONDUIT";"2 ligne(s) 2026 de même titre, dont OI non coché ; écart par OI indéterminable"
"SDIS";"F0";"";"Séance";"Séance COSEC";"0";"5";"5";"5";"5";"HUMAN_REVIEW";"Aucun titre identique dans les lignes datées 2026 ; examiner la règle source 2027"
"SDIS";"F0";"";"Séance";"Séance CRDIS";"";"2";"";"2";"2";"RECONDUIT";"2 ligne(s) 2026 de même titre, dont OI non coché ; écart par OI indéterminable"
"SDIS";"F0";"";"Séance";"Séance État-major";"0";"11";"11";"11";"11";"NOUVEAU_2027|HUMAN_REVIEW";"Aucun titre identique dans les lignes datées 2026 ; examiner la règle source 2027"
"SDIS";"F0";"";"Séance";"Séance interSDIS";"";"1";"";"1";"1";"RECONDUIT";"1 ligne(s) 2026 de même titre, dont OI non coché ; écart par OI indéterminable"
"SDIS";"F0";"";"";"Table ouverte avec le Commandant";"";"2";"";"2";"2";"RECONDUIT";"2 ligne(s) 2026 de même titre, dont OI non coché ; écart par OI indéterminable"
